brand,model,price_min,price_max,storage_options,ram_options,network,category,in_stock,spec_text
Apple,Apple iPhone 13,40409.0,49000.0,[128.0],[4.0],['5G'],Smart Phones,True,"Processor: Faster Performance, Efficient Power Usage; Powered by Apple A15 Bionic (5 nm) Hexa-core for fast performance, smooth multitasking, and efficient battery usage; Charge Fast and Stay Connected; 3240mAh with 20W fast charge, reaching up to 50% in 30 minutes; Faster  Connectivity; Wi-Fi, GPS, Bluetooth 5.0, Face ID | Video: 4K@24/25/30/60fps, 1080p@30/60/120fps, gyro-EIS"
Apple,Apple iPhone 14,58200.0,58200.0,[128.0],[6.0],['5G'],Smart Phones,True,"Brand: Apple | Model Name: iPhone 14 | Display: 6.1 inches (1170x2532 pixels); Super Retina XDR OLED; 800 nits (HBM), 1200 nits (peak) | Processor: Apple A15 Bionic (5 nm); CPU Hexa-core; GPU Apple GPU (5-core graphics) | Front Camera: 12 MP, f/1.9, 23mm (wide), 1/3.6"", 1.0µm, PDAF; SL 3D (depth/biometrics sensor); HDR; Video 4K@24/25/30/60fps, 1080p@25/30/60/120fps, gyro-EIS | Battery Capacity: 3279 mAh, Wired, PD2.0, 50% in 30 minutes, 15W wireless (MagSafe) | Connectivity: WIFI; Bluetooth 5.3; GPS; Lightning, USB 2.0 | Other Features: • Face ID; • IP68 dust-tight and water resistant | Number of SIM cards: 1 | Main Camera: 12 MP, f/1.5, 26mm (wide), 1/1.7"", 1.9µm, dual pixel PDAF, sensor-shift OIS; 12 MP, f/2.4, 13mm, 120˚ (ultrawide); Dual-LED dual-tone flash, HDR (photo/panorama); Video 4K@24/25/30/60fps, 1080p@25/30/60/120/240fps, HDR, Dolby Vision HDR (up to 60fps), stereo sound rec."
Apple,Apple iPhone 15,40600.0,114974.0,[128.0],[6.0],['5G'],Smart Phones,True,"Brand: Apple | Model: MHJE3ZM-A | Built for Heavy Use: Durable color-infused glass and aluminum design with Ceramic Shield front and splash, water, and dust resistance for reliable everyday performance; Dynamic Island acts as your daily companion, delivering real-time alerts and activities | Display for Outdoor Use: 6.1 Inch, Super Retina XDR OLED with HDR10 and Dolby Vision, delivering up to 1000 nits (HBM) and 2000 nits (peak)  brightness with a resolution of 1179 x 2556; Up to 2× brighter in direct sunlight | Advanced Camera for Perfect Portraits: With a dual camera, capture detailed, vibrant portraits with rich color, adjust focus after capture, and zoom in with 2× optical-quality; 48 MP, f/1.6, 26mm (wide), 1.0µm, dual pixel PDAF, sensor-shift OIS; 12 MP, f/2.4, 13mm, 120 (ultrawide); Features Dual-LED dual-tone flash, HDR (photo/panorama); Video 4K@24/25/30/60fps, 1080p@25/30/60/120/240fps, HDR; Dolby Vision HDR (up to 60fps), Cinematic mode (4K@30fps), stereo sound rec. | Front Camera for Stunning Selfies: 12 MP, f/1.9, 23mm (wide), 1/3.6"", PDAF; SL 3D, (depth/biometrics sensor); Features HDR, Cinematic mode (4K@30fps); Video 4K@24/25/30/60fps, 1080p@25/30/60/120fps, gyro-EIS | ULTRA-FAST CHIP: Powered by the Apple A16 Bionic (4 nm), Hexa Core, delivering superfast, efficient performance with advanced features like computational photography and Voice Isolation; Battery for Fast Charging; Wired charging up to 50% in 30 min (advertised), plus 15W MagSafe and 7.5W wireless (Qi) charging; Connectivity; Wi-Fi 802.11 a/b/g/n/ac/6, dual-band, hotspot; Bluetooth 5.3, A2DP, LE; Positioning GPS, GLONASS, GALILEO, BDS, QZSS; USB-C 2.0, DisplayPort; Apple USB-C Power Adapter, 20 Watt, White - MHJE3ZM-A | Type: Power Adapter | Color: White | Maximum Output Power: 20 Watts | Number of Ports: 1 USB Type-C port | Compatible with: Apple devices"
Apple,Apple iPhone 15 Plus,63000.0,132219.0,[128.0],[6.0],['5G'],Smart Phones,True,"Faster Connectivity: Wi-Fi 802.11 a/b/g/n/ac/6, dual-band, hotspot; Bluetooth 5.3, A2DP, LE; Positioning GPS, GLONASS, GALILEO, BDS, QZSS; USB-C 2.0, DisplayPort"
Apple,Apple iPhone 15 Pro Max,57099.0,67199.0,"[256.0, 512.0]","[6.0, 8.0]",['5G'],Re-furbished Mobiles,True,"Brand: Apple | Display: 6.7 inches, LTPO Super Retina XDR OLED, 120Hz, HDR10, Dolby Vision, 1290 x 2796 pixels | Processor: Apple A17 Pro (3 nm), Hexa-core (2x3.78 GHz + 4x2.11 GHz) | Front Camera: Single: 12 MP, f/1.9, 23mm (wide), 1/3.6"", PDAF, OIS; SL 3D (depth/biometrics sensor); Features: HDR, Dolby Vision HDR; Video: 4K@24/25/30/60fps, 1080p@25/30/60/120fps, gyro-EIS | Connectivity: Wi-Fi,; Bluetooth 5.3; USB Type-C 3.2 Gen 2, DisplayPort; GPS | Other Features: Face ID, accelerometer, gyro, proximity, compass, barometer sensors; IP68 dust tight and water resistant (immersible up to 6m for 30 min) | Model: iPhone 15 Pro Max | Primary Camera: Triple camera:; 48 MP, f/1.8, 24mm (wide), 1/1.28"", 1.22µm, dual pixel PDAF, sensor-shift OIS; 12 MP, f/2.8, 120mm (periscope telephoto), 1/3.06"", 1.12µm, dual pixel PDAF, 3D sensor-shift OIS, 5x optical zoom; 12 MP, f/2.2, 13mm, 120˚ (ultrawide), 1/2.55"", 1.4µm, dual pixel PDAF; TOF 3D LiDAR scanner (depth); Features: Dual-LED dual-tone flash, HDR (photo/panorama); Video: 4K@24/25/30/60fps, 1080p@25/30/60/120/240fps, 10-bit HDR, Dolby Vision HDR (up to 60fps), ProRes, 3D (spatial) video, stereo sound recording | Sim Type: Single SIM and eSIM"
Apple,Apple iPhone 16,46400.0,118376.0,"[128.0, 256.0]","[6.0, 8.0]",['5G'],Re-furbished Mobiles,True,"Number of SIM Cards: Single SIM | Faster Connectivity: Wi-Fi 802.11 a/b/g/n/ac/6/7, dual-band, hotspot; Bluetooth 5.3, A2DP, LE; Positioning GPS, GLONASS, GALILEO, BDS, QZSS; USB Type-C 2.0, DisplayPort; Other Features; Stereo speakers; IP68 dust/water resistant (up to 6m for 30 min); Crash Detection for emergency assistance; Sensors; Face ID, accelerometer, gyro, proximity, compass, barometer; Ultra Wideband (UWB) support (gen2 chip); Emergency SOS, Messages and Find My via satellite | Next-Level Chip: Apple A18 (3 nm) for powerful performance, advanced gaming, and camera features; 6‑core CPU with 2 performance and 4 efficiency cores; 5‑core GPU; 16‑core Neural Engine | Full Control in a Pro-Level Camera: Dual camera system for perfect shots in no time, with easy access to essential tools like zoom and depth of field and, Photographic Styles for personalized photos; 48 MP, f/1.6, 26mm (wide), 1/1.56"", 1.0µm, dual pixel PDAF, sensor-shift OIS with 2x optical-quality zoom for closer shots without losing clarity; 12 MP, f/2.2, 13mm, 120˚ (ultrawide), 0.7µm, dual pixel PDAF so no detail goes unnoticed; Features Dual-LED dual-tone flash, HDR (photo/panorama); Video 4K@24/25/30/60fps, 1080p@25/30/60/120/240fps, HDR, Dolby Vision HDR (up to 60fps), stereo sound rec. | Look Your Best with the Selfie Camera: 12 MP, f/1.9, 23mm (wide), 1/3.6"", PDAF for sharp, detailed selfies; SL 3D, (depth/biometrics sensor); Features HDR, Dolby Vision HDR, 3D (spatial) audio, stereo sound rec.; Video 4K@24/25/30/60fps, 1080p@25/30/60/120fps, gyro-EIS | Battery for All-Day Power: 3561 mAh battery to charge fast with up to 50% in around 30 minutes via USB-C, or faster wireless charging with 25W MagSafe and 15W Qi2; Powered by the A18 chip, iPhone 16 delivers up to 22 hours of video playback, with support for 4.5W reverse wired"
Apple,Apple iPhone 16 Plus,69899.0,140572.0,"[128.0, 256.0]",[8.0],['5G'],Smart Phones,True,"Operating System: iOS 18; Other Features; Stereo speakers; IP68 dust/water resistant (up to 6m for 30 min); Crash Detection for emergency assistance; Sensors; Face ID, accelerometer, gyro, proximity, compass, barometer; Ultra Wideband (UWB) support (gen2 chip); Emergency SOS, Messages and Find My via satellite | Number of SIM Cards: Single SIM; Faster Connectivity; Wi-Fi 802.11 a/b/g/n/ac/6/7, dual-band, hotspot; Bluetooth 5.3, A2DP, LE; Positioning GPS, GLONASS, GALILEO, BDS, QZSS; USB Type-C 2.0, DisplayPort | Next-Level Chip: Apple A18 (3 nm) for powerful performance, advanced gaming, and camera features; 6‑core CPU with 2 performance and 4 efficiency cores; 5‑core GPU; 16‑core Neural Engine; Full Control in a Pro-Level Camera; Dual camera system for perfect shots in no time, with easy access to essential tools like zoom and depth of field and, Photographic Styles for personalized photos.; 48 MP, f/1.6, 26mm (wide), 1/1.56"", 1.0µm, dual pixel PDAF, sensor-shift OIS with 2x optical-quality zoom for closer shots without losing clarity.; 12 MP, f/2.2, 13mm, 120˚ (ultrawide), 0.7µm, dual pixel PDAF so no detail goes unnoticed; Features Dual-LED dual-tone flash, HDR (photo/panorama); Video 4K@24/25/30/60fps, 1080p@25/30/60/120/240fps; HDR, Dolby Vision HDR (up to 60fps), stereo sound rec. | Look Your Best with the Selfie Camera: 12 MP, f/1.9, 23mm (wide), 1/3.6"", PDAF for sharp, detailed selfies; SL 3D, (depth/biometrics sensor); Features HDR, Dolby Vision HDR, 3D (spatial) audio, stereo sound rec.; Video 4K@24/25/30/60fps, 1080p@25/30/60/120fps, gyro-EIS | Battery for All-Day Power: Charge fast with up to 50% in around 30 minutes via USB-C, or faster wireless charging with 25W MagSafe and 15W Qi2; Powered by the A18 chip, iPhone 16 Plus delivers up to 27 hours of video playback, up to 24 hours streamed, and up to 100 hours of audio playback."
Apple,Apple iPhone 16 Pro,68100.0,68100.0,[128.0],[8.0],['5G'],Re-furbished Mobiles,True,"Brand: Apple | Model Name: iPhone 16 Pro; Display; 6.3 inches, Super Retina XDR OLED; 2622 × 1206 pixels, 120Hz | Processor: Apple A18 Pro - 6 Cores | Rear Camera: 48MP Wide, 2MP (telephoto), and 48MP (ultrawide) | Front Camera: 12MP; Battery Capacity; Supports fast charging (20W wired); MagSafe wireless charging (15W) | Number of SIM Cards: Single SIM; Connectivity; WiFi, Bluetooth, USB Type-C 3.2 Gen 2, DisplayPort"
Apple,Apple iPhone 16 Pro Max,73999.0,130999.0,"[256.0, 512.0]",[8.0],['5G'],Re-furbished Mobiles,True,"Brand: Apple | Display: 6.9 Inch LTPO Super Retina XDR OLED, 120Hz (1320 × 2868); HDR10, Dolby Vision, 1000 nits (typ), 2000 nits (HBM) | Processor: Apple A18 Pro (3 nm)-Hexa-core | Rear Camera: 48 MP, f/1.8, 24mm (wide), 1/1.28"", 1.22µm, Dual Pixel PDAF, Sensor-Shift OIS; 12 MP, f/2.8, 120mm (periscope telephoto), 1/3.06"", 1.12µm, Dual Pixel PDAF, 3D Sensor-Shift OIS, 5x Optical Zoom; 48 MP, f/2.2, 13mm (ultrawide), 0.7µm, PDAF; TOF 3D LiDAR scanner (depth); Dual-LED dual-tone flash, HDR (photo/panorama); Video: 4K@24/25/30/60/100/120fps, 1080p@25/30/60/120/240fps, 10-bit HDR, DolbyVision HDR (up to 60fps), ProRes, 3D (spatial) video/audio, stereo sound recording | Front Camera: 12 MP, f/1.9, 23mm (wide), 1/3.6"", PDAF, OIS; SL 3D (depth/biometrics sensor); HDR, Dolby Vision HDR, 3D (spatial) audio, stereo sound recording; Video: 4K@24/25/30/60fps, 1080p@25/30/60/120fps, gyro-EIS | Connectivity: Wi-Fi 802.11 a/b/g/n/ac/6 tri-band; Bluetooth 5.3 (A2DP, LE); GPS (L1+L5), GLONASS, GALILEO, BDS, QZSS, NavIC; USB Type-C 3.2 Gen 2, DisplayPort | Other Features: Face ID, accelerometer, gyroscope, proximity sensor, compass, barometer; IP68 dust tight and water resistant (immersible up to 6m for 30 min) | Number of SIM Cards: 2 | Model: iPhone 16 Pro Max"
Apple,Apple iPhone 17,68222.0,69499.0,[256.0],[8.0],['5G'],Smart Phones,True,"Other Features: Face ID; IP68 water and dust resistance; Crash Detection for emergency assistance | Number of SIM Cards: Dual SIM | Smarter Selfies with Center Stage: Capture every angle with center Stage dual capture and an 18 MP multi-aspect camera , f/1.9, (wide), PDAF, OIS SL 3D, (depth/biometrics sensor); HDR, Dolby Vision HDR, 3D (spatial) audio, stereo sound rec.; Video 4K@24/25/30/60fps, 1080p@25/30/60/120fps, gyro-EIS | OS: iOS 26 | Elegant and Durable Design: iPhone 17 delivers exceptional durability, thanks to the Ceramic Shield 2 front offering 3× improved scratch resistance; Display for All Lighting Conditions; iPhone 17’s stunning 6.3-inch display features smooth scrolling thanks to ProMotion up to 120Hz.; LTPO Super Retina XDR OLED with 1206 x 2622 resolution; 1000 nits (typ), 1600 nits (HBM), 3000 nits (peak) for enhanced outdoor contrast and 33% fewer reflections. | Boosted Efficiency by A19 Chip: Powered by the Apple A19 (3 nm) Hexa-core chip with a 5-core GPU, enhancing everything you do, from advanced video to AAA gaming. | Dual Fusion Camera for Stunning Details: Equipped with a 48MP Dual Fusion camera system, 2x optical-quality zoom, and a 48MP Fusion Ultra Wide camera for super-high-resolution photos.; 48 MP, f/1.6, 26mm (wide), 1/1.56"", 1.0µm, dual pixel PDAF, sensor-shift OIS; 48 MP, f/2.2, 13mm, 120˚ (ultrawide), 1/2.55"", 0.7µm, PDAF; Dual-LED dual-tone flash, HDR (photo/panorama); Video 4K@24/25/30/60fps, 1080p@25/30/60/120/240fps, HDR, Dolby Vision HDR (up to 60fps), stereo sound rec. | Fast Charging That Lasts All Day: 3692 mAh battery with wired PD 2.0 fast charging (up to 50% in 20 minutes) and 25W MagSafe/Qi2 wireless charging (up to 50% in 30 minutes), delivering up to 30 hours of video playback. | Unlimited Speed and Connectivity: Bluetooth 6, USB Type-C 2.0, Wi-Fi 7, GPS for fast and reliable performance."
Apple,Apple iPhone 17 Pro,92400.0,118732.0,"[256.0, 512.0, 1024.0]",[12.0],['5G'],Smart Phones,True,"Other Features: Face ID; IP68 water and dust resistance; Crash Detection for emergency assistance | Number of SIM Cards: Dual SIM | A Display Built to Last: 6.3 inch, LTPO Super Retina XDR OLED, 120Hz (1206 x 2622 ); 1000 nits (typ), 1600 nits (HBM), 3000 nits (peak); Maximum durability with a heat-forged aluminum unibody,; Reinforced by Ceramic Shield 2 front for 3× scratch resistance and a durable Ceramic Shield back with 4× better crack protection | Exceptional Performance: Apple A19 Pro (3 nm), Hexa-core, with vapor cooling for up to 40% better performance | Flagship Main Camera System: 48 MP, f/1.6, 24mm (wide), 1/1.28"", 1.22µm, dual pixel PDAF, sensor-shift OIS, enhanced with 8× optical-quality zoom for a pro-level experience, like having 8 lenses in your pocket; 48 MP, f/2.8, 100mm (periscope telephoto), 1/2.55"", 0.7µm, PDAF, 3D sensor‑shift OIS, 4x optical zoom; 48 MP, f/2.2, 13mm, 120˚ (ultrawide), 1/2.55"", 0.7µm, PDAF TOF 3D LiDAR scanner (depth); Dual-LED dual-tone flash, HDR (photo/panorama); Video 4K@24/25/30/60/100/120fps, 1080p@25/30/60/120/240fps, 10-bit HDR, Dolby Vision HDR (up to 120fps), ProRes, ProRes RAW (up to 120fps), Apple Log 2, 3D (spatial) video/audio, stereo | Smarter Selfies with Center Stage: 18 MP multi-aspect, f/1.9, (wide), PDAF, OIS SL 3D, (depth/biometrics sensor)- endless framing options with Center Stage front camera and Dual Capture support to capture moments from every angle; HDR, Dolby Vision HDR, 3D (spatial) audio, stereo sound rec., ProRes RAW, Apple Log 2; Video 4K@24/25/30/60fps, 1080p@25/30/60/120fps, gyro-EIS | Massive Battery for All-Day Power: 4252 mAh - eSIM only model Charging Wired, PD2.0, 50% in 20 min 25W wireless MagSafe/Qi2, 50% in 30 min (15W - China) 4.5W reverse wired | Faster Connectivity: Bluetooth 6, USB Type-C 3.2 Gen 2 with DisplayPort, GPS , Wi-Fi for better and secure connectivity"
Apple,Apple iPhone 17 Pro Max,94999.0,189999.0,"[256.0, 512.0, 1024.0, 2048.0]",[12.0],['5G'],Smart Phones,True,"Brand: JBL | Connectivity: Bluetooth 4.2; USB-C | Other Features: Face ID; IP68 water and dust resistance; Crash Detection for emergency assistance; JBL Go Essential 2 Bluetooth Speaker, Black - JBLGOESRED | Number of SIM Cards: Dual SIM | Battery: Battery Capacity: 730mAh, 2.7Wh; Battery charge time: 2.5 hours; Music play time: up to 5 hours (dependent on volume level and audio content) | Key Features: JBL Original Pro Sound; Frequency response: 180Hz – 20kHz | Model Number: JBLGOESRED | A Display Built to Last: 6.9 inch, LTPO Super Retina XDR OLED, 120Hz (1320 x 2868 ); 1000 nits (typ), 1600 nits (HBM), 3000 nits (peak); Maximum durability with a heat-forged aluminum unibody; Reinforced by Ceramic Shield 2 front for 3× scratch resistance and a durable Ceramic Shield back with 4× better crack protection | Exceptional Performance: Apple A19 Pro (3 nm), Hexa-core with vapor cooling for up to 40% better performance | Flagship Main Camera System: 48 MP, f/1.6, 24mm (wide), 1/1.28"", 1.22µm, dual pixel PDAF, sensor-shift OIS, enhanced with 8× optical-quality zoom for a pro-level experience, like having 8 lenses in your pocket; 48 MP, f/2.8, 100mm (periscope telephoto), 1/2.55"", 0.7µm, PDAF, 3D sensor‑shift OIS, 4x optical zoom; 48 MP, f/2.2, 13mm, 120˚ (ultrawide), 1/2.55"", 0.7µm, PDAF TOF 3D LiDAR scanner (depth); Dual-LED dual-tone flash, HDR (photo/panorama); Video 4K@24/25/30/60/100/120fps, 1080p@25/30/60/120/240fps, 10-bit HDR, Dolby Vision HDR (up to 120fps), ProRes, ProRes RAW (up to 120fps), Apple Log 2, 3D (spatial) video/audio, stereo | Smarter Selfies with Center Stage: 18 MP multi-aspect, f/1.9, (wide), PDAF, OIS SL 3D, (depth/biometrics sensor) - endless framing options with center Stage front camera and Dual Capture support to capture moments from every angle; HDR, Dolby Vision HDR, 3D (spatial) audio, stereo sound rec, ProRes RAW, Apple Log 2; Video 4K@24/25/30/60fps, 1080p@25/30/60/120fps, gyro-EIS | Massive Battery for All-Day Power: 5088 mAH battery with PD2.0 wired charging, offering ultimate performance—50% in 20 minutes, plus 25W MagSafe/Qi2 wireless charging (50% in 30 minutes), and up to 39 hours of video playback | Faster Connectivity: Bluetooth 6, USB Type-C 3.2 Gen 2 with DisplayPort, GPS, Wi-Fi | OS: iOS 26 | Type: Bluetooth Speaker | Color: Black | Water Resistance: IP67 waterproof | Compatible With: Multi Devices"
Apple,Apple iPhone 17e,55999.0,55999.0,[256.0],[8.0],['5G'],Smart Phones,True,"Brand: Apple | Model Name: iPhone 17e | Display: 6.1‑inch Super Retina XDR OLED display (2532x1170); 800 nits max brightness (typical); 1,200 nits peak brightness (HDR) | Processor: A19 chip, 6‑core CPU, 4‑core GPU, 16‑core Neural Engine | Rear Camera: 48MP Fusion Main: 26mm, ƒ/1.6 aperture, optical image stabilization, Hybrid Focus Pixels, super-high-resolution photos (24MP and 48MP); Also enables 12MP 2x Telephoto: 52mm, ƒ/1.6 aperture, optical image stabilization, Hybrid Focus Pixels; Digital zoom up to 10x; Video Recording 4K Dolby Vision video recording at 24 fps, 25 fps, 30 fps, or 60 fps, 1080p Dolby Vision video recording at 25 fps | Front Camera: 12MP True­Depth camera; ƒ/1.9 aperture; Autofocus with Focus Pixels; Retina Flash | Battery Capacity: Video playback Up to 26 hours; Video playback (streamed) Up to 21 hours; Fast-charge capable, up to 50% charge in 30 minutes with a 20W adapter or higher; MagSafe and Qi2 wireless charging up to 15W | Number of sim cards: 2 | Connectivity: Bluetooth 5.3; Wi‑Fi 6; GPS; USB-C | Operating System: iOS 26 | Other Features: Face ID; IP68 Splash, Water, and Dust Resistant (maximum depth of 6 metres up to 30 minutes); Barometer, High dynamic range gyro, High-g accelerometer, Proximity, and Dual ambient light sensors"
Apple,Apple iPhone Air,76381.0,112859.0,[256.0],[8.0],['5G'],Smart Phones,True,"Other Features: Face ID; IP68 dust-tight and water-resistant; Crash Detection for emergency assistance | Number of SIM Cards: Dual SIM | Smarter Selfies with Center Stage: 18 MP multi-aspect, f/1.9, (wide), PDAF, OIS SL 3D, (depth/biometrics sensor) - endless framing options with center Stage front camera and Dual Capture support to capture moments from every angle; HDR, Dolby Vision HDR, 3D (spatial) audio, stereo sound rec.; Video 4K@24/25/30/60fps, 1080p@25/30/60/120fps, gyro-EIS | OS: iOS 26 | Ultra-Slim Design: Feel like you’re holding nothing in your hand, thanks to the ultra-slim titanium 5.6 mm frame, delivering pro-level chip performance without compromise.; Additionally, the Ceramic Shield on both the front and back makes it resistant to drops and scratches | Ultra Vivid Display: 6.5 Inch LTPO Super Retina XDR OLED, 120Hz, (1260 x 2736); With 1000 nits (typ), 1600 nits (HBM), and 3000 nits (peak), enjoy exceptional outdoor visibility | Ultra-Fast Processor: Apple A19 Pro (3 nm), Hexa-core delivers exceptional performance in a thin and light design. | Two Professional Cameras in One: 48 MP, f/1.6, 26mm (wide), 1/1.56"", 1.0µm, dual pixel PDAF, sensor-shift OIS, powered by a Fusion camera system with 2x optical-quality zoom to capture every moment in stunning detail.; Dual-LED dual-tone flash, HDR (photo/panorama); Video 4K@24/25/30/60fps, 1080p@25/30/60/120/240fps, HDR, Dolby Vision HDR (up to 60fps), stereo sound rec. | Stay Connected all Day: With a 3149 mAh battery, enjoy up to 27 hours of video playback, supported by PD 2.0 fast wired charging and 20W MagSafe/Qi2 wireless charging, reaching up to 50% in just 30 minutes. | Superfast, Reliable Connection: Powered by Bluetooth 6, USB Type-C 2.0, Wi-Fi 7, GSP for exceptional performance."
Digit,Digit Z1 Dual-SIM,2507.0,2507.0,[],[],[],Feature Phones,True,"Brand: Digit | Model Name: Z1 | Display: 2.8 Inch TFT Touch Screen | Rear Camera: VGA | Front Camera: VGA | Battery Capacity: 2500 mAh | Connectivity: USB Type-C, 4G, Wi-Fi, Hotspot | Storage capacity: 1GB RAM, 8GB Storage | Chipset: Quad Core 4G"
HMD,HMD 101 TA-1757 DS Dual-SIM,899.0,899.0,[],[],[],Feature Phones,True,"Brand: HMD | Model Name: 101 TA-1757 DS | Display: 1.77 inches , 128 x 160 pixels (~116 ppi density) TFT | Battery Capacity: 1000 mAh Removable 2.75W | Connectivity: Wireless FM radio, microUSB | Storage capacity: Internal Memory  4MB, RAM  8MB | Chipset: Unisoc 6533G"
HMD,HMD 150 Music Dual-SIM,1699.0,1699.0,[],[],[],Feature Phones,True,"Brand: HMD | Display: 2.4 inches, 240 x 320 pixels, 4:3 ratio (~167 ppi density) TN TFT | Connectivity: Bluetooth 5.0 & USB Type-C 1.1 | Model: 150 Music | Battery: 2500 mAh, removable | Chipset: Unisoc 6531F | Storage Capacity: 8 MB, RAM: 8 MB | Primary Camera: QVGA LED flash | Key Features: Built-in MP3 player | No. of SIM Card: Dual, 2G, Mini-SIM"
HMD,HMD Arc,9999.0,9999.0,[64.0],[4.0],[],Smart Phones,True,"Brand: HMD | Model Name: Arc | Display: 6.52-inch ( 576 x 1280); IPS LCD, 460 nits (peak) | Processor: Unisoc SC9863A (28 nm)- Octa Core | Rear Camera: 13 MP, (wide), AF, LED flash, panorama | Front Camera: 5 MP | Battery Capacity: 5000 mAh 10 Watt wired | Number of sim cards: 1 | Connectivity: Wi-Fi; Bluetooth 5.2; GPS; FM radio; USB Type-C | Other Features: Fingerprint (side-mounted), accelerometer, proximity"
HMD,HMD Barbie,9999.0,9999.0,[],[],[],Smart Phones,True,"Brand: HMD | Model Name: Barbie | Display: 2.8 -inch ( 240 x 320); External display  1.77-inch TFT LCD | Processor: Unisoc T107 (22 nm) | Rear Camera: 0.3 MP LED flash | Battery Capacity: 1450 mAh, removable battery | Number of sim cards: 2 | Connectivity: Wi-Fi; Bluetooth 5.0; GPS; USB Type-C"
Honor,Honor 400,23678.0,33000.0,"[256.0, 512.0]",[12.0],['4G LTE'],Smart Phones,True,"Brand: Honor; Model Name; 400; Display; 6.55 Inches AMOLED display; 1B colors, 120Hz, HDR, 5000 nits (peak); Resolution: 1200 x 2664 pixels; Processor; Qualcomm SM7550-AB Snapdragon 7 Gen 3 (4 nm) - Octa Core; Rear Camera; Dual Camera; 200 MP, f/1.9, (wide), PDAF, OIS; 12 MP, f/2.2, 112˚ (ultrawide), AF; Features: LED flash, HDR, panorama; Video: 4K, 1080p, gyro-EIS, OIS; Front Camera; 50 MP, f/2.1, (wide); Features: HDR; Video: 4K, 1080p, gyro-EIS; Battery; Si/C Li-Ion 5300 mAh battery; Charging: 66 watts wired; 5W reverse wired; Number of SIM cards; Dual SIM; Connectivity; Wi-Fi, Bluetooth 5.4, USB-C 2.0, OTG, Infrared ports; Positioning: GPS, GALILEO, GLONASS, QZSS, BDS (B1I+B1c); Other Features; Fingerprint (under display, optical), accelerometer, gyro, compass, ultrasound proximity sensors; IP65 Dust tight and water resistant (low pressure water jets); With stereo speakers"
Honor,Honor 400 Lite,20346.0,22866.0,[256.0],[8.0],['4G LTE'],Smart Phones,True,"Brand: Honor | Model Name: 400 Lite; Display; 6.7-inch AMOLED, 120Hz; 2412 × 1080 resolution; Processor; MediaTek Dimensity 7025-Ultra; Octa-core (2xA78 2.5GHz + 6xA55 2.0GHz); Rear Camera; Dual Camera; 108MP Main Camera (f/1.75); 5MP Wide and Depth Camera (f/2.2); Up to 10x digital zoom, Video: up to 1080P; Capture Modes: Night, Multi-video, Time-Lapse; Front Camera; 16MP (f/2.45), Selfie Light; Video: up to 1080P; Support 2D Face Recognition; Capture Modes: Portrait, Multi-video, Gesture Control; Battery Capacity; 5230mAh; 35W Honor SuperCharge | Number of SIM Cards: Dual SIM; Connectivity; Wi-Fi 802.11 a/b/g/n/ac, Wi-Fi Direct; Bluetooth 5.3; USB Type-C USB 2.0; GPS, OTG; Other Features; AI Translate; IP65 Water and Dust Resistance; Gravity Sensor, Fingerprint Sensor"
Honor,Honor 400 Pro,38775.0,39399.0,[512.0],[12.0],['5G'],Smart Phones,True,"Brand: Honor | Model Name: 400 Pro; Display; 6.7 Inches, AMOLED, 120Hz, 5000 nits; 1280 x 2800 | Processor: Qualcomm SM8650-AB Snapdragon 8 Gen 3 (4 nm); Rear Camera; 200 MP, f/1.9, (wide), 1/1.4"", PDAF, OIS; 50 MP, f/2.4, (telephoto), 1/2.0"", 0.8µm, PDAF, OIS, 3x optical zoom; 12 MP, f/2.2, 112˚ (ultrawide), AF; Features LED flash, HDR, panorama; Video 4K, 1080p, gyro-EIS, OIS; Front Camera; 50 MP, f/2.0, (wide); 2 MP, f/2.4, (depth); Features HDR; Video 4K, 1080p, gyro-EIS; Battery Capacity; 6000 mAh; 100W wired, 51% in 15 min, 100% in 39 min, 50W wireless | Number of SIM Cards: 2; Connectivity; Wi-Fi; Bluetooth 5.4; Positioning GPS; USB Type-C 2.0, OTG; Other Features; Fingerprint (under display, optical); Dust tight and water resistant"
Honor,Honor 600,26999.0,31699.0,[256.0],"[8.0, 12.0]",['5G'],Smart Phones,True,"Brand: Honor | Model Name: 600 | Display: 6.57-Inch AMOLED Display (2728×1264) | Processor: Snapdragon 7 Gen 4-Octa Core | Rear Camera: 200 MP (f/1.9 aperture, AF, OIS); 12 MP (AF); Supports up to 3840×2160 pixels Video resolution | Front Camera: 50MP (f/2.0) camera; Supports up to 3840×2160 pixels Video resolution; Supports 2D facial recognition | Battery Capacity: 7000mAh, Support Suprt charge, 80W | Number of sim cards: 2 | Connectivity: Wi-Fi; Bluetooth 5.4; USB Type-C، USB 2.0; GPS; Infrared | Operating System: Android 16, MagicOS 10 | Other Features: Infrared sensor, Ambient light sensor, Digital compass; Gravity sensor, Fingerprint sensor; IP68, IP69, IP69KWater and dust resistance; Comes  with Honor Choice X7 Lite Earbuds, with Active Noise Cancellation- Color May Vary"
Honor,Honor 600 Lite,19120.0,22120.0,"[128.0, 256.0]",[8.0],['5G'],Smart Phones,True,"Brand: Honor | Model Name: 600 Lite | Display: 6.6-inch AMOLED Display; 800 nits (typical) 2000 nits (HBM type) 6500 nits (APL type); 1200x2600 pixels; Eye Comfort Technology | Processor: MediaTek Dimensity 7100 Elite-G610 MC2-Octa-core | Rear Camera: 108MP Main Camera(f/1.75); 5MP Ultra-Wide Camera(f/2.2); Support up to 12000x8976 pixels; Video Shooting Support up to 1080P (1080×2520) video recording; Rear single LED flash; Up to 10X Digital zoom | Front Camera: 16MP Camera (f/2.45); Support up to 1080P (1920×1080) video recording; Support up to 4608x3456 pixels Image Resolution; Support 2D Face Recognition | Battery Capacity: 6320mAh, 45W wired, Standard Charger 45W HONOR SuperCharge | Connectivity: Wifi; Bluetooth 6.0; GPS; Type-C, USB 2.0 | Operating System: MagicOS 10 (Based on Android 16) | Other Features: IP66 Water and Dust Resistance; Gravity Sensor; Fingerprint Sensor; Compass Sensor; Ambient Light Sensor | Number of SIM cards: 2"
Honor,Honor 600 Pro,51999.0,53869.0,[512.0],[12.0],['5G'],Smart Phones,True,"Brand: Honor | Model Name: 600 Pro | Display: 6.57-Inch AMOLED Display (2728×1264) | Processor: Snapdragon 8 Elite -Octa Core | Rear Camera: 200 MP  (f/1.9 aperture, autofocus, optical image stabilization); 50 MP (f/2.8 aperture, autofocus, optical image stabilization); 12 MP (autofocus); Digital zoom up to 120x; Supports up to 3840×2160 pixels Video resolution | Front Camera: 50MP camera (f/2.0 aperture); Supports up to 3840×2160 pixels Video resolution; Supports 2D facial recognition | Battery Capacity: 7000mAh, Support Suprt charge, 80W | Number of sim cards: 2 | Connectivity: Wi-Fi; Bluetooth 6; USB Type-C, USB 2.0; GPS; Infrared | Operating System: Android 16, MagicOS 10 | Other Features: Infrared sensor, Ambient light sensor, Digital compass; Gravity sensor, Fingerprint sensor; IP68, IP69, IP69K Water and dust resistance; Comes with Honor Band 10 Smart Watch (Color May Vary)"
Honor,Honor Magic V5,94699.0,94699.0,[512.0],[16.0],['5G'],Smart Phones,True,"Brand: Honor | Model Name: Magic V5; Display; Dual Display 7.95 inch inner display, 6.43 inch outer display; OLED, HDR, 5000 nits brightness; Inner screen: (2352×2172); External screen: (2376×1060); Processor; Qualcomm Snapdragon 8 Elite Octa-core; Rear Camera; 50MP Ultra Wide Camera (f/2.0); 50MP Wide Camera (f/1.6, OIS); 64MP telephoto Lens Camera (f/2.5, OIS); Rear single LED flash; Supports 4K (3840×2160 pixels); Front Camera; 20MP Wide Camera (f/2.2) (Interior screen); 20MP Wide Camera (f/2.2) (Exterior screen); Supports 4K (3840×2160) pixels; Battery Capacity; 5820 mAh (typical value), 5690 mAh (rated value); 66W wired SuperCharge, 50W Wireless SuperCharge | Number of SIM Cards: Dual SIM; Connectivity; Bluetooth 6.0; USB Type-C; Wi-Fi; GPS; Other Features; Fingerprint Sensor; Supports 2D face unlock; IP58 and IP59 Water and Dust Resistance"
Honor,Honor Magic7 Pro,58237.0,58237.0,[512.0],[12.0],['5G'],Smart Phones,True,"Brand: Honor | Display: 6.8 Inch, FHD+, OLED; Gesture support | Processor: Snapdragon 8 Elite Mobile Platform – Octa Core | Rear Camera: Triple camera system; 200MP Telephoto camera (f/2.6, 3x optical zoom, up to 100x digital zoom, OIS); 50MP Wide main camera (f/1.4–f/2.0, OIS); 50MP Ultra-wide camera (f/2.0); Single rear LED flash | Front Camera: 50MP front camera + 3D depth camera (f/2.0) | Connectivity: Wi-Fi 6/7 (802.11 a/b/g/n/ac/ax/be), 2x2 MIMO (2.4GHz/5GHz/6GHz); Bluetooth 5.4; GPS / AGPS / GLONASS / BeiDou / Galileo; USB Type-C, USB 3.2 Gen1; Infrared remote control; OTG, Wi-Fi Direct, Hotspot | Model: Magic 7 Pro | Battery: 5850 mAh; 100W HONOR SuperCharge; 80W Wireless HONOR SuperCharge | Resolution: 1280 × 2800 | HDR peak brightness: 5000 nits | Global peak brightness: 1600 nits | Screen glass: HONOR NanoCrystal Shield | Video recording: up to 4K | Stabilization: EIS + OIS | Image resolution: 8192 × 6144 pixels | SIM: Dual SIM | Additional Features: 3D face unlock; Sensors: gravity, infrared, compass, fingerprint, accelerometer, gyroscope, ambient light, proximity; HONOR Surround Subwoofer; Water & dust resistance: IP68 & IP69"
Honor,Honor Magic8 Pro,69975.0,72714.0,[512.0],[12.0],['5G'],Smart Phones,True,"Brand: Honor | Display: 6.71 inches, OLED, 1.07 billion colors; Resolution: FHD+ 1256 x 2808; Brightness: HDR Peak Brightness: 6000 nits, Global Peak Brightness: 1800 nits | Processor: Snapdragon®️ 8 Elite Gen 5 M, Octa-core | Front Camera: 50MP Front Camera(f/2.0) + 3D Depth Camera; Video Shooting: Support for 4K (3840×2160) video recording; Image Resolution: 8192 x 6144 pixels; Capture Mode: Portrait, Filter, Capture smiles, Mirror reflection, Timer, Gesture control, Watermark, Night | Connectivity: WLAN Protocols: 802.11 a/b/g/n/ac/ax/be, 2x2 MIMO, Frequency: 2.4GHz and 5GHz and 6GHz, WLAN Hotspot and WLAN Direct; Bluetooth 6.0, OTG, USB: Type-C, USB 3.2 GEN1, Earjack: USB Type-C; GPS(L1+L5) / AGPS / GLONASS / BeiDou(B1I+B1C+B2a+B2b) / Galileo(E1+E5a+E5b) / QZSS (L1 + L5) | Other Features: Face Recognition: Supported 3D face unlocks, Fingerprint Sensor; Sensors: Gravity Sensor, Infrared Sensor, Acceleration Sensor, Gyroscope, Compass, Ambient Light Sensor, Proximity Sensor; Screen Glass Material: HONOR NanoCrystal Shield; Water and Dust Resistance: Supported (IP68, IP69, and IP69K); Stereo: HONOR Surround Subwoofer, Sound Effect: Honor Sound | Rare Camera: 200MP Ultra Night Telephoto Camera (f/2.6, 1/1.4', 3.7X optical zoom, OIS); 50MP Ultra Night Main Camera (f/1.6, 1/1.3', OIS, 4-in-1 2.4μm large pixel output); 50MP Ultra-Wide Camera (f/2.0, 122° wide angle, 2.5cm HD Macro Photography); Video Shooting: Support for 4K 120fps (3840×2160) video recording; Zoom Mode: 3.7x Optical Zoom, 100x Digital Zoom, Image Resolution: 16320 x 12288 pixels, EIS+OIS | Battery: 7100 mAh (typical value), 6920 mAh (rated value), Lithium polymer battery; Wired Charging: 100W HONOR SuperCharge, up to 20V/5A SuperCharge, compatible with 11V/6A,10V/4A, 10V/2.25A, 10V/2A; Wireless Charging: 80W Wireless HONOR SuperCharge | Shooting Modes: Portrait & Macro: Portrait, Super Macro, Night, HDR; Video & Effects: Standard Video, 4K Video, Slow-Mo, Time-Lapse, Panorama; AI & Beauty: AI Enhancement, Filters, Smart Zoom, Magic Color, Magic Pose; Special Captures: Capture Smiles, Document Scan, Light Painting, Watermark"
Honor,Honor X5C,7792.0,8500.0,"[64.0, 128.0]",[4.0],[],Smart Phones,True,"Brand: Honor | Model Name: X5C | Display: 6.74 Inch; TFT LCD; Eye Comfort/Dynamic Dimming; Resolution: 720x1600 | Processor: MediaTek Helio G81, Octa-core | Rear Camera: Dual Camera; 13MP Main Camera (f/2.2) + QVGA 0.08MP; Video Shooting: 1920x1080 pixels; 10X Digital zoom; Image Resolution: 4160x3120 pixels; Rear single LED flash; Capture Mode: Portrait (including beauty and bokeh) | Front Camera: 5 MP Camera (f/2.2 aperture); Image Resolution: 2592*1936 pixels; Face Recognition | Battery Capacity: Battery Capacity: 5130mAh; 15W Wired Charging | Connectivity: Wi-Fi 802.11 a/b/g/n/ac 2.4GHz and 5GHz; WiFi hotspot/Wi-Fi Direct; Bluetooth 5.1; Positioning: GPS/AGPS/Glonass/BeiDou/Galileo; USB Type-C | Other Features: Gravity Sensor, Fingerprint Sensor; Acceleration Sensor, Ambient Light Sensor; Proximity Sensor | Number of SIM Cards: Dual SIM"
Honor,Honor X5C Plus,7800.0,7800.0,[128.0],[4.0],[],Smart Phones,True,"Brand: Honor | Model Name: X5C Plus | Display: TFT LCD, 90Hz; 6.74 Inch; Resolution: 720 x 1600 pixels | Processor: Mediatek Helio G81 (12 nm), Octa-core | Rear Camera: 50 MP, f/1.8, (wide), PDAF; Auxiliary lens; Features LED flash, HDR, panorama; Video: 1080p@30fps | Front Camera: 5 MP, f/2.2, (wide); Video 1080p@30fps | Battery Capacity: Battery Capacity: 5260 mAh; Charging: 15W wired | Connectivity: Wi-Fi 802.11 a/b/g/n/ac, dual-band; Wi-Fi Direct; Bluetooth 5.1, A2DP, LE, aptX HD; GPS, GLONASS, GALILEO, BDS; FM radio; USB Type-C 2.0, OTG | Other Features: Fingerprint (side-mounted), accelerometer, proximity; Loudspeaker; Card slot: microSDXC | Number of SIM Cards: Dual SIM"
Honor,Honor X6c,7614.0,10029.0,"[128.0, 256.0]",[6.0],['4G LTE'],Smart Phones,True,"Brand: Honor | Model Name: X6c | Display: 6.61 Inch, TFT LCD, 120Hz, 1010 nits; 720 x 1604 | Processor: Mediatek Helio G81 Ultra (12 nm)- Octa core | Rear Camera: Dual Camera; 50 MP, f/1.8, (wide), PDAF; QVGA, (depth); LED flash, HDR, panorama; Video 1080p@30fps | Front Camera: 5 MP, f/2.2, (wide); Video 1080p@30fps | Battery Capacity: 5300 mAh, 35W wired | Connectivity: Wi-Fi; Bluetooth 5.1; Positioning GPS; USB Type-C 2.0, OTG; Other Features; Fingerprint (side-mounted); IP64 dust tight and water resistant | Number of SIM Cards: 2"
Honor,Honor X7d,13777.0,16000.0,[256.0],[8.0],"['4G', '5G']",Smart Phones,True,"Brand: Honor | Model Name: X7d | Display: 6.77 Inches, TFT LCD; 720x1610; 850nit (HBM)/ 700nit (Typical) | Processor: Qualcomm Snapdragon 685, Octa-core | Rear Camera: Dual Camera; 108M Main camera (f1.75); 2MP Depth Camera (f/2.4); Up to 8X Digital zoom; Video Resolution: 1920x1080 pixels; LED flash | Front Camera: 8 MP Camera (f/2.0); Image Resolution: 3264x2448 pixels; Face Recognition | Battery Capacity: 6500mAh, 35 Watt HONOR SuperCharge | Number of sim cards: Dual SIM | Connectivity: Wifi 802.11 a/b/g/n/ac 2.4GHz and 5GHz; BT5.0, OTG Type-C, USB 2.0; GPS/AGPS/Glonass/BeiDou/Galileo | Other Features: Gravity Sensor, Fingerprint Sensor; Acceleration Sensor; Proximity Sensor"
Honor,Honor X8C,15505.0,15505.0,[512.0],[8.0],['4G LTE'],Smart Phones,True,"Brand: Honor | Display: – 6.7 Inch, AMOLED, 120Hz; – 1200 nits (HBM), 2800 nits (peak), (1080 x 2412) | Processor: – Qualcomm SM6225 Snapdragon 685 (6 nm), Octa Core | Rear Camera: – Dual Camera; – 108 MP, f/1.8, 24mm (wide), 1/1.67"", PDAF, OIS; – 5 MP, f/2.2, (ultrawide) | Front Camera: – 50 MP, f/2.1, (wide) | Battery Capacity: – 5000 mAh, 35W | Connectivity: – Wi-Fi 802.11 a/b/g/n/ac, dual-band, Wi-Fi Direct; – Bluetooth 5.0/5.1, A2DP, LE | Other Features: – IP64 dust tight and water resistant (water splashes), (up to 0.25m for 3 min, 0.5m for 1 min); – Drop resistant up to 1.8m; – Fingerprint (side-mounted), accelerometer, gyro, compass, proximity (ultrasonic) | Number of SIM Cards: – Dual SIM | Model: X8C | – Features: LED flash, HDR, panorama | – Video: 1080p@30fps | – Positioning: GPS, GLONASS, GALILEO, BDS | – USB Type: -C 2.0, OTG"
Honor,Honor X8d,17025.0,22761.0,"[256.0, 512.0]",[8.0],['4G'],Smart Phones,True,"Brand: HONOR | Model Name: X8d | Display: 6.77-inch AMOLED, 1080×2392 (FHD+), 120Hz | Processor: Snapdragon 6s 4G Gen 2 | Rear Camera: 108MP Main + 5MP Ultra Wide | Front Camera: 16MP | Battery Capacity: 7000 mAh, 45W SuperCharge | Connectivity: Bluetooth, USB-C, NFC, Wi-Fi | Operating System: Android 15 (MagicOS 10) | Other Features: IP65, microSD support, fingerprint sensor | Number of SIM cards: Dual SIM (4G)"
Honor,Honor X9d,22599.0,23222.0,[256.0],"[8.0, 12.0]",['5G'],Smart Phones,True,"Brand: Honor | Model Name: X9d | Display: 6.79 Inch, AMOLED; Eye Comfort Technology; 2640*1200; 800 nits (typical) 1800 nits (HBM type); 6000 nits (APL type) | Processor: Qualcomm Snapdragon 6 Gen 4, Octa-core | Rear Camera: Dual Camera; 108MP Main Camera (F1.75); 5MP Wide (F2.2); 10X Digital zoom; Image Resolution: 12000*9000 pixels; Video Resolution: 3840*2160 pixels; LED flash; Stabilization Mode: OIS | Front Camera: 16MP (F2.45); Image Resolution: 3456x4608 pixels; Video Resolution: 2520x1080 pixels; Face Recognition | Battery Capacity: 8300 mAh; 66W super-fast charging | Number of sim cards: Dual SIM | Connectivity: Wi-Fi 6 (802.11 ax) and 802.11 a/b/g/n/ac, 2.4GHz and 5GHz; Wi-Fi Direct & Wi-Fi Hotspot; BT5.2, Type-C, USB 2.0, GPS | Other Features: Sensors: Gravity, Fingerprint; Ambient Light Sensor. Proximity; IP69K Water Resistance"
Hope,Hope BM-10,863.0,863.0,[],[],[],Feature Phones,True,Brand: Hope | Model Name: BM-10 | Battery Capacity: Below 1000 mAh | Number of SIM cards: Dual SIM | Storage capacity: Less than 512MB | RAM: Less than 256MB | Network: GSM | Display Size: 0.66 Inch | Additional Feature: Comes with a back cover attachment to convert it to a Bluetooth device
Hope,Hope Bm10,588.0,588.0,[],[],[],Feature Phones,True,"Brand: Hope | Display: 0.66 Inch (128 × 160) | Battery Capacity: 350 mAh | Connectivity: Wi-Fi, Cellular | Model: BM10 | Memory: 512MB"
Hope,Hope K19,1323.0,1323.0,[],[],[],Feature Phones,True,"Brand: Hope | Model Name: K19, Middle East Version | Display: 2.4 Inch | Battery Capacity: 22000 mAh | Storage Capacity: 32MB"
Huawei,Huawei Nova 13,19799.0,19799.0,[256.0],[12.0],[],Smart Phones,True,"Brand: Huawei | Model Name: Nova 13 | Display: 6.7- inch, (1084 x 2412 ); OLED, 120Hz refresh rate | Processor: Kirin 8000- Octa Core | Rear Camera: 50 MP Ultra Vision Camera (F1.9 aperture); 8 MP Ultra-Wide Macro Camera (F2.2 aperture) | Battery Capacity: 5000 mAh 100W wired, 3-50% in 10 min 5W reverse wired | Number of sim cards: 2 | Connectivity: Wi-Fi; Bluetooth 5.2; GPS; USB Type-C 2.0, OTG; Infrared port | Other Features: Fingerprint (under display) | Front camera: 60 MP Front Ultra-Wide Portrait Camera (F2.4 aperture)"
Huawei,Huawei nova 15 Max,21499.0,21998.0,[256.0],[8.0],['4G'],Smart Phones,True,"Brand: Huawei | Display: 6.84-inch OLED Display; FHD+ (2756 × 1272) Resolution; Up to 120Hz Refresh Rate; 300Hz Touch Sampling Rate; 1.07 Billion Colors | Rear Camera: 50 MP Ultra Sensing Camera (f/1.9); 2 MP Ultra Lighting Camera (f/2.4); AI Image Stabilization (AIS); 10x Digital Zoom; Video Recording up to 4K (3840 × 2160) | Front Camera: 8 MP Camera (f/2.0); Video Recording up to 4K (3840 × 2160) | Battery Capacity: Capacity: 8500mAh; 40W HUAWEI SuperCharge Turbo | Connectivity: Wi-Fi 802.11a/b/g/n/ac/ax/be (2.4GHz & 5GHz); Bluetooth 5.2; USB Type-C (USB 2.0); GPS, A-GPS, GLONASS, BeiDou, Galileo, QZSS; Type-C Earjack | Operating System: EMUI 14.2 | Other Features: Fingerprint Sensor; Gravity Sensor, Infrared Sensor; Gyroscope, Compass, Ambient Light Sensor, Proximity Sensor; HUAWEI Histen Audio; Comes with Huawei FreeBuds SE 3 Earbuds (color may vary) | Number of SIM Cards: Dual SIM (Nano, 4G) | Model: nova 15 Max | Dimensions: 163.3 × 78.0 × 7.98mm | Model Number: CHZ-LX1"
Infinix,Infinix GT 30 Pro,22888.0,23933.0,[512.0],[12.0],['5G'],Smart Phones,True,"Brand: Infinix | Model Name: GT 30 Pro | Display: 6.78 inches,  1224 x 2720 pixels; Type: AMOLED, 1B colors, 144Hz, 2304Hz PWM; 700 nits (typ), 1600 nits (peak), 4500 nits (peak); Corning Gorilla Glass 7i | Processor: Mediatek Dimensity 8350 Ultimate (4 nm), Octa-core | Rear Camera: Dual Camera; 108 MP, f/1.9, (wide), 1/1.33"", 0.8µm, PDAF; 8 MP, f/2.2, 111˚ (ultrawide), 1/4.0"", 1.0µm, AF; Features: Dual-LED flash, HDR, panorama; Video: 4K@30/60fps | Front Camera: 13 MP, f/2.2, (wide), 1/3.1"", 1.12µm; Video: 4K@30fps, 1080p@30fps | Battery Capacity: 5500 mAh; 45W wired, 30W wireless; 10W reverse wired; 5W reverse wireless, Bypass Charging 2 | Connectivity: Wi-Fi 802.11 a/b/g/n/ac/6, dual-band, Wi-Fi Direct; Bluetooth 5.4, A2DP, LE; Positioning GPS, GLONASS, GALILEO; Infrared port; FM radio; USB Type-C 2.0, OTG | Other Features: IP64 dust-tight and water-resistant (water splashes); Customizable RGB LEDs on the back; Stereo speakers, tuned by JBL; Fingerprint (under display, optical); Accelerometer, proximity, compass, gyro | Number of SIM Cards: Dual SIM"
Infinix,Infinix Hot 60,8499.0,8919.0,[128.0],[6.0],['5G'],Smart Phones,True,"Brand: Infinix | Model Name: Hot 60 | Display: 6.7 Inch; HD+ (720x1600); Refresh Rate: 60Hz/90Hz/120Hz; IPS LCD; Brightness: 560 nits (TYP), 700 nits (HBM); Touch Sampling Rate: Up to 240Hz; Always-On Display | Processor: MediaTek Dimensity 7060, 6nm | Rear Camera: Dual Camera; 50MP, f/1.6, FOV 77.3°, AF supported; Rear Dual Flash; Vlog, Video, AI Cam, Portrait, Super Night; Video Recording: 2K 30FPS | Front Camera: 8MP, f/2.0, FOV 77.8°; Front Flash; Vlog, Video, AI Cam, Portrait, Super Night; Video Recording: 2K 30FPS | Battery Capacity: 5200mAh, 18W; Reverse charging: Max 10W | Connectivity: GPS, Wi-Fi 802.11 (a/b/g/n/ac); Bluetooth 5.4; USB TYPE-C, OTG; Earphone 3.5 Jack, FM | Operating System: XOS 15, Android 15 | Other Features: IP64 Splash, water and dust resistance; G-sensor, E-Compass; Gyroscope, Proximity sensor; Side-Fingerprint, Infrared blaster | Number of SIM Cards: Dual SIM"
Infinix,Infinix Hot 60 Pro,10010.0,11499.0,[256.0],[8.0],['4G LTE'],Smart Phones,True,"Brand: Infinix | Model Name: Hot 60 Pro | Display: 6.78 Inch, AMOLED Display, 144Hz refresh rate; 700 nits (typ), 1600 nits (HBM), 4500 nits (peak) ( 1224 x 2720 ) | Processor: MediaTek Helio G200 (6nm), Octa-core | Rear Camera: 50 MP, f/1.6, 27mm (wide), 1/2.8"", 0.64µm, PDAF Auxiliary lens; Dual-LED flash, HDR, panorama; Video 1440p@30fps, 1080p@30/60fps | Front Camera: 13 MP, f/2.2, 24mm (wide), 1.12µm; Video 1440p@30fps, 1080p@30/60fps | Battery Capacity: 5160 mAh, 45W charging | Number of sim cards: Dual SIM | Connectivity: Wi-Fi, Bluetooth 5.4, GPS, FM radio, USB Type-C 2.0, OTG | Other Features: Under-display optical fingerprint sensor"
Infinix,Infinix Hot 60 Pro Plus,11999.0,12888.0,[256.0],[8.0],['4G'],Smart Phones,True,"Brand: Infinix | Model Name: Hot 60 Pro Plus | Display: 6.78-inch AMOLED display, 144Hz refresh rate; (1224 x 2720 ) pixels, 700 nits (typ), 1600 nits (HBM), 4500 nits (peak) | Processor: MediaTek Helio G200 (6nm), Octa-core | Rear Camera: 50 MP, 26mm (wide), 1/1.95"", 0.8µm, PDAF; Auxiliary lens; Dual-LED flash, HDR, panorama; Video 1440p@30fps, 1080p@30/60fps | Front Camera: 13 MP, f/2.0, 22mm (wide); Dual-LED flash; Video 1440p@30fps, 1080p@30/60fps | Battery Capacity: 5160 mAh, 45W fast charging 50% in 22 minutes | Connectivity: Bluetooth 5.4, USB Type-C 2.0 (OTG), Infrared port, FM Radio, Wifi | Other Features: Fingerprint sensor; IP65 water and dust resistance | Number of SIM Cards: Dual"
Infinix,Infinix Hot 60i,7840.0,9102.0,"[128.0, 256.0]","[6.0, 8.0]",['4G'],Smart Phones,True,"Brand: Infinix | Model Name: Hot 60i | Display: Type: IPS LCD, 120Hz, 700 nits (HBM); 6.7 inches, 720 x 1600 pixels | Processor: Mediatek Helio G81 Ultimate (12 nm), Octa-core | Rear Camera: 50 MP, (wide), AF; Auxiliary lens; Features: Dual-LED flash, HDR, panorama; Video: 1440p@30fps | Front Camera: 8 MP, (wide), Video | Battery Capacity: 5160 mAh; 45W wired, 50% in 24 min; 10W reverse wired, Bypass charging | Connectivity: Wi-Fi 802.11 a/b/g/n/ac, dual-band; Bluetooth 5.3, A2DP, LE; Positioning GPS; FM radio; USB Type-C 2.0, OTG | Other Features: IP64 dust tight and water resistant (water splashes); Drop resistant up to 1.5m; Stereo speakers; Fingerprint (side-mounted); Accelerometer, gyro, proximity, compass | Number of SIM Cards: Dual SIM"
Infinix,Infinix Hot 70,8599.0,14644.0,"[128.0, 256.0]","[4.0, 6.0, 8.0]",['4G LTE'],Smart Phones,True,"Brand: Infinix | Model Name: Hot 70 | Display: 6.78-inch IPS LCD with 720 × 1576 resolution; Up to 120Hz refresh rate; Up to 700 nits brightness | Processor: Mediatek Helio G100 Ultimate (6 nm) - Octa-core | Rear Camera: 50 MP, f/1.9, (wide), AF; Auxiliary lens; Features: Dual-LED flash, HDR, panorama; Video: 1440p@30fps, 1080p@30fps | Front Camera: 8 MP, f/2.0, (wide); Features: Dual-LED flash; Video: 1440p@30fps, 1080p@30fps | Battery Capacity: 6000 mAh; Charging: 45W wired, 50% in 25 min; 10W reverse wired, Bypass charging | Connectivity: Wi-Fi,  Bluetooth 5.4, GPS; Infrared port, FM radio; USB Type-C 2.0, OTG, 3.5mm jack | Operating System: XOS 16 by Android 16 | Other Features: Stereo speakers; Fingerprint (side-mounted), accelerometer, gyro, proximity, compass sensors; IP65 Dust tight and water resistant | Number of SIM Cards: Dual SIM,"
Infinix,Infinix Note 50S,15150.0,15150.0,[256.0],[8.0],['5G'],Smart Phones,True,"Brand: Infinix | Model Name: Note 50S (5G); Display; 6.78 Inch, AMOLED, 144Hz, 1300 nits (peak); Resolutions: (1080 x 2436); Protection: Corning Gorilla Glass 5 | Processor: Mediatek Dimensity 7300 Ultimate (4 nm), Octa-core | Rear Camera: Dual Camera; 64 MP, f/1.8, (wide), PDAF; 2 MP; Features: Dual-LED flash, HDR, panorama; Video: 4K@30fps, 1080p@30fps; Front Camera; 13 MP, f/2.2, (wide); Video: 4K@30fps, 1080p@30fps | Battery Capacity: 5200 mAh, 45W wired; 10W reverse wired, bypass charging | Number of SIM Cards: Dual SIM (Nano SIM); Connectivity; Wi-Fi 802.11 a/b/g/n/ac/6, dual-band; Bluetooth 5.4; GPS; USB Type-C 2.0, OTG; Other Features; IP64 dust and splash resistant; RGB notification light; Stereo speakers (tuned by JBL); Hi-Res audio (24-bit/192kHz); Fingerprint (under display); Sensors: accelerometer, gyro, proximity, compass"
Infinix,Infinix Note 50s,15222.0,15645.0,[256.0],[8.0],['5G'],Smart Phones,True,"Brand: Infinix | Model Name: Note 50s; Display; 6.78 inch AMOLED, 1300 nits; 1080 x 2436, 144Hz, 2304Hz PWM; Processor; Mediatek Dimensity 7300 Ultimate (4 nm) Octa-cor; Rear Camera; 64 MP, f/1.8, (wide), 1/1.73"", 0.8µm, PDAF; 2 MP; Dual-LED flash, HDR, panorama; Video 4K@30fps, 1080p@30fps; Front Camera; 13 MP, f/2.2, (wide); Video 4K@30fps, 1080p@30fps | Battery Capacity: 5500 mAh, 45W wired, 100% in 60 min, 10W reverse wired | Number of SIM Cards: Dual SIM; Connectivity; Bluetooth 5.4; USB Type-C 2.0-OTG; GPS; Infrared port; Wi-Fi; Other Features; Fingerprint (side-mounted); Accelerometer, Gyro, Proximity, Compass Sensors; IP64 dust-tight and water-resistant"
Infinix,Infinix Note 60,19130.0,19250.0,[256.0],[8.0],['5G'],Smart Phones,True,"Brand: Infinix | Model Name: Note 60 | Display: 6.78-inch AMOLED display (1208x2644); 60Hz/90Hz/120Hz/144Hz reresh rate; 700 nits (TYP), 1600 nits (HBM Brightness) | Processor: MediaTek Dimensity 7400 Ultimate-Octa-core | Rear Camera: Main: 50MP, f/1.59, 0.8μm, FOV 78°, AF supported, OIS supported; Ultra-wide Angle: 8MP, f/2.2, 1.12 μm, FOV 111.4°, AF supported; Rear Flash; Video 4K 30FPS/1080P 60FPS/1080P 30FPS/720P 30FPS Slow Motion: 1080P 120FPS | Front Camera: 13MP, f/2.2, 1.12 μm, FOV 82°; Video  4K 30FPS/1080P 60FPS/1080P 30FPS/720P 30FPS | Battery Capacity: 6150mAh, charging 45W | Number of sim cards: 2 | Connectivity: Wi-Fi; Bluetooth 5.4; USB Type-C, OTG; GPS | Operating System: XOS 16, Powered by Android 16 | Other Features: Display Fingerprint sensor; G-sensor, e-compass sensor, gyroscope sensor, light sensor; IP64 Water and dust splash resistance"
Infinix,Infinix Note 60 Pro,26666.0,28199.0,[256.0],[12.0],['4G'],Smart Phones,True,"Brand: Infinix | Model Name: Note 60 Pro | Display: 6.78 inches, (1208 x 2644)  AMOLED, 144Hz, 700 nits (typ), 1600 nits (HBM), 4500 nits (peak) | Processor: Qualcomm SM7635-AC Snapdragon 7s Gen 4 (4 nm)-Octa Core | Rear Camera: 50 MP, f/1.6, 27mm (wide), 1/1.95"", 0.8µm, PDAF (9cm - ∞), OIS; 8 MP, f/2.2, 15mm, 112˚ (ultrawide), 1/4.0"", 1.12µm; Video Resolutions 4K@30fps, 1080p@30/60/120fps | Front Camera: 13 MP, f/2.2, 24mm (wide), 1/3.1"", 1.12µm | Battery Capacity: 6000 mAh 90W wired, 50% in 14 min, 100% in 35 min 30W wireless 7.5W reverse wired 5W reverse wireless | Number of sim cards: 2 | Connectivity: Wi-Fi; Bluetooth 5.4; GPS; Infrared port; USB Type-C 2.0, OTG; FM radio | Operating System: Android 16 | Other Features: Fingerprint (under display, optical); Accelerometer, gyro, proximity, compass, heart rate, SpO2 Sensors"
Infinix,Infinix Note Edge,15550.0,16799.0,[256.0],[8.0],['5G'],Smart Phones,True,"Brand: Infinix | Display: 6.78 Inches AMOLED display; Refresh rate: 60Hz, 90Hz, and 120Hz; Resolution: 1208 × 2644 pixels | Processor: MediaTek Dimensity 7100, octa-core | Rear Camera: 50MP, f/1.8, 0.8μm; Dual Flash; Video: 2K 30FPS/ 1080P 30FPS/ 1080P 60FPS/ 720P 30FPS | Front Camera: 13MP, f/2.2, 82° FOV; 2K 30FPS/ 1080P 30FPS/ 1080P 60FPS/ 720P 30FPS | Battery Capacity: 6500mAh, 45W wired charging | Connectivity: Bluetooth 5.4, OTG, USB-C, GPS FM Radio | Operating System: XOS 16, Powered by Android 16 | Other Features: Fingerprint, gyroscope, e-compass, proximity, light sensors; IP65 Splash, water & dust resistance; Infinix XPower 10 Pro Power Bank - Color May Vary | Model: Note Edge | Number of SIM cards: Dual SIM | Type: Power Bank | Capacity: 10000mAh | Wattage: 22.5 W | Number of ports: 3 Ports and a charging cable | Color: Color may vary"
Infinix,Infinix Smart 10,5209.0,9147.0,"[64.0, 128.0, 256.0]","[3.0, 4.0]",['4G LTE'],Smart Phones,True,"Brand: Infinix | Model Name: Smart 10; Display; 6.67 Inch IPS LCD, 120Hz refresh rate; HD+ (720 × 1600), 700 nits | Processor: Unisoc T7250, Octa-core; Rear Camera; 8MP, f/2.0, 1/4” sensor, 1.12μm, AF; Dual flash; 1080P 30FPS/720P 30FPS Video; AI Cam, Video, Dual Video, Beauty, Portrait; Front Camera; 8MP, f/2.0, 1/4” sensor, 1.12um, FF | Battery Capacity: 5000mAh, supports 15W charging | Connectivity: Bluetooth, USB Type-C, 3.5mm audio jack, FM radio, Wi-Fi, GPS; Other Features; Fingerprint sensor; IP64 water and dust resistance | Number of SIM Cards: Dual SIM"
Infinix,Infinix Smart 20,6330.0,7371.0,"[64.0, 128.0]",[4.0],['4G'],Smart Phones,True,"Brand: Infinix | Model Name: Smart 20 | Display: 6.78 inch, IPS LCD HD+ 720x1576; 45Hz/60Hz/90Hz/120Hz refresh rate; 560 nits (TYP), 700 nits (HBM Brightness) | Processor: MediaTek Helio G81 Ultimate- Octa Core | Rear Camera: 8MP, f/2.0, 1/4'' sensor, 1.12um, AF; Rear Dual Flash; AI Cam, Video, Dual Video, Portrait, Time-Lapse, Super Night, Pro, Panorama, Documents; Video 2K 30FPS/1080P,30FPS/720P 30FPS | Front Camera: 8MP, f/2.0, 1/4'' sensor, 1.12um, FF | Battery Capacity: 5200mAh, 10W Charger, 15W Supported | Number of sim cards: 2 | Connectivity: Wi-Fi 802.11; Bluetooth; USB Type-C, OTG; 3.5 Jack; FM Radio | Operating System: XOS16, Powered by Android 16 | Other Features: G-sensor, e-compass, gyroscope, light sensor, proximity sensor; Fingerprint sensor; IP64 splash, water and dust resistance"
Itel,Itel A100C,5111.0,6432.0,"[64.0, 128.0]","[2.0, 3.0]",['4G'],Smart Phones,True,"Brand: Itel | Model Name: A100C | Display: 6.6-inch IPS LCD, 90Hz; Resolution: 720x1612 (~267 ppi); Typical brightness: 400 nits | Processor: Unisoc T7100 Octa-core (1.8 GHz), PowerVR GE8322 GPU | Rear Camera: 8 MP, LED flash; Video: 1080p@30fps | Front Camera: 5 MP; Video: Yes | Battery Capacity: 5000 mAh | Connectivity: WLAN, Bluetooth, GPS; Infrared port, USB Type-C | Operating System: Itel OS 15, Android 15 (Go edition) | Other Features: Side-mounted fingerprint sensor, accelerometer; 3.5mm jack, loudspeaker | Number of SIM Cards: Dual SIM (Nano-SIM + Nano-SIM) | Network: 4G"
Itel,Itel A200 Plus,6344.0,6360.0,[128.0],[3.0],['LTE'],Smart Phones,True,"Brand: Itel | Model Name: A200 Plus | Display: 6.75-inch, 720 × 1600 pixels, 20:9 ratio (~260 ppi density), IPS LCD, 120Hz | Processor: Unisoc T7250 (12 nm)- Octa-Core | Rear Camera: 13 MP; LED Flash; Video 1080p@30fps | Front Camera: 5 MP | Battery Capacity: 6000 mAh, 18W fast wired charging | Number of sim cards: 2 | Connectivity: Wifi; USB Type-C 2.0, OTG; Bluetooth; GPS; Infrared | Operating System: Android 15 | Other Features: IP65 dust-tight and water-resistant; Drop-resistant up to 1.8 meters"
Itel,Itel A50,5151.0,5151.0,[64.0],[3.0],['4G'],Smart Phones,True,"Brand: itel | Model Name: A50; Display; Type: IPS LCD, 480 nits (peak); Size: 6.6 inches, 104.6 cm2 (~84.3% screen-to-body ratio); Resolution: 720 x 1612 pixels, 20:9 ratio (~267 ppi density) | Processor: Octa Core | Rear Camera: 8 MP auxiliary lens with LED flash | Front Camera: 5 MP | Battery Capacity: 5000 mAh | Connectivity: GPS, Bluetooth, USB Type C; Key Features; 8.7mm thickness; Android 14; Fingerprint (side-mounted); unspecified sensors; LED flash; Charging: 10W wired | Number of SIM cards: Dual SIM"
Itel,Itel A50C,5162.0,5173.0,[64.0],[2.0],['4G LTE'],Smart Phones,True,"Brand: Itel | Display: 6.56 Inches, IPS LCD, (540 x 1208 pixels) | Processor: Unisoc T603, Octa-core | Rear Camera: 8 MP, AF; LED flash | Front Camera: 5 MP | Battery Capacity: 4000 mAh | Connectivity: Wi-Fi, Bluetooth, GPS, USB Type-C | Other Features: Fingerprint | Number of SIM Cards: Dual SIM | Model: A50C"
Itel,Itel A90,5330.0,7204.0,"[64.0, 128.0, 256.0]","[3.0, 4.0, 12.0]",['4G'],Smart Phones,True,"Brand: Itel | Model Name: A90 | Display: 6.6-inch IPS LCD, 90Hz; Resolution: 720x1612; Brightness level: 4096; Typical brightness: 480 nits | Processor: Unisoc T7100 Octa-core | Rear Camera: 13 MP, AF, Auxiliary lens; LED flash, HDR, panorama; Video: 1080p@30fps; HDR mode, automatic multi-scene recognition; Camera beauty enhancement feature; 11 types of photography filters | Front Camera: 5 MP; Wide-angle mode, 4x zoom; Time-lapse, panorama, portrait; Video resolution up to 1080p at 30 fps | Battery Capacity: 5000 mAh, 15W fast charging; Up to 3 days of use on a single charge; 18 hours From the video; 75 hours of Play music; 31 hours Talk time | Connectivity: WLAN, Bluetooth; GPS; USB Type-C 2.0, OTG | Operating System: Itel OS 14, Android 14 | Other Features: Side fingerprint and face sensor; Camera slide zoom; GPT-based AI assistant alert function.; IP54 Water and dust resistant; Hi Translate, Dynamic Bar; DTS technology, Smart Link+ | Number of SIM Cards: Dual SIM"
Itel,Itel P65,5350.0,6982.0,[128.0],[8.0],"['4G', '4G LTE']",Smart Phones,True,"Brand: Itel | Model Name: P65 | Display: 6.7 Inch, Punch-Hole Display; 120Hz | Processor: Unisoc T615 | Rear Camera: 50 MP, f/1.6, (wide); Auxiliary lens, 10x Zoom; LED flash, HDR, panorama; Video: 1080p@30fps; Super Night Mode, AI Clear Portrait; HDR Mode | Front Camera: 8 MP, f/2.0, 26mm (wide); Video: 1080p@30fps | Battery Capacity: 5000mAh, 18W; 30 mins from 0% to 40%; 85 mins from 0% to 100%; Up to 3 days of light use; 1-2 days of heavy use.; 7.5 FPS Game, 31 Hours Calling; 105 Hours Music; 18 Hours Social Chat; AI Charging Mode | Connectivity: WLAN, Bluetooth; GPS, FM radio; USB Type-C, OTG | Operating System: Android 14, itel OS 14; Other Features; Dynamic Light Show; Dynamic Bar 2.0; Automatic Scene Recognition | Number of SIM Cards: Dual SIM"
Itel,Itel S23,6705.0,6705.0,[128.0],[4.0],['4G LTE'],Smart Phones,True,"Brand: Itel | Display: 6.6 inch IPS LCD, Resolution (720 x 1612 pixels) | Processor: Unisoc T606 (12 nm), Octa-core (2x1.6 GHz Cortex-A75 & 6x1.6 GHz Cortex-A55) | Front Camera: 8 MP, LED flash | Battery Capacity: 5000 mAh non-removable Li-Po, Supports 10W fast charging | Connectivity: Wi-Fi, Bluetooth, USB Type-C 2.0, OTG, GPS, Fingerprint | Number of SIM Cards: Dual SIM | Model: S23 | Main Camera: 50 MP, f/1.6 (wide), 0.08 MP (auxiliary lens), LED flash"
Itel,Itel it2160 Dual-SIM,725.0,725.0,[],[],[],Feature Phones,True,"Display: 1.7-inch screen | Battery Capacity: 1000mAh battery capacity | Connectivity: FM radio, USB port | Camera: 1.3MP rear camera | Memory: 512MB internal storage, 256MB RAM | Number of SIM Card: Dual SIM"
Itel,Itel it2165 Dual-SIM,666.0,666.0,[],[],[],Feature Phones,True,Brand: Itel | Model Name: it2165 | Display: 1.8-inch LCD display | Processor: MT6261D | Battery Capacity: 1000mAh | Connectivity: Micro USB | Other Features: 2000 Contacts and 100 messages memory | Storage capacity: Internal Memory 32 GB
Motorola,Motorola Edge 50 Fusion,16689.0,16689.0,[512.0],[12.0],['5G'],Smart Phones,True,"Brand: Motorola | Model Name: Edge 50 Fusion | Display: • 6.7 Inches, pOLED, 120Hz, 1600 nits; • FHD+ Resolution (2400 × 1080) | Processor: Qualcomm Snapdragon 7s Gen 2 | Rear Camera: • Dual Camera; • 50 MP, f/1.88 (Wide) with Ultra Pixel Technology; • 13 MP, f/2.2 (Ultra-Wide), OIS | Front Camera: • 32 MP, f/2.45 with Quad Pixel Technology | Battery Capacity: 5000 mAh | Connectivity: • Wi-Fi; • Marshmallow Bluetooth 5.2; • Positioning GPS | Other Features: • On-screen fingerprint reader; • Face unlock feature | Number of SIM Cards: 2 | Video: FHD@30/60fps, UHD@30fps | • Video: UHD@30fps | Features: Portrait, Photo Booth, Dual Capture | Slow Motion: FHD@120fps, HD@240fps"
Motorola,Motorola Edge 60,20499.0,20666.0,[512.0],[12.0],['5G'],Smart Phones,True,"Brand: Motorola | Model Name: Edge 60; Display; 6.67 Inch, P-OLED, 120Hz, HDR10+, 4500 nits (peak); Resolutions: (1220 x 2712); Protection: Corning Gorilla Glass 7i | Processor: Mediatek Dimensity 7300 (4 nm), Octa-core | Rear Camera: Triple Camera; 50 MP, f/1.8, (wide), PDAF, OIS; 10 MP, f/2.0, (telephoto), 3x optical zoom, PDAF, OIS; 50 MP, f/2.0, 122˚ (ultrawide), PDAF; Features: LED flash, HDR, panorama; Video: 4K@30fps, 1080p@30/60/120/240fps; Front Camera; 50 MP, f/2.0, (wide); Features: HDR; Video: 4K@30fps, 1080p@30/120fps | Battery Capacity: 5200mAh, 68W wired | Operating System: Android 15 | Other Features: IP68/IP69 dust and water resistant (up to 1.5m for 30 min); MIL-STD-810H compliant; Stereo speakers with Dolby Atmos; Fingerprint (under display), accelerometer, gyro, proximity, compass; Smart Connect support | Number of SIM Cards: Dual SIM | Network: 5G; Connectivity; Wi-Fi 802.11 a/b/g/n/ac/6, dual-band; Bluetooth; Positioning: GPS, GLONASS, GALILEO; USB Type: Type-C 2.0, OTG"
Motorola,Motorola Edge 60 Fusion,16799.0,17999.0,[256.0],[12.0],['5G'],Smart Phones,True,"Brand: Motorola | Model Name: Edge 60 Fusion | Display: 6.67 inches P-OLED, 120Hz; HDR10+, 1220 x 2712 pixels | Processor: MediaTek Dimensity 7300 (4 nm) - Octa Core | Rear Camera: 50 MP, f/1.9, (wide), 1/1.56"", 1.0µm, multi-directional PDAF, OIS; 13 MP, f/2.2, 120˚ (ultrawide), 1/3.0"", 1.12µm, AF; LED flash, HDR, panorama; Video 4K@30fps, 1080p@30/60/120/240fps, gyro-EIS | Front Camera: 32 MP, f/2.2, (wide), 1/3.14"", 0.7µm; HDR; Video 4K@30fps, 1080p@30fps, gyro-EIS | Battery Capacity: 5200 mAh, 68W wired | Connectivity: Wi-Fi; Bluetooth 5.4; USB Type-C 2.0; GPS | Other Features: Fingerprint; Stereo Speakers with Dolby Atmos | Number of SIM Card: Dual SIM"
Motorola,Motorola Edge 60 Pro,44780.0,44780.0,[512.0],[12.0],['5G'],Smart Phones,True,"Brand: Motorola | Model Name: Edge 60 Pro | Display: Type: P-OLED, 1B colors, 120Hz, 720Hz PWM, HDR10+, 4500 nits peak; 6.7 inches, 1220 x 2712 pixels; Corning Gorilla Glass 7i | Processor: Mediatek Dimensity 8350 Extreme (4 nm), Octa-core | Rear Camera: Triple Camera; 50 MP, f/1.8, 24mm (wide), 1/1.56"", 1.0µm, multi-directional PDAF, OIS; 10 MP, f2.0, 73mm (telephoto), 1/3.94"", 1.0µm, PDAF, 3x optical zoom, OIS; 50 MP, f/2.0, 120˚ (ultrawide), 1/2.76"", 0.64µm, PDAF; Color spectrum sensor, LED flash; HDR, panorama, Pantone Validated Colour and Skin Tones; 4K@30fps, gyro-EIS, HDR10+ | Front Camera: 50 MP, f/2.0, (wide), 1/2.76"", 0.64µm, HDR; Video: 4K@30fps | Battery Capacity: 6000 mAh; 90W wired, PD3.0; 15W wireless; 5W reverse wired | Connectivity: Wi-Fi 802.11 a/b/g/n/ac/6e, tri-band; Bluetooth; GPS, GLONASS, GALILEO, BDS, NavIC; USB Type-C, OTG | Other Features: IP68/IP69 dust-tight and water-resistant; Stereo speakers (with Dolby Atmos); Fingerprint, accelerometer, gyro, proximity, compass; Smart Connect support | Number of SIM Cards: Dual SIM"
Motorola,Motorola G56,12000.0,12475.0,[256.0],[12.0],[],Smart Phones,True,"Brand: Motorola | Model Name: G56 | Display: 6.72- inch, (1080 x 2400  ); IPS LCD, 120Hz refresh rate | Processor: Mediatek Dimensity 7060 (6 nm)- Octa Core | Rear Camera: 50 MP, f/1.8, 25mm (wide); 8 MP, f/2.2, 12mm, 118˚ (ultrawide); LED flash, HDR, panorama; Video 1080p@30/60fps | Battery Capacity: 5200 mAh 30W wired | Number of sim cards: 2 | Connectivity: Wi-Fi; Bluetooth 5.3; GPS; USB Type-C 2.0 | Other Features: Fingerprint (side-mounted), accelerometer, gyro, proximity, compass; Smart Connect support | Front camera: 32 MP, f/2.2, (wide), 0.7µm"
Motorola,Motorola Moto G35,8989.0,9222.0,[256.0],[8.0],['5G'],Smart Phones,True,"Brand: Motorola | Display: 6.72 inches FHD+ (1080 × 2400) IPS LCD, 120 Hz refresh rate | Processor: Unisoc T760 (6 nm) - Octa Core | Rear Camera: • Dual Camera; • 50 MP, f/1.8 (wide), 0.64µm, PDAF; • 8 MP, f/2.2, 120˚ (ultrawide), 1/4.0"", 1.12µm | Front Camera: 16 MP, f/2.5 (wide), 1.0µm | Battery Capacity: 5000 mAh, 18W wired charging | Connectivity: • Wi-Fi 802.11 a/b/g/n/ac, dual-band; • Bluetooth 5.0, A2DP, LE; • USB-C | Number of SIM Cards: Dual SIM | Model: Moto G35 | Video Recording: 4K@30fps, 1080p@30fps"
Motorola,Motorola Moto G85,12999.0,13111.0,[256.0],[12.0],['5G'],Smart Phones,True,"Brand: Motorola | Display: 6.67 Inch (1080 × 2400) P-OLED, 120 Hz refresh rate | Processor: Qualcomm SM6375 Snapdragon 6s Gen 3 - Octa Core | Rear Camera: • Dual Camera; • 50 MP, f/1.8 (wide), 1/1.95"", 0.8µm, PDAF, OIS; • 8 MP, f/2.2, 118˚ (ultrawide), 1.12µm, AF | Front Camera: 32 MP, f/2.4 (wide), 0.7µm | Battery Capacity: 5000 mAh, 30W wired charging | Connectivity: • Wi-Fi 802.11 a/b/g/n/ac, dual-band; • Bluetooth 5.1, A2DP, LE; • Type-C | Number of SIM Cards: Dual SIM | Model: Moto G85 | • Video Recording: 1080p@30/60fps"
Nokia,Nokia 102 TA-1765 DS Dual-SIM,999.0,999.0,[],[],[],Feature Phones,True,"Brand: Nokia | Model Name: 102 TA-1765 DS | Display: 1.77 inches , 128 x 160 pixels (~116 ppi density) TFT | Rear Camera: QVGA | Battery Capacity: 1000 mAh Removable 2.75W | Connectivity: Wireless FM radio, microUSB | Operating System: S30+ | Storage capacity: Internal Memory  4MB, RAM  8MB"
Nokia,Nokia 105 2019 Dual-SIM,485.0,485.0,[],[],[],Feature Phones,True,"Brand: Nokia | Model Name: 105 2019 | Display: 1.77 Inch | Battery Capacity: 800mAh | Connectivity: Micro USB, Radio FM , 3.5mm"
Nokia,Nokia 105 2023 Dual-SIM,1044.0,1044.0,[],[],[],Feature Phones,True,Brand: Nokia | Display: 1.8 Inch (120 x 160) TFT LCD Display | Battery Capacity: 1000 mAh Li-ion Battery | Connectivity: Wireless FM radio & microUSB 1.1 | Model: 105 (2023) | Camera: Not Available
Nokia,Nokia 105 Dual-SIM,475.0,863.0,[],[],[],Feature Phones,True,"Brand: Nokia | Display: 1.8 Inch | Battery Capacity: 800 mAh | Connectivity: Micro USB 2.0, FM Radio | Model: Nokia 105 | Memory: 4MB RAM"
Nokia,Nokia 106 (2018) Dual-SIM,485.0,575.0,[],[],[],Feature Phones,True,"Brand: Nokia | Display: 1.8 inches, TFT, 120 × 160 resolution | Battery Capacity: 800 mAh | Connectivity: FM radio, Micro USB 2.0 | Model: 106 (2018) | Memory: RAM – 4 MB"
Nokia,Nokia 108 Dual-SIM,860.0,860.0,[],[],[],Feature Phones,True,"Brand: Nokia | Model Name: 108 | Display: 2.0 inches, 240 x 320 pixels, 4:3 ratio (~167 ppi density) TFT LCD, 65K colors | Connectivity: Wireless FM radio, USB Type-C | Operating System: Android | Other Features: Dual flashlight, MP3 player; Space for up to 2,000 contacts; Internal memory microSDHC | Battery: Li-Ion 1450 mAh, removable | Storage capacity: 4MB RAM"
Nokia,Nokia 110,852.0,865.0,[],[],[],Feature Phones,True,"Brand: Nokia | Display: 1.8-inch QQVGA screen | Battery Capacity: 800mAh | Connectivity: FM radio, micro USB 2.0, 3.5mm headphone jack | Model: 110 | Number of SIM cards: Dual SIM | Camera: QVGA rear camera | Memory: 4MB internal storage, 4MB RAM"
Nokia,Nokia 110 (2019) Dual-SIM,864.0,865.0,[],[],[],Feature Phones,True,"Brand: Nokia | Display: 1.77 inch QQVGAÂ screen | Battery Capacity: 800mAh | Connectivity: FM radio, micro USB 2.0, 3.5mm headphone jack | Model: 110 | Number of SIM cards: Dual SIM | Camera: QVGA rear camera | Memory: 4MB internal storage, 4MB RAM"
Nokia,Nokia 110 (2023) Dual-SIM,1399.0,1399.0,[],[],[],Feature Phones,True,"Brand: Nokia | Display: 1.8 inches, TFT LCD, 65K colors, (120 x 160 pixels) | Battery Capacity: 1000mAh | Connectivity: Wireless FM radio, microUSB 1.1 | Model: 110 (2023) | Number of SIM cards: Dual SIM | Camera: QVGA rear camera | Memory: microSDHC"
Nokia,Nokia 110 Y2026 Dual-SIM,1299.0,1299.0,[],[],[],Feature Phones,True,"Brand: Nokia | Model Name: 110 Y2026 | Display: 2 inches , 120 x 160 pixels, 4:3 ratio (~100 ppi density) TFT | Rear Camera: QVGA | Battery Capacity: 1750 mAh, removable | Connectivity: Wireless FM radio, microUSB | Operating System: Android | Storage capacity: Internal Memory  4MB, RAM  4MB"
Nokia,Nokia 125 Dual-SIM,1160.0,1399.0,[],[],[],Feature Phones,True,"Brand: Nokia | Display: 2.4 inches,tf 240 x 320 pixels, 4:3 ratio (~167 ppi density) TFT LCD, 65K colors | Connectivity: FM radio, microUSB 2.0 | Operating System: Android | Battery: Li-Ion 1020 mAh, removable Up to 560 h Up to 19 h | Model No.: TA-1253 | Storage Capacity: 4 MB, RAM: 4MB | No. of SIM Cards: Dual (Mini)"
Nokia,Nokia 150,1127.0,1127.0,[],[],[],Feature Phones,True,"Brand: Nokia | Model Name: 150, Middle East Version 2023 | Display: 2.4 Inch | Battery Capacity: 1450 mAh | Connectivity: Micro USB | Storage Capacity: 4MB, 4MB RAM"
Nokia,Nokia 210 Dual-SIM,828.0,856.0,[],[],[],Feature Phones,True,"Brand: Nokia | Display: 2.4-inch TFT screen | Battery Capacity: 1020mAh; Connectivity; Bluetooth 3.0, FM radio, micro USB 2.0, 3.5mm headphone jack | Model: 210 | Number of SIM cards: Dual SIM | Camera: 0.3MP rear camera | Memory: 16MB internal storage"
Nokia,Nokia 216 Dual-SIM,864.0,864.0,[],[],[],Feature Phones,True,"Brand: Nokia | Display: 2.4 Inch, TFT, 240 x 320 pixels | Connectivity: microUSB 1.1, Bluetooth | Other Features: Camera LED Flash; Waterproof; Built-in music player and FM Radio | Number of SIM Cards: Dual Mini-SIM | Camera: VGA | Battery capacity: 1020 mAh | Model name: 216.0 | Capacity/Memory: 16MB | Video: 240p@15fps"
Nokia,Nokia 230 Dual-SIM,4493.0,4493.0,[],[],[],Feature Phones,True,"Brand: Nokia | Model Name: 230 | Display: 2.8 Inch, TFT | Rear Camera: 2 MP | Front Camera: 2 MP | Battery Capacity: 1000 - 2000 mAh | Connectivity: Bluetooth: 3.0; Radio Stereo FM radio; Micro USB 1.1 | RAM: 16MB"
Nokia,Nokia 5310,882.0,882.0,[],[],[],Feature Phones,True,"Brand: Nokia | Display: 2.4-inch (240x320) TFT Display | Processor: MediaTek MT6260A | Rear Camera: VGA Rear Camera | Battery Capacity: 1200mAh | Connectivity: Bluetooth, Micro USB 1.1, FM Radio | Model: 5310 | Memory: 16MB Internal Storage, 8MB RAM"
Nokia,Nokia 5310 Dual-SIM,999.0,999.0,[],[],[],Feature Phones,True,"Brand: Nokia | Display: 2.4-inch (240×320) TFT display | Processor: MediaTek MT6260A | Rear Camera: VGA rear camera | Battery Capacity: 1200 mAh | Connectivity: Bluetooth, micro USB 1.1, FM Radio | Model: 5310 | Memory: 16MB internal storage, 8MB RAM"
Nokia,Nokia 6310 2021 Dual-SIM,888.0,899.0,[],[],[],Feature Phones,True,"Brand: Nokia | Display: 2.8 inches TFT LCD (240×320) | Battery Capacity: 1150 mAh | Connectivity: Bluetooth 5.0, FM Radio, Micro-USB, 3.5 mm Headphone jack | Model: 6310 2021 | Camera: VGA, LED flash | Memory: 16MB internal storage, 8MB RAM"
Nokia,Nokia Dual-SIM,863.0,895.0,[],[],[],Feature Phones,True,Brand: Nokia | Display: 1.8 Inch (120 x 160) TFT LCD Display | Battery Capacity: 1000 mAh Li-ion Battery | Connectivity: Wireless FM radio & microUSB 1.1 | Model: 105 (2023) | Camera: Not Available
Nothing,Nothing Phone 3A,24625.0,24999.0,[256.0],[12.0],['5G'],Smart Phones,True,"Brand: Nothing | Model Name: Phone 3A; Display; 6.77 Inches AMOLED display; 1B colors, 120Hz, 2160Hz PWM, HDR10+; 800 nits (typ), 1300 nits (HBM), 3000 nits (peak); Resolution 1080 x 2392 pixels; Ultra HDR image support | Processor: Qualcomm SM7635 Snapdragon 7s Gen 3 (4 nm) - Octa Core; Rear Camera; Triple Camera; 50 MP, f/1.9, 24mm (wide), 1/1.57"", 1.0µm, dual pixel PDAF, OIS; 50 MP, f/2.0, 50mm (telephoto), 1/2.74"", 0.64µm, PDAF (25cm - ∞), 2x optical zoom; 8 MP, f/2.2, 15mm, 120˚ (ultrawide), 1/4.0"", 1.12µm; Features: LED flash, panorama, HDR; Video: 4K@30fps, 1080p@30/60/120fps, gyro-EIS, OIS; Front Camera; 32 MP, f/2.2, 22mm (wide), 1/3.44""; Video: 1080p@30fps; Battery; 5000 mAh Battery capacity; Charging: 50 watts wired, 50% in 19 min, 100% in 56 min | Number of SIM cards: Dual SIM; Connectivity; Wi-Fi, Bluetooth 5.4, USB-C 2.0, OTG; Positioning: GPS, GALILEO, GLONASS, BDS, QZSS; Other Features; Fingerprint (under display, optical), accelerometer, gyro, proximity, compass sensors; IP64 Dust tight and water resistant; 3 LED light strips on the back; With stereo speakers"
Nothing,Nothing Phone 3A Pro,33999.0,33999.0,[256.0],[12.0],['5G'],Smart Phones,True,"Brand: Nothing | Model Name: Phone 3A Pro | Display: 6.77-inch AMOLED display; 1B colors, 120Hz, 2160Hz PWM, HDR10+; 800 nits (typ), 1300 nits (HBM), 3000 nits (peak); Resolution 1080 x 2392 pixels; Ultra HDR image support | Processor: Qualcomm SM7635 Snapdragon 7s Gen 3 (4 nm) - Octa-core; Rear Camera; Triple Camera; 50 MP, f/1.9, 24mm (wide), 1/1.56"", 1.0µm, dual pixel PDAF, OIS; 50 MP, f/2.6, 70mm (periscope telephoto) (15cm - ∞), 1/1.95"", 0.8µm, PDAF, OIS, 3x optical zoom; 8 MP, f/2.2, 15mm, 120˚ (ultrawide), 1/4.0"", 1.12µm; Features: LED flash, panorama, HDR; Video: 4K@30fps, 1080p@30/60/120fps, gyro-EIS, OIS | Front Camera: 50 MP, f/2.2, 24mm (wide), 1/2.76""; Video: 4K@30fps, 1080p@30fps | Connectivity: Wi-Fi, Bluetooth 5.4, USB-C 2.0, OTG; Positioning: GPS, GALILEO, GLONASS, BDS, QZSS | Other Features: Fingerprint (under display, optical), accelerometer, gyro, proximity, compass sensors; IP64 dust-tight and water-resistant; 3 LED light strips on the back; With stereo speakers | Number of SIM cards: Dual SIM | Battery: 5000 mAh Battery capacity; Charging: 50 watts wired, 50% in 19 min, 100% in 56 min"
Oppo,Oppo A16,7260.0,7260.0,[64.0],[4.0],['4G LTE'],Smart Phones,True,"Brand: Oppo | Display: 6.5-inch IPS LCD HD+ (720 x 1600) Eye-Care Display | Processor: MediaTek Helio G35 octa-core | Rear Camera: 13MP, f/2.2, 26mm (wide lens); 2 MP, f/2.4, (macro lens); 2 MP, f/2.4, (depth lens) | Front Camera: 8MP, f/2.0, (wide) | Battery Capacity: 5000mAh | Connectivity: Wi-Fi, GPS, Bluetooth 5.0, Type-C USB, Side-mounted fingerprint | Model: A1"
Oppo,Oppo A16K,5125.0,5138.0,[32.0],[3.0],['4G LTE'],Smart Phones,True,"Brand: Oppo | Display: 6.52-inch (720 x 1600) IPS LCD touchscreen | Processor: MediaTek MT6765G Helio G35 octa-core | Rear Camera: 13MP, f/2.2, 26mm (wide) | Front Camera: 5 MP, f/2.4, 27mm (wide) | Battery Capacity: 4230mAh | Connectivity: Bluetooth 5.0, Wi-Fi, GPS, microUSB 2.0 | Operating System: Android 11 | Model: A16K | Number of SIM: Dual sim"
Oppo,Oppo A38,8925.0,8925.0,[128.0],[4.0],['4G LTE'],Smart Phones,True,"Brand: Oppo | Display: 6.56 inch, IPS LCD, (720 x 1612 pixels) | Processor: Mediatek MT6769 Helio G85 (12nm); Octa-core (2x2.0 GHz Cortex-A75 & 6x1.8 GHz Cortex-A55) | Front Camera: 5 MP, f/2.2 (wide) | Battery Capacity: 5000 mAh, non-removable Li-Po, supports 33W fast charging | Connectivity: Wi-Fi, Bluetooth V5.3, GPS, USB Type-C 2.0, OTG, Fingerprint (side-mounted) | Number of SIM Cards: Dual SIM | Model: A38 | Dual Camera: 50 MP, f/1.8 (wide) + 2 MP, f/2.4 (depth); LED flash, HDR, panorama"
Oppo,Oppo A5,9990.0,14666.0,[256.0],[8.0],['4G LTE'],Smart Phones,True,"Brand: Oppo | Model Name: A5; Display; 6.67 Inches, IPS LCD, 120Hz, 500 nits; 720 x 1604 | Processor: Mediatek Dimensity 6300 (6 nm); Rear Camera; 50 MP, f/1.8, (wide), PDAF; 2 MP, f/2.4, (wide); Feature LED flash, HDR, panorama; Video 1080p@30fps; Front Camera; 8 MP, f/2.0, (wide); Panorama; Video 1080p@30fps; Battery Capacity; 6000 mAh, 45W wired, 33W PPS, 13.5W PD, 50% in 37 min | Number of SIM Cards: 2; Connectivity; Wi-Fi; Bluetooth 5.4; Positioning GPS; USB Type-C 2.0, OTG; Other Features; Fingerprint (side-mounted); IP65 dust tight and water resistant"
Oppo,Oppo A5 Pro,17900.0,17900.0,[256.0],[8.0],['4G LTE'],Smart Phones,True,"Brand: Oppo | Model Name: A5 Pro; Display; 6.67 Inch, IPS LCD, 120Hz, 1000 nits; Corning Gorilla Glass 7i or Schott Xensation Alpha ( 720 x 1604 ) pixels | Processor: Mediatek Dimensity 6300 (6 nm) Octa-core; Rear Camera; 50 MP, f/1.8, (wide), PDAF; 2 MP, f/2.4, (depth); LED flash, HDR, panorama; 1080p@30/60fps; Front Camera; 8 MP, f/2.0, (wide); 1080p@30fps | Battery Capacity: 5800 mAh, Charging 45W wired, 45W PD, 50% in 35 min | Number of SIM Cards: 2; Connectivity; Wi-Fi; Bluetooth 5.3; Positioning GPS; USB Type-C 2.0, OTG; Other Features; Sensors Fingerprint (side-mounted), accelerometer, proximity, compass"
Oppo,Oppo A5i,8358.0,8358.0,[64.0],[4.0],['4G LTE'],Smart Phones,True,"Brand: Oppo | Model Name: A5i | Display: 6.67 Inch, HD+ LCD, 264PPI, 90Hz | Processor: Qualcomm Snapdragon 6s Gen1, Octa Core | Rear Camera: 8MP, f/2.0, 4P lens; Autofocus, open-loop focus motor; 78° field of view; Up to 1080P@30fps | Front Camera: 5MP, f/2.2, 3P lens; 78° field of view, Fixed Focus; Up to 1080/720P@30fps | Battery Capacity: 5100mAh, 45-Watt SUPERVOOC fast charging | Connectivity: Wi-Fi 5 (802.11ac), 802.11a/b/g/n; Bluetooth 5.0, USB Type-C; Earphone Jack 3.5mm; BeiDou, GPS, GLONASS, Galileo, and QZSS | Other Features: IP54 splash and dust resistance.; Fingerprint, Facial Recognition.; Ultra Volume Mode, Turbo Torch. | Number of SIM Cards: Dual SIM | Resolution: 1604 × 720 pixels | Brightness: 1000 nits"
Oppo,Oppo A5i Pro,17472.0,19270.0,[256.0],[8.0],['5G'],Smart Phones,True,"Brand: Oppo | Model Name: A5i Pro | Display: 6.67-inch HD+ IPS LCD Display (720 x 1604 ) 90Hz Refresh Rate, 1000nits | Processor: Qualcomm Snapdragon 6s 4G Gen 1 (11 nm), Octa-Core | Rear Camera: 50 MP (f/1.85 Aperture, Autofocus); LED Flash; Up to 1080p video recording | Front Camera: 5 MP (f/2.2 Aperture); Up to 1080p video recording | Battery Capacity: 6000 mAh, 45W Fast charging | Number of sim cards: 2 | Connectivity: Wifi; USB Type-C; Bluetooth 5; GPS; Infrared | Operating System: Android 15 with ColorOS 15.0 | Other Features: Glass front, Plastic back; IP65 dust and  water resistance; MIL-STD 810H shock resistance; Compass, Ambient Light Sensor, Proximity Sensor, Accelerometer sensors; Face ID and  Fingerprint Sensor (side-mounted)"
Oppo,Oppo A5x,9896.0,9896.0,[128.0],[4.0],['4G LTE'],Smart Phones,True,"Brand: Oppo | Model Name: A5x | Display: • 6.67 Inch, LCD, 264 PPI, 90 Hz | Processor: Snapdragon 6s 4G Gen 1 Mobile Platform, Octa‑core | Rear Camera: • Wide Angle, 32 MP, f/1.8, autofocus, 76° FOV, 5P lens; • Up to 1080P 30fps | Front Camera: • 5 MP, f/2.2, 77° FOV, 3P lens; • Up to 1080P 30fps | Battery Capacity: 5860 mAh, Fast charging 45 Watt SUPERVOOC | Connectivity: • Wi-Fi 5 (802.11ac), 802.11b/g/a/n; • Bluetooth 5.0, USB Type-C | Other Features: • IP65 water and dust resistance; • Ultra Volume Mode; • Fingerprint, Facial Recognition; • Infrared remote control | Number of SIM Cards: Dual SIM | • Resolution: 720 × 1604 | • Brightness: typical 850 nits, peak 1000 nits | • Earphone Jack: 3.5mm jack; • Beidou, GPS, GLONASS, Galileo, QZSS | • Touch sampling: up to 180 Hz"
Oppo,Oppo A6,10319.0,15398.0,"[128.0, 256.0]","[4.0, 6.0, 8.0]",['4G'],Smart Phones,True,"Brand: Oppo | Display: 6.75 inches, LCD, 16.7 million colours, 120Hz; Resolutions: HD+ 1570 × 720 Pixels, 256 PPI; Brightness: Normal brightness: 800nits (Typical), HBM: 1125nits (Typical) | Processor: Qualcomm Snapdragon 685, 8 cores | Front Camera: 8MP; f/2.0; FOV 80°; 4P lens; 1080P and 720P video recording at 30fps; Shooting Modes:  Photo, Video, Portrait, Night, PANO, Dual-view video, TIME-LAPSE, STICKER, Retouch, Screen Fill Light, HI-RES | Connectivity: Wi-Fi 5 (802.11ac) supported; Wi-Fi Display supported, WLAN; Bluetooth 5.0, Earphone Jack: Type-C; Beidou, GPS, GLONASS, Galileo, QZSS | Operating System: ColorOS 15.0 | Other Features: Fingerprint, Facial Recognition; IP69 Water and Dust Resistance; SuperCool VC System; Sensors: Proximity sensor, ambient light sensor, e-compass, accelerometer, and side fingerprint sensor | Number of SIM Cards: Dual SIM (Nano) | Model: A6 | Rare Camera: Wide angle: 50MP; f/1.8; FOV 76°; 5P lens; AF supported; Monochrome: 2MP; f/2.4; FOV 89°; 3P lens; Video: 1080P & 720P video at 30fps, up to 10× digital zoom; Shooting Modes: Photo, Video, Portrait, Night, PANO, SLO-MO, Dual-view video, TIME-LAPSE, STICKER, HI-RES, Google Lens, Underwater, PRO | Battery: Capacity: 7000mAh/27.44Wh (Typical); Fast Charge: Up to 45W SUPERVOOCTM charging, Reverse Wired Charging; Playtime: Up to 41 days standby, Screen-off calls: up to 49 hours | Model No.: CPH2817"
Oppo,Oppo A6 Pro,16299.0,18333.0,[256.0],[8.0],"['4G', '5G']",Smart Phones,True,"Brand: Oppo | Model Name: A6 Pro | Display: 6.57-inch AMOLED display, FHD + ( 2372 x 1080 ); 120Hz refresh rate, 600 nits, 1400 nits high brightness mode | Processor: MediaTek Dimensity 6300- Octa Core | Rear Camera: 50MP f/1.8 aperture; 76° FOV; 5P lens; supports autofocus (AF), Wide Angle; 2MP  f/2.4 aperture; 89° FOV; 3P lens, Monochrome; Supports multi-view video shooting ( 1080P Video: 60 fps, 30 fps, 720P Video: 60 fps, 30 fps, 720P SLO-MO Video: 120 fps, 1080P Time-Lapse Video: 30 fps) | Front Camera: 16 MP; f/2.4 aperture; 85° FOV; 4P lens.; Supports multi-view video shooting ( 1080P video: 30 fps, 720P video: 30 fps, 1080P time-lapse video: 30 fps) | Battery Capacity: 7000mAh, 27.44Wh Charging | Connectivity: Wi-Fi, Bluetooth 5.4, GPS, USB Type-C | Other Features: Fingerprint sensor; Face ID | Number of SIM cards: Dual SIM Card"
Oppo,Oppo A6t,12550.0,12899.0,[128.0],[6.0],"['4G', '5G']",Smart Phones,True,"Brand: Oppo | Model Name: A6t | Display: 6.75-inch LCD Display; HD+ (1570 × 720) Resolution; 120Hz Refresh Rate; Up to 1125 nits Peak Brightness | Processor: MediaTek Dimensity 6300 Octa-Core | Rear Camera: 50 MP Wide Camera; 2 MP Monochrome Camera; Video Recording up to 720P@60fps; Up to 10x Digital Zoom | Front Camera: 5 MP Camera; Video Recording up to 720P@30fps | Battery Capacity: Capacity: 6500mAh; Charging: Standard Charging (Fast Charging Not Supported) | Connectivity: Wi-Fi 802.11 a/b/g/n/ac (Wi-Fi 5); Bluetooth 5.4; USB Type-C; OTG; GPS, A-GPS, GLONASS, Galileo, BeiDou, QZSS; 3.5mm Audio Jack | Operating System: ColorOS 15.0, Android 15 | Other Features: Side-Mounted Fingerprint Sensor, Facial Recognition; Proximity Sensor, Ambient Light Sensor, E-Compass, Accelerometer; microSD Card Support | Number of SIM Cards: Dual Nano-SIM, 5G | Dimensions: 166.61 × 78.51 × 8.61mm | Model Number: CPH2853"
Oppo,Oppo A6x,7980.0,8999.0,"[64.0, 128.0]",[4.0],['4G'],Smart Phones,True,"Brand: Oppo | Display: 6.75 inches, LCD, 120Hz, Ratio: 90.6%; Resolution: 1570 × 720 Pixels (HD+), 256 PPI; Brightness: 800 nits (Normal), 1125 nits (HBM); Color: 16.7 million colors, Vivid mode: 85% DCI‑P3, Natural mode: 100% sRGB | Processor: Qualcomm Snapdragon 685, Octa Core | Front Camera: 5 MP, f/2.2, 77° FOV, 3‑piece lens; Video Recording: 1080p/720p @ 30 fps; Shooting Modes: Portrait, Night, Panorama, Time-Lapse, Sticker, Retouch,; Screen Fill Light, Hi‑Res | Connectivity: Wi-Fi 5 (802.11 a/b/g/n/ac), Wi-Fi Display, WLAN Tethering, Bluetooth 5.0, GPS/Beidou/GLONASS/Galileo/QZSS | Other Features: Side Fingerprint; Facial Recognition; IP64 Water & Dust Resistance; Sensors: Proximity sensor, Ambient light sensor, E-compass, Accelerometer | Model: A6x | Number of SIM cards: Dual SIM (Nano) | Rare Camera: 13 MP wide-angle, f/2.2, 77° FOV, 4‑piece lens, autofocus; QVGA monochrome, f/3.0, 40° FOV, 1‑piece lens; Video Recording: 1080p/720p @ 30 fps, 1080p Time-Lapse @ 30 fps; Digital Zoom: Up to 10×; Shooting Modes: Portrait, Night, Panorama, Time-Lapse, Sticker, Hi‑Res, Google Lens, Pro | Battery: Capacity: 6500mAh/25.22Wh; reverse wired; Video playback: 13.3 h, Gaming: 9.6 h, Standby: 880 h, Calls: 38.2 h | Model No.: CPH2819"
Oppo,Oppo A78,12810.0,14253.0,"[128.0, 256.0]",[8.0],['4G LTE'],Smart Phones,True,
Oppo,Oppo A96,9950.0,10923.0,"[128.0, 256.0]",[8.0],['4G LTE'],Smart Phones,True,"Brand: Oppo | Display: 6.59-inch IPS LCD (1080 x 2412) with 90Hz refresh rate; Rear Camera; 50 MP, f/1.8, 27mm (wide), PDAF; Auxiliary lens; LED flash, HDR, panorama; Video 1080p@30fps | Processor: Qualcomm SM6225 Snapdragon 680 4G (6 nm) octa-core | Front Camera: 16MP, f/2.0, 26mm (wide) | Battery Capacity: 5000mAh with 33W fast charge (supports reverse charging) | Connectivity: Wi-Fi, Bluetooth 5.0, GPS, USB Type-C 2.0, side-mounted fingerprint | Model: A96"
Oppo,Oppo Find X9 Pro,69999.0,69999.0,[512.0],[16.0],['5G'],Smart Phones,True,"Brand: Oppo | Model Name: Find X9 Pro | Display: 6.78 Inch, 450 PPI; Resolution: FHD+, AMOLED (2772 × 1272); Refresh Rate: 120Hz; Touch Sampling Rate: 240Hz, Default: 120Hz; Color Depth: 1.07 billion colors (10-bit); Brightness: Normal: 800nits, HBM: 1800nits; Corning Gorilla Glass Victus 2 | Processor: MediaTek Dimensity 9500, 8 cores | Rear Camera: Quad Camera; Ultra-wide angle: 50MP, f/2.0, FOV 120°, 6P lens, AF; Wide angle: 50MP, f/1.5, FOV 84°, 7P lens, AF, OIS; Telephoto: 200MP, f/2.1, FOV 34°, 6P lens, AF, OIS; Monochrome: 2MP, f/2.4, FOV 88°, 3P lens; Shooting Mode: Portrait, Night, SLO-MO, Dual-view video, TIME-LAPSE; Video: Up to 4K video: 120fps; Optical zoom: Up to 3X, Digital Zoom: Up to 18X | Front Camera: 50MP, f/2.0, FOV 90°, 5P lens, AF; Shooting Mode: Portrait, Night, Dual-view video, TIME-LAPSE; Video: Up to 4K video: 60fps | Battery Capacity: 7500mAh; Fast Charge 80W SUPERVOOC | Connectivity: Wi-Fi Display, WLAN Tethering; Wi-Fi 6GHz 320MHz; Bluetooth 6.0; USB-C, USB 3.2 Gen 1; GPS, GLONASS, Galileo, QZSS, NavIC | Other Features: Fingerprint, Facial Recognition; Proximity sensor, Ambient light sensor; Accelerometer, Gyroscope; Laser focusing sensor, Spectral sensor; Infrared remote control | Number of SIM Cards: Dual SIM | Model Number: CPH2791"
Oppo,Oppo Reno 13,30622.0,36882.0,"[256.0, 512.0]",[12.0],['5G'],Smart Phones,True,
Oppo,Oppo Reno 14,28877.0,30999.0,[256.0],[12.0],['5G'],Smart Phones,True,"Brand: Oppo | Model Name: Reno 14 | Display: • 6.59 Inch, AMOLED, 20 Hz, 460 PPI | Processor: MediaTek Dimensity 8350, Octa Core | Rear Camera: • Triple Camera; • 50 MP wide-angle, f/1.8, 79° FOV, 5P lens, autofocus; • 8 MP ultra-wide, f/2.2, 116° FOV, 5P lens, autofocus; • 50 MP telephoto, f/2.8, 30° FOV, 4P lens, autofocus | Front Camera: • 50 MP, f/2.0, 90° FOV, 5P lens, autofocus; • Up to 4K video 60fps | Battery Capacity: 6000mAh, Fast charging 80 Watt SUPERVOOC | Connectivity: • Wi-Fi 6 (802.11ax); • Bluetooth 5.4, USB Type-C | Other Features: • Fingerprint, Facial Recognition; • Infrared remote control, AI Call translator; • AI Editor 2.0, AI Nano Dual-Drive Cooling System | Number of SIM Cards: Dual SIM | • Resolution: 1256 × 2760 | • Touch sampling rate: up to 240 Hz | • Brightness: 600 nits typical, 1200 nits HBM | • Video: Up to 4K video: 60fps | • Earphone Jack: USB Type-C; • Beidou, GPS, GLONASS, Galileo, QZSS"
Oppo,Oppo Reno 14F,24222.0,24222.0,[256.0],[12.0],['5G'],Smart Phones,True,"Brand: Oppo | Model Name: Reno 14F | Display: • 6.57 Inch, AMOLED, 397 PPI, 120 Hz | Processor: Qualcomm Snapdragon 6 Gen 1 Mobile Platform, Octa core | Rear Camera: • Triple Camera; • 50 MP wide-angle, f/1.8, 79° FOV, 5P lens, autofocus; • 8 MP ultra-wide, f/2.2, 112° FOV, 5P lens; • 2 MP macro, f/2.4, 89° FOV, 3P lens; • Up to 4K 30fps, Dual-view video shooting | Front Camera: • 32 MP, f/2.0, 90° FOV, 5P lens, autofocus; • Up to 1080P 30fps, Dual-view video shooting; • Support TIME-LAPSE 1080P 30fps | Battery Capacity: 6000 mAh, Fast Charging 45 Watt SUPERVOOC | Connectivity: • Wi-Fi 5 (802.11ac), 802.11b/g/a/n; • Bluetooth 5.1, USB Type-C | Other Features: • Fingerprint, Facial recognition.; • IP69 water and dust resistance.; • AI Editor 2.0, AI Ultra-thin Dual-Drive Cooling System. | Number of SIM Cards: Dual SIM | • Resolution: 2372 × 1080 | • Touch sampling rate: up to 240 Hz | • Brightness: 600 nits, 1400 nits (HBM) | • Earphone Jack: Type-C; • Beidou, GPS, GLONASS, Galileo, QZSS"
Oppo,Oppo Reno 15,29199.0,43000.0,"[256.0, 512.0]",[12.0],['5G'],Smart Phones,True,"Brand: Oppo | Model Name: Reno 15 | Display: 6.59 inch, FHD+, (2760x1256), 460 PPI; Refresh Rate: 120Hz; Touch Sampling Rate: Max: 240Hz, Default: 120Hz; Colour Depth: 1.07 billion colours (10-bit); Normal brightness: 600nits (Typical); HBM: 1200nits (Typical); Corning Gorilla GG7i Glass+AMOLED | Processor: Qualcomm Snapdragon 7 Gen 4 Mobile Platform, Octa Core | Rear Camera: Ultra-wide angle: 8MP; f/2.2; FOV 116°; 5P lens; AF supported; Wide angle: 50MP; f/1.8; FOV 79°; 5P lens; AF supported; 2-axis OIS; Telephoto: 50MP; f/2.8; FOV 30°; 4P lens; AF supported; 2-axis OIS; Shooting Mode: Portrait, Night, PRO, SLO-MO, Dual-view video, TIME-LAPSE; Video: 4K video: 60fps, 30fps; Video zoom shooting: up to 3.5× optical zoom and 18× digital zoom | Front Camera: 50MP; f/2.0; FOV 100°; 5P lens; AF supported; Shooting Mode: Portrait, Night, Panorama, Dual-view video, TIME-LAPSE; Video: 4K video: 60fps, 30fps; Video zoom shooting: up to 2× digital zoom | Battery Capacity: 6500mAh/25.48Wh, Fast Charge 80W SUPERVOOC | Connectivity: Wi-Fi 6 (802.11ax) 802.11a/b/g/n; Wi-Fi Display, WLAN Tethering; Bluetooth 5.4, Low Energy; USB Type-C; Earphone Jack: Type-C; GPS, GLONASS, Beidou, Galileo, QZSS | Operating System: ColorOS 16.0 | Other Features: Fingerprint, Facial Recognition; Proximity sensor, Ambient light sensor; Accelerometer, Gyroscope; Infrared remote control; IP69 Water and Dust resistance | Number of SIM Cards: Dual SIM"
Oppo,Oppo Reno 15 F,22900.0,32000.0,[256.0],"[8.0, 12.0]",['5G'],Smart Phones,True,"Brand: Oppo | Model Name: Reno 15 F | Display: 6.57 inch, FHD+ (2372x1080), 397 PPI; Refresh Rate: 120Hz; Touch Sampling Rate: Max: 240Hz, Default: 120Hz; Colour Depth: 1.07 billion colours (10-bit); Normal brightness: 600nits (Typical); HBM: 1400nits (Typical); Corning Gorilla Glass+AMOLED | Processor: Qualcomm Snapdragon 6 Gen 1 Mobile Platform, Octa Core | Rear Camera: Ultra-wide angle: 8MP; f/2.2; FOV 112°; 5P lens; Wide angle: 50MP; f/1.8; FOV 79°; 5P lens; AF supported; 2-axis OIS; Macro: 2MP; f/2.4; FOV 89°; 3P lens; Shooting Mode: Portrait, Night, Panorama, SLO-MO, Dual-view video, TIME-LAPSE; Video: 4K video: 30fps | Front Camera: 50MP; f/2.0; FOV 100°; 5P lens; AF supported; Shooting Mode: Portrait, Night, Panorama, Dual-view video, TIME-LAPSE; Video: 4K video: 30fps | Battery Capacity: 7000mAh/27.44Wh, 80W SUPERVOOC | Connectivity: Wi-Fi 5 (802.11ac) 802.11a/b/g/n; Wi-Fi Display, WLAN Tethering; Bluetooth 5.1, Low Energy; USB Type-C; GPS, GLONASS, Beidou, Galileo, QZSS | Operating System: ColorOS 16.0 | Other Features: Fingerprint, Facial Recognition; Proximity sensor, Ambient light sensor; Color temperature sensor, E-compass; Accelerometer, Gyroscope; IP69 Water and Dust resistance | Number of SIM Cards: Dual SIM"
Oppo,Oppo Reno 15 Pro,38799.0,51000.0,[512.0],[12.0],['5G'],Smart Phones,True,"Brand: Oppo | Model Name: Reno 15 Pro | Display: 6.32 inch, FHD+, (2640x1216), 460 PPI; Refresh Rate: 120Hz; Touch Sampling Rate: Max: 240Hz, Default: 120Hz; 1.07 billion colors (10 bits); Normal brightness: 600nits (Typical); HBM: 1800nits (Typical); Corning Gorilla Glass 7i+AMOLED | Processor: MediaTek Dimensity 8450, Octa Core | Rear Camera: Ultra-wide angle: 50MP; f/2.0; FOV 116°; 6P lens; AF supported; Wide angle: 200MP; f/1.8; FOV 84°; 6P lens; AF supported; Supports 2-axis OIS; Telephoto: 50MP; f/2.8; FOV 30°; 4P lens; AF supported; Supports 2-axis OIS; Shooting Mode: Portrait, Night, PRO, Panorama, SLO-MO, Dual-view video, TIME-LAPSE; Video: 4K video: 60fps, 30fps; Video zoom shooting: 3.5x optical zoom and 18x digital zoom | Front Camera: 50MP; f/2.0; FOV 100°; 5P lens; AF supported; Shooting Mode: Portrait, Night, Panorama, Dual-view video, TIME-LAPSE; Video: 4K video: 60fps, 30fps | Battery Capacity: 6200mAh/24.31Wh, 80W SUPERVOOC | Connectivity: Wi-Fi 6 (802.11ax) 802.11a/b/g/n; WLAN Display, WLAN tethering; Bluetooth 5.4, Low Energy, BLE Audio; USB Type-C; GPS, GLONASS, BDS, Galileo, QZSS | Operating System: ColorOS 16.0 | Other Features: Fingerprint, Facial Recognition; Proximity sensor, Ambient light sensor; E-compass, Accelerometer, Gyroscope; Infrared remote control; IP69 Water and dust resistance | Number of SIM Cards: Dual SIM"
Oppo,Oppo Reno 15F,23999.0,23999.0,[256.0],[8.0],['5G'],Smart Phones,True,"Brand: OPPO | Model Name: Reno 15F | Display: 6.57-Inch AMOLED display; Resolution: 1080 × 2372 pixels; 120Hz Refresh rate; Brightness: 600 nits (typ), 1400 nits (HBM) | Processor: Qualcomm SM6450 Snapdragon 6 Gen 1 (4 nm) - Octa Core | Rear Camera: Triple Camera; 50 MP, f/1.8, 26mm (wide), 1/1.95"", 0.8µm, PDAF, OIS; 8 MP, f/2.2, 16mm, 112˚ (ultrawide), 1/4.0"", 1.12µm; 2 MP, (macro) Color spectrum sensor; LED flash, HDR; Panorama Ring LED flash (Afterglow Pink model only); Video Resolutions: 4K@30/60fps, 1080p@30/60/120fps, gyro-EIS, OIS | Front Camera: 50 MP, f/2.0, 100˚, 18mm (ultrawide), AF Panorama | Battery Capacity: 7000 mAh Si/C Li-Ion battery; 80W wired, 55W PPS, 13.5W PD/QC; 100% in 64 min Reverse wired | Connectivity: WiFi, Bluetooth 5.1, USB-C, OTG; Positioning: GPS, GLONASS, GALILEO, BDS, QZSS | Operating System: Android 16, ColorOS 16 | Other Features: Sensors: Fingerprint (under display, optical), accelerometer, gyro, proximity, compass | Number of SIM Cards: Dual SIM"
Realme,Realme 14 Pro Plus,28508.0,28508.0,[256.0],[12.0],['5G'],Smart Phones,True,"Display: 6.83 inches OLED (1272 x 2800) display for sharp details and vivid colors.; 120Hz refresh rate for smooth scrolling.; 1200 nits brightness for clear viewing under direct sunlight.; Processor; Qualcomm Snapdragon 7s Gen 3 Octa Core (SM7635 (4nm) powers Realme 14 Pro Plus for fast and efficient performance.; Rear Camera; 50MP wide camera with OIS for clear and stable images (f/1.8, 24mm, 1/1.56"", 1.0µm, multi-directional PDAF).; 50MP periscope telephoto with OIS and 3x optical zoom for detailed long-distance shots (f/2.7, 73mm, 1/1.95"", 0.8µm, multi-directional PDAF).; 8MP ultrawide camera for wide group shots in a single frame (f/2.2, 16mm, 112˚, 1/4.0"", 1.12µm).; Front Camera; 32MP wide selfie camera with autofocus for clear selfies and video calls (f/2.0, 21mm, 1/2.74"", 0.8µm). | Battery Capacity: 6000mAh massive battery to stay connected all day with Realme 14 Pro Plus.; 80W wired fast charging chargers up to 50% in just 24 minutes. | Connectivity: Wi-Fi; Bluetooth 5.2; GPS; USB Type-C 2.0; Other Features | Sensors: Fingerprint (under display, optical), accelerometer, gyro, proximity, compass"
Realme,Realme 15,19852.0,20149.0,[256.0],[12.0],['5G'],Smart Phones,True,"Brand: Realme | Model Name: 15 | Display: 6.8-inch OLED Display, 144Hz refresh rate,; HDR10+, 6500 nits, ( 1280 x 2800 ) pixels | Processor: MediaTek Dimensity 7300+ (4nm), Octa-core | Rear Camera: 50 MP, f/1.8, 24mm (wide), 1/1.56"", PDAF, OIS; 8 MP, f/2.2, 112˚, 16mm (ultrawide); LED flash, HDR, panorama; Video 4K@30fps, 1080p@30fps, gyro-EIS, OIS | Front Camera: 50 MP, f/2.4, 23mm (wide); Panorama; Video 4K@30fps, 1080p@30fps | Battery Capacity: 7000 mAh, 45W wired charging 50% in 25 minutes | Connectivity: Bluetooth 5.4, USB Type-C 2.0, Infrared port, USB Type-C 2.0, Wifi, GPS | Other Features: Fingerprint sensor; IP68/IP69 water and dust resistance | Number of SIM Cards: Dual SIM"
Realme,Realme 15 Pro,26670.0,26670.0,[256.0],[12.0],['5G'],Smart Phones,True,"Brand: Realme | Model Name: 15 Pro | Display: 6.8-inch OLED Display, 144Hz refresh rate,; HDR10+, 800 nits (HBM), 6500 nits (peak), ( 1280 x 2800 ) pixels | Processor: Qualcomm SM7750-AB Snapdragon 7 Gen 4, Octa-core | Rear Camera: 50 MP, f/1.8, 24mm (wide), 1/1.56"", 1.0µm, multi-directional PDAF, OIS; 50 MP, f/2.0, 16mm, 116˚ (ultrawide), 1/2.88"", 0.61µm; LED flash, HDR, panorama; Video	4K@30/60fps, 1080p@30/60/120fps, gyro-EIS, OIS | Front Camera: 50 MP, f/2.4, 23mm (wide), 1/2.88"", 0.61µm; Panorama; 4K@30/60fps, 1080p@30/60fps | Battery Capacity: 7000 mAh, 80W wired charging 50% in 25 minutes | Connectivity: Bluetooth 5.4, USB Type-C 2.0, Infrared port, USB Type-C 2.0, Wifi, GPS | Other Features: Fingerprint sensor; IP68/IP69 water and dust resistance | Number of SIM Cards: Dual SIM"
Realme,Realme 15T,16657.0,22500.0,[256.0],"[8.0, 12.0]",['4G'],Smart Phones,True,"Brand: Realme | Model Name: 15T | Display: 6.57 Inch; AMOLED 4R Comfort+; Brightness: 1400 nits (HBM); up to 4000 nits (maximum brightness); Refresh rate: Up to 120 Hz; Touch sampling rate: Up to 240 Hz; Resolution: 1080 x 2372 | Processor: Mediatek Dimensity 6400 Max 5G, 6nm, octa-core | Rear Camera: Dual Camera; 50MP Lens: 5P Angle of View (FOV): 75.5°; Aperture: f/1.8; Equivalent Focal Length: 27mm; Functions: Night, Panorama, Cinema, Slo-MO, Dual Video, Time-lapse; View Rear Video Recording: 1080P @ 30FPS | Front Camera: 50MP, Lens: 5P, Field of View (FOV): 86.7°; Aperture: f/2.4; Functions: Portrait, Night, Panorama, Dual Video, Time-lapse; Front Video Recording: 1080P at 60FPS; 2MP B&W Portrait Camera, Equivalent Focal Length: 22mm; Field of View (FOV): 88.8°; Aperture: f/2.4 | Battery Capacity: Battery Capacity: 6550mAh; 45W fast charging | Connectivity: USB Type-C port; GPS, Glonass, Beidou, Galileo, QZSS; Wi-Fi 5, Bluetooth 5.3 support | Other Features: Water and dust resistance according to IP66/68/69 standards; Proximity sensor, ambient light sensor; Electronic compass, accelerometer, gyroscope; In-display optical fingerprint sensor, infrared controller; Dual stereo headphones, noise cancellation, dual microphones | Number of SIM Cards: Dual SIM"
Realme,Realme 16,20284.0,20284.0,[256.0],[8.0],['5G'],Smart Phones,True,"Brand: Realme | Model Name: 16 5G | Display: 6.57-inch, AMOLED, 1B colors, 120Hz, 1000 nits (typ), 1400 nits (HBM), 4500 nits (peak), (1080 x 2372) | Processor: Mediatek Dimensity 6400 Turbo (6 nm) - Octa-core | Rear Camera: 50 MP, f/1.8, 26mm (wide), 1/2.93"", 0.60µm, PDAF; Auxiliary lens; Laser AF, color spectrum sensor, LED flash, HDR, panorama; Video 1080p@30fps, gyro-EIS | Front Camera: 50 MP, f/2.4, 23mm (wide); Video 1080p@30/60fps | Battery Capacity: 7000 mAh, Charging 60W wired | Connectivity: Wi-Fi 802.11 a/b/g/n/ac, dual-band; Bluetooth 5.3, A2DP, LE, aptX HD, LHDC; GPS, GALILEO, GLONASS, BDS, QZSS; Infrared port; USB Type-C 2.0, OTG | Operating System: Android 16, Realme UI 7.0 | Other Features: IP68/IP69K dust tight and water resistant (immersible up to 0.5m for 60 days); Fingerprint (under display), accelerometer, gyro, compass, proximity sensors; Stereo speakers; Realme Buds T200 Lite, Deep Bass; Realme Buds T200 Lite, Deep Bass | Number of SIM Cards: 2 | Key Features: 12.4mm Titanium-Coated Dynamic Driver; Dolby Atmos Support; 40 Hours Total Battery Life with the charging case (8 Hours Earbuds); Fast Charging: 10 Min = 8 Hours Playback; 55ms Low Latency Mode; Bluetooth 5.4; Color May Vary"
Realme,Realme 16 Pro,27490.0,27800.0,[256.0],[12.0],['5G'],Smart Phones,True,"Brand: Realme | Model Name: 16 Pro | Display: 6.78-inch, AMOLED, 1B colors, 144Hz, 1000 nits (typ), 1400 nits (HBM), 6500 nits (peak), (1272 x 2772) | Processor: Mediatek Dimensity 7300 Max (4 nm) - Octa-core | Rear Camera: 200 MP, f/1.9, 23mm (wide), 1/1.56"", 0.5µm, dual-pixel PDAF, OIS; 8 MP, 112˚, (ultrawide), 1/4.0"", 1.12µm; LED flash, HDR, panorama; Video 4K@30fps, 1080p@30/60/120fps, HDR, gyro-EIS, OIS | Front Camera: 50 MP, f/2.4, 23mm (wide), 1/2.88"", 0.61µm; Video 4K@30fps, 1080p@30/60fps, HDR | Battery Capacity: 7000 mAh, Charging 80W wired | Connectivity: Wi-Fi 802.11 a/b/g/n/ac/6, dual-band; Bluetooth 5.4; GPS, GLONASS, GALILEO, BDS; Infrared port; USB Type-C 2.0, OTG | Operating System: Android 16, Realme UI 7.0 | Other Features: IP68/IP69K dust tight and water resistant (immersible up to 2m for 30 min); Fingerprint (under display, optical), accelerometer, gyro, proximity, compass sensors; Stereo speakers; Realme Buds T200x Earbuds, Active Noise Cancellation | Number of SIM Cards: 2 | Key features: 12.4mm Dynamic Bass Drivers; 25 dB Active Noise Cancellation; 48 Hours of Music Playback; IP55 Rated water & dust resistant; 45ms Latency; Bluetooth 5.4; Color may Vary"
Realme,Realme C11 2021,4485.0,4485.0,[32.0],[2.0],['4G LTE'],Smart Phones,True,"Brand: Realme | Display: 6.52-inch (720 × 1600) IPS LCD capacitive touchscreen; Rear Camera 8 MP camera; Front Camera 5 MP wide camera; Processor Unisoc SC9863A (28 nm) octa-core processor; Battery Capacity 5000mAh with 10W fast charging; Connectivity Wi-Fi, Bluetooth 4.2, GPS, Micro USB 2.0 | Model: C11 2021"
Realme,Realme C30s,5595.0,5595.0,[64.0],[3.0],['4G'],Smart Phones,True,"Brand: Realme | Display: 6.5 Inch, IPS LCD (720x1600) | Processor: Cortex-A55, Octa-core 1.6 GHz | Rear Camera: 8 MP, (wide), 1/4.0"", 1.12µm; Features: LED flash, HDR, panorama; Video: 1080p@30fps | Front Camera: 5 MP, (wide), 1/5.0"", 1.12µm; Features: HDR; Video: 720p@30fps | Battery Capacity: 5000 mAh, 10W | Connectivity: Wi-Fi 802.11 b/g/n, Bluetooth 4.2, A2DP; Positioning GPS, GLONASS, Micro USB 2.0, OTG | Model: C30s"
Realme,Realme C53,8370.0,8370.0,[128.0],[6.0],['4G'],Smart Phones,True,"Brand: Realme | Display: 6.7 Inch (1080 x 2400) IPS LCD Display with 90Hz Refresh Rate, 560 nits (peak) | Processor: Unisoc Tiger T612 (12 nm) - Octa Core Processor | Rear Camera: Dual Camera; 50 MP, f/1.8, (wide), PDAF | Front Camera: Single Camera - 8 MP, f/2.0, (wide) | Battery Capacity: Non-removable 5000 mAh Li-Po Battery; 33W wired, 50% in 31 min | Connectivity: Wi-Fi, Bluetooth V5.0, GPS, USB Type-C 2.0 | Model: C53"
Realme,Realme C71,8175.0,9533.0,"[128.0, 256.0]","[4.0, 6.0]",['4G'],Smart Phones,True,"Brand: Realme | Model Name: C71 | Display: 6.67-inch; Resolution HD+ (1604×720); Refresh rate Up 120Hz; Brightness 725 nit | Processor: UNISOC T7250 12nm Process, 8 Cores | Rear Camera: 50MP AI Camera, Resolution 8192x6144, Equivalent Focal Length 27mm, FOV75.5°, Aperture f/1.8, Lens 5P; Video Recording 1080P@30 fps, 720P@30 fps; Support video zoom shooting | Front Camera: 5MP, FOV: 78°, Aperture f/2.2, Lens 3P, Sensor size 1/5”; Video Recording 720P@30 fps | Battery Capacity: 6300mAh (typ) Massive Battery; 6235mAh (min) Battery Capacity; Includes an 45W Charging Adapter | Number of sim cards: 2 | Connectivity: Wi-Fi, Bluetooth 5.2, GPS, USB Type-C | Other Features: Geomagnetic, proximity, light, acceleration"
Realme,Realme C75,9800.0,11123.0,"[128.0, 256.0]",[8.0],['4G LTE'],Smart Phones,True,
Realme,Realme C75x,8794.0,11646.0,"[128.0, 256.0]","[6.0, 8.0]",['4G'],Smart Phones,True,"Brand: Realme | Model Name: C75x | Display: 6.67 Inches, IPS LCD, 120Hz, 500 nits; 720 x 1604 | Processor: Mediatek Helio G81 Ultra (12 nm) | Rear Camera: 50 MP, f/1.8, (wide), 1/2.88"", PDAF | Front Camera: 5 MP, f/2.2, (wide), 1/5"" | Battery Capacity: 5600 mAh, 45W wired, 100% in 90 min | Connectivity: Wi-Fi; Bluetooth 5.0; Positioning GPS; USB Type-C 2.0 | Other Features: Fingerprint (side-mounted); Drop resistant up to 1.8 meters | Number of SIM Cards: 2 | Video: 1080p@30fps; Panorama | Features: LED flash, panorama"
Realme,Realme C85,12510.0,12510.0,[256.0],[8.0],['4G'],Smart Phones,True,"Brand: Realme | Model Name: C85 | Display: IPS LCD, 6.8 inch 720 x 1570 pixels; 144Hz, 1200 nits (HBM) | Processor: Qualcomm SM6225 Snapdragon 685 (6 nm) | Rear Camera: 50 MP, f/1.8, 28mm (wide); LED flash, HDR, panorama; Video :1080p@30/60fps | Front Camera: 8 MP, f/2.0, 26mm (wide); Video: 1080p@30/60fps | Number of sim cards: Dual Sim | Connectivity: Wi-Fi; Bluetooth 5.0; GPS, GALILEO, GLONASS, QZSS, BDS; USB Type-C 2.0, OTG | Operating System: Android 15, Realme UI 6.0 | Other Features: IP68/IP69K dust tight and water resistant; Fingerprint (side-mounted); Accelerometer; Proximity; Compass | Battery: Li-Ion 7000 mAh; Wattage: 45W"
Realme,Realme C85 Pro,14444.0,14500.0,"[128.0, 256.0]",[8.0],['4G LTE'],Smart Phones,True,"Brand: Realme | Model Name: C85 Pro | Display: 6.8-inch AMOLED display (1080 × 2344 px), 120Hz refresh rate, 4000 nits | Processor: Qualcomm SM6225 Snapdragon 685 (6 nm)- Octa core | Rear Camera: 50 MP main camera, f/1.8, 28mm (wide), PDAF; LED flash, HDR, panorama; Video 1080p @ 30/120fps. | Front Camera: 8 MP front camera, f/2.0, 26mm (wide), 1/4.0"", 1.12µm; Panorama; Video1080p@30fps . | Battery Capacity: 7000 mAh, 45W wired charging | Connectivity: Wi‑Fi; Bluetooth 5.0; GPS; USB Type‑C 2.0, OTG | Operating System: Android 15, Realme UI 6.0 | Other Features: IP68/IP69K water and  dust resistance; Fingerprint sensor, accelerometer, proximity sensor, compass | Number of SIM cards: 2"
Realme,Realme Note 60x,6064.0,8145.0,"[64.0, 128.0]","[3.0, 4.0]","['4G', '4G LTE']",Smart Phones,True,"Brand: Realme | Model Name: Note 60x | Display: 6.74 Inch (720 x 1600) IPS LCD Display; 90Hz Refresh Rate and 560 nits (peak) Brightness; Reinforced Glass Protection | Processor: Unisoc Tiger T612 (12 nm); Octa-core (2x1.8 GHz Cortex-A75 and 6x1.8 GHz Cortex-A55) | Rear Camera: 8 MP; Auxiliary Lens; Features: LED flash, panorama; Video: 1080p@30fps | Front Camera: 5 MP, (wide); Video: 720p@30fps | Battery Capacity: 5000mAh, 10W Wired Charging | Connectivity: Wi-Fi, dual-band; Bluetooth 5.0; GPS, GALILEO, GLONASS, BDS; USB Type-C 2.0 | Operating System: Android 14 | Other Features: IP54 dust protected and water resistant (water splashes) | Number of SIM Cards: Dual SIM (Nano-SIM + Nano-SIM)"
Realme,Realme Note 70,7635.0,7635.0,[128.0],[4.0],[],Smart Phones,True,"Brand: Realme | Model Name: Note 70 | Display: 6.74 Inch, HD+; Resolution: 720x1600; Maximum brightness: 563 nits; Refresh rate: Up to 90Hz; Touch sampling rate: Up to 180Hz | Processor: UNISOC T7250, 12nm, 8 cores | Rear Camera: Dual Camera; Omnivision OV13B10-GA5A Camera; Resolution: 4160*3120; Equivalent Focal Length: 27mm; Angle of View (FOV): 76.5°, Aperture: f/2.2; Video Recording: 1080P@30fps; Functions: Night. Portrait, Slow Motion, Time-lapse | Front Camera: SC520CS 5MP; Resolution: 2592x1944; Equivalent Focal Length: 27mm; Angle of View (FOV): 76.6°, Aperture: f/2.2; Functions: Portrait, Night, Panorama; Front Camera Supports: 720P@30fps Video | Battery Capacity: Battery Capacity: 6000mAh; 15W VOOC fast charging | Connectivity: USB Type-C port; Wi-Fi 2.4/5GHz, Supports 802.11 a/b/g/n/ac; Bluetooth 5.2; Beidou (B1I) GPS (L1) GLONASS (G1) Galileo (E1) | Other Features: Water and dust resistance with IP54 standard; Linear speaker supporting ORelity Audio effect noise cancellation with a single microphone; Proximity sensor, ambient light sensor; Side fingerprint sensor, gyroscope, accelerometer | Number of SIM Cards: Dual SIM"
Realme,Realme P1 Pro,16499.0,16499.0,[256.0],[12.0],['5G'],Smart Phones,True,"Brand: Realme | Display: 6.7 Inch, AMOLED, 1B colors, 120Hz, 800 nits (HBM), 950 nits (peak); (1080 x 2412) | Processor: Qualcomm SM6450 Snapdragon 6 Gen 1 (4 nm), Octa-core | Rear Camera: Dual Camera; 50 MP, f/1.8, 26mm (wide), 1/1.95"", 0.8µm, PDAF, OIS; 8 MP, f/1.7, 16mm, 112˚ (ultrawide), 1/4.0"", 1.12µm; Features LED flash, HDR, panorama; Video 4K@30fps, 1080p@30/60/120fps, gyro-EIS | Front Camera: 16 MP, f/2.4, 24mm (wide), 1/3.0"", 1.0µm; Video 1080p@30fps | Battery Capacity: 5000 mAh, 45W | Other Features: Fingerprint (under display, optical), accelerometer, gyro, proximity, compass; Stereo speakers, 24-bit/192kHz Hi-Res audio; IP65 dust/water resistant | Number of SIM Cards: Dual SIM; Connectivity; Wi-Fi 802.11 a/b/g/n/ac/6, dual-band; Bluetooth 5.2, A2DP, LE; Positioning GPS, GLONASS, GALILEO, BDS, QZSS; USB Type-C 2.0, OTG | Model: P1 Pro | RAM: 12GB | Storage Capacity: 256GB"
Samsung,Samsung A07,6798.0,10820.0,"[64.0, 128.0, 256.0]","[4.0, 6.0, 8.0]",['4G LTE'],Smart Phones,True,"Brand: Samsung | Model Name: Galaxy A07; Display; 6.7 inch PLS LCD, 90Hz refresh rate; 720 x 1600 | Processor: MediaTek Helio G99 (6nm), Octa-core; Rear Camera; 50 MP, f/1.8, (wide), 1/2.76"", 0.64µm, PDAF; 2 MP, f/2.4, (depth); LED flash; Video 1080p@30/60fps | Front Camera: 8 MP, f/2.0, (wide), 1/4.0"", 1.12µm | Battery Capacity: 5000 mAh, 25W wired charging | Connectivity: Bluetooth 5.3, USB Type-C 2.0, 3.5mm audio jack, FM radio, Wi-Fi, GPS | Operating System: Android 15; Other Features; Side-mounted fingerprint sensor; IP54 water/dust resistance | Number of SIM Cards: Dual SIM"
Samsung,Samsung B310E Dual-SIM,860.0,870.0,[],[],[],Feature Phones,True,"Brand: Samsung | Display: 2 Inch, TFT, (128 x 160) | Battery Capacity: 800 mAh | Connectivity: Bluetooth, Wi-Fi, USB | Model: B310E | Memory: Internal: 512MB"
Samsung,Samsung Galaxy A04s,7315.0,7315.0,[128.0],[4.0],['4G LTE'],Smart Phones,True,"Brand: Samsung | Display: 6.5-inch PLS LCD HD+ with 90Hz refresh rate | Processor: Exynos 850 (8nm) Octa-core | Rear Camera: 50MP (Wide); 2MP (Depth); 2MP (Macro) | Front Camera: 5MP | Battery Capacity: 5000mAh with 15W fast charging | Connectivity: Wi-Fi, GPS, Bluetooth 5.0, Type-C USB 2.0, side fingerprint | Model: Galaxy A04s"
Samsung,Samsung Galaxy A04s - Local Version,6483.0,6483.0,[64.0],[4.0],['4G LTE'],Smart Phones,True,"Brand: Samsung | Display: 6.5-inch PLS LCD HD+ with 90Hz refresh rate | Processor: Exynos 850 (8nm) Octa-core | Rear Camera: 50MP (Wide); 2MP (Depth); 2MP (Macro) | Front Camera: 5MP | Battery Capacity: 5000mAh with 15W fast charging | Connectivity: Wi-Fi, GPS, Bluetooth 5.0, Type-C USB 2.0, side fingerprint | Model: Galaxy A04s"
Samsung,Samsung Galaxy A16,7777.0,8702.0,[128.0],[4.0],['4G LTE'],Smart Phones,True,"Brand: Samsung | Model Name: Galaxy A16 | Display: 6.7 inch, Super AMOLED, 90Hz ( 1080 x 2340 ) | Processor: Mediatek Helio G99 (6 nm)- Octa Core | Rear Camera: 50 MP, f/1.8, (wide), AF: 5 MP, f/2.2, (ultrawide): 2 MP, f/2.4, (macro) | Front Camera: 13 MP, f/2.0, (wide) | Battery Capacity: 5000 mAh, 25 Watt wired charging | Number of sim cards: 2 | Connectivity: Wi-Fi, Bluetooth 5.3, GPS, USB Type-C 2.0, Fingerprint"
Samsung,Samsung Galaxy A17,9199.0,14770.0,"[128.0, 256.0, 265.0]","[4.0, 6.0, 8.0]","['4G LTE', '5G']",Smart Phones,True,"Brand: Samsung | Model Name: Galaxy A17 | Display: 6.7 Inch, Super AMOLED, 90Hz, 800 nits (HBM); Resolution: 1080 x 2340 (FHD+) | Processor: Samsung Exynos 1330 (5 nm), Octa Core; Connectivity; Wi-Fi 802.11 a/b/g/n/ac, dual-band, Wi-Fi Direct; Bluetooth 5.3, A2DP, LE; Positioning GPS, GALILEO, GLONASS, BDS, QZSS; USB Type-C 2.0 | Rear Camera: Triple Camera; 50 MP, f/1.8, (wide), 1/2.76"", 0.64µm, AF, OIS; 5 MP, f/2.2, (ultrawide), 1/5.0"", 1.12µm; 2 MP, f/2.4, (macro); Features LED flash, panorama, HDR; Video 1080p@30fps, gyro-EIS | Front Camera: 13 MP, f/2.0, (wide), 1/3.1"", 1.12µm; Video 1080p@30fps | Battery Capacity: 5000 mAh, 25 Watt | Other Features: Loudspeaker; Fingerprint, accelerometer, gyro, proximity; IP54 dust protected and water resistant (water splashes) | Number of SIM Cards: Dual SIM"
Samsung,Samsung Galaxy A26,12999.0,16899.0,"[128.0, 256.0]","[6.0, 8.0]",['4G LTE'],Smart Phones,True,"Brand: Samsung | Model Name: Galaxy A26 | Display: • 6.7-inch Super AMOLED, 120Hz refresh rate.; • Corning Gorilla Glass Victus+; • Always-on display. | Processor: Samsung Exynos 1380 (5 nm), Octa-core | Front Camera: • 13 MP, f/2.2 (wide) | Other Features: • IP67 dust/water resistant (up to 1m for 30 min).; • Fingerprint (side-mounted), accelerometer, gyro, compass.; • Virtual proximity sensing. | Battery: • 5000 mAh capacity; • 25W fast charging | • Resolution: 1080 x 2340 pixels. | • Video: 1080p@30fps | • Features: LED flash, panorama, HDR | • Triple Camera Setup: • 50 MP, f/1.8, 27mm (wide), PDAF, OIS; • 8 MP, f/2.2, 120˚ (ultrawide); • 2 MP, f/2.4 (macro) | SIM & Connectivity: • Dual SIM; • Wi-Fi 802.11 a/b/g/n/ac, dual-band, Wi-Fi Direct; • Bluetooth 5.3, A2DP, LE | • Positioning: GPS, GALILEO, GLONASS, BDS, QZSS; • USB Type-C 2.0, OTG"
Samsung,Samsung Galaxy A27,18999.0,19222.0,[256.0],[8.0],['5G'],Smart Phones,True,"Brand: Samsung | Model Name: Galaxy A27 | Display: 6.7-inch, Super AMOLED, 120Hz, (1080 x 2340) | Processor: Qualcomm SM6475-AB Snapdragon 6 Gen 3 (4 nm)-Octa Core | Rear Camera: 50 MP, f/1.8, (wide), 1/2.76"", 0.64µm, PDAF, OIS; 5 MP, f/2.2, (ultrawide), 1/5.0"", 1.12µm; 2 MP (macro); LED flash, panorama, HDR; Video: 4K@30fps, 1080p@30fps, 720p@480fps, gyro-EIS | Front Camera: 12 MP, f/2.2, (wide); Video 1080p@30fps | Battery Capacity: 5000 mAh, 25W wired, 45% in 30 min | Number of sim cards: 2 | Connectivity: Bluetooth 5.1; Wi-Fi; GPS; USB Type-C 2.0, OTG | Operating System: Android 16 | Other Features: Fingerprint (side-mounted), accelerometer, gyro, compass; IP64 dust tight and water resistant (water splashes)"
Samsung,Samsung Galaxy A36,17844.0,18124.0,"[128.0, 256.0]",[8.0],"['4G', '5G']",Smart Phones,True,"Display: 6.7 Inch Super AMOLED display (1080 x 2340) for an unparalleled viewing experience.; 120Hz refresh rate for responsive scrolling and 385 ppi for detailed visuals.; 1200 nits (HBM) and 1900 nits peak brightness for clear visibility under direct sunlight.; Corning Gorilla Glass Victus+ protects the screen from everyday scratches and drops.; Always-on display; Rear Triple Camera; 50MP wide camera with OIS and PDAF for clear, stable shots (f/1.8, 1/1.96"").; 8MP ultrawide camera for fitting more people into every shot (f/2.2, 123˚, 1/4.0"", 1.12µm).; 5MP macro camera for capturing small details (f/2.4).; LED flash, panorama, HDR.; Video 4K@30fps, 1080p@30/60fps, gyro-EIS; Front Camera; 12MP wide camera for high-quality selfies and video calls (f/2.2).; Video 4K@30fps, 1080p@30fps, 10-bit HDR; Battery Capacity; 5000mAh battery to keep Samsung A36 powered all day.; 45W fast charging reaches up to 66% in 30 minutes and up to 100% in 68 minutes.; Processor; Qualcomm Snapdragon 6 Gen 3 Octa-core (4 nm- SM6475-AB) processor for reliable everyday performance with Samsung A36. | Connectivity: Wi-Fi 802.11 a/b/g/n/ac/6, dual-band, Wi-Fi Direct; Bluetooth 5.4, A2DP, LE; Positioning GPS, GALILEO, GLONASS, BDS, QZSS; USB Type-C 2.0, OTG | Other Features: IP67 dust/water resistant (up to 1m for 30 min); Stereo speakers; Fingerprint (under display, optical), accelerometer, gyro, compass; Virtual Proximity Sensing, Circle"
Samsung,Samsung Galaxy A37,21301.0,25575.0,"[128.0, 256.0]","[8.0, 12.0]",['5G'],Smart Phones,True,"Brand: Samsung | Processor: Samsung Exynos 1380 (5 nm), Octa Core | Front Camera: 13 MP, f/2.2, (wide); Video: 4K@30fps, 1080p@30fps | Connectivity: Wi-Fi 802.11dual-band, Wi-Fi Direct; Bluetooth: 5.3, A2DP, LE; GPS, GALILEO, GLONASS, BDS, QZSS; USB Type-C 2.0, OTG | Operating System: Android 16 | Model: Galaxy A37; Display; Super AMOLED, 120Hz, 1000 nits (HBM), 6.7 inches; Resolution: ‎1080 x 2340‎ (FHD+) | Battery: 5000 mAh, 45 watts fast charging | Main Camera: Triple: 50 MP, f/1.8, (wide), PDAF, OIS; 8 MP, f/2.2, 123˚ (ultrawide); 5 MP, f/2.4, (macro); Features: LED flash, panorama, HDR; Video: 4K@30fps, 1080p@30/60fps, gyro-EIS; Digital Zoom up to 10x | Sensors: Fingerprint, accelerometer, gyro, compass, Virtual proximity sensing; IP678 dust/water resistant | Number of SIM: Dual SIM (Nano), 5G"
Samsung,Samsung Galaxy A56,21555.0,27388.0,"[128.0, 256.0]","[8.0, 12.0]","['4G LTE', '5G']",Smart Phones,True,
Samsung,Samsung Galaxy A57,26999.0,33500.0,"[256.0, 512.0]","[8.0, 12.0]",['5G'],Smart Phones,True,"Brand: Samsung | Model Name: Galaxy A57 | Display: 6.7 inch, Super AMOLED Plus; 1080 x 2340‎ (FHD+), 120 Hz‎ | Processor: Exynos 1680, Eight-core; speed: 2.9 GHz, 2.6 GHz, 1.9 GHz | Rear Camera: 3 Rear Cameras; ‎50.0 MP +12.0 MP + 5.0 MP‎; With Optical Image Stabilizer and Autofocus; Video Recording Resolution: UHD 4K(3840×2160) at 30 fps | Front Camera: 12.0 MP; supports Digital zoom up to 10x | Battery Capacity: 5000 mAh Up to 29 hours of Video Playback Time; Fast charging 45 watts | Number of sim cards: 2 | Connectivity: USB Type-C; Bluetooth v6.0; Wi-Fi 802.11a/b/g/n/ac/ax 2.4GHz+5GHz+6GHz, HE80, MIMO, 1024-QAM; Switch (PC version); GPS, Glonass, Beidou, Galileo, QZSS | Operating System: Android 16 | Other Features: Fingerprint Sensor; Accelerometer, Gyro Sensor; Ground Magnetism Sensor; Light Sensor, Proximity Sensor"
Samsung,Samsung Galaxy A73,15583.0,15583.0,[256.0],[8.0],['5G'],Smart Phones,True,"Brand: Samsung | Model Name: Galaxy A73 | Display: Super AMOLED Plus; 120Hz, 800 nits (HBM); 1080 x 2400 pixels | Processor: Qualcomm SM7325 Snapdragon 778G 5G (6 nm), Octa-core (1×2.4 GHz Cortex-A78 & 3×2.2 GHz Cortex-A78 & 4×1.9 GHz Cortex-A55); GPU: Adreno 642L | Rear Camera: Quad camera:; 108 MP, f/1.8 (wide), PDAF, OIS; 12 MP, f/2.2 (ultrawide); 5 MP (macro); Auxiliary lens; LED flash, panorama, HDR; Video: 4K@30fps, 1080p@30/60fps; gyro-EIS | Front Camera: Single 32 MP, f/2.2, 26mm (wide), 1/2.8"", 0.8µm; HDR; Video: 4K@30fps, 1080p@30fps | Battery Capacity: Li-Po 5000 mAh; 25W wired charging | Connectivity: Bluetooth 5.0; USB Type‑C 2.0, OTG | Operating System: Android 12 | Other Features: Fingerprint (under display, optical); Sensors: accelerometer, gyro, proximity, compass; IP67 dust/water resistant (up to 1m for 30 min) | Number of SIM cards: Dual SIM"
Samsung,Samsung Galaxy M55,16999.0,16999.0,[256.0],[8.0],['5G'],Smart Phones,True,"Brand: Samsung | Model Name: Galaxy M55 | Display: 6.7 Inch, Super AMOLED+, 120Hz, 1000 nits (HBM); Always-on display | Processor: Qualcomm SM7450-AB Snapdragon 7 Gen 1 (4 nm), Octa-core | Rear Camera: Triple Camera; • 50 MP, f/1.8, (wide), 1/1.56"", 1.0µm, PDAF, OIS; • 8 MP, f/2.2, 123˚ (ultrawide); • 2 MP, f/2.4, (macro) | Front Camera: • 50 MP, f/2.4, (wide) | Connectivity: • Wi-Fi 802.11 a/b/g/n/ac/6, dual-band, Wi-Fi Direct; • Bluetooth 5.2, A2DP, LE; • GPS, GALILEO, GLONASS, BDS, QZSS; • USB Type-C 2.0, OTG | Other Features: • Stereo speakers; • Fingerprint (under display, optical), accelerometer; • Gyro, proximity, compass | Number of SIM Cards: Dual SIM | • Video: 4K@30fps, 1080p@30/60fps | Resolution: 1080 × 2400 | • Features: LED flash, panorama, HDR | • Battery Capacity: 5000 mAh, 45W Fast Charging"
Samsung,Samsung Galaxy S25 FE,38500.0,48400.0,"[256.0, 512.0]",[8.0],['5G'],Smart Phones,True,"Brand: Samsung | Model Name: Galaxy S25 FE | Display: 6.7 inch, Dynamic LTPO AMOLED 2X, 120Hz refresh rate; 1080 x 2340,  1900 nits | Processor: Exynos 2400- 10-core | Rear Camera: 50 MP, f/1.8, 24mm (wide), 1/1.57"", 1.0µm, dual pixel PDAF, OIS; 8 MP, f/2.4, 75mm (telephoto), 1/4.4"", 1.0µm, PDAF, OIS, 3x optical zoom; 12 MP, f/2.2, 13mm, 123˚ (ultrawide), 1/3.0"", 1.12µm; LED flash, HDR, panorama, Best Face; Video 8K@24/30fps, 4K@30/60/120fps, 1080p@30/60/120/240fps; gyro-EIS, HDR10+ | Front Camera: 12 MP, f/2.2, 26mm (wide), 1/3.2"", 1.12µm; Video 4K@30/60fps, 1080p@30/60fps; gyro-EIS, HDR10+ | Battery Capacity: 4900 mAh, 45W wired 65% in 30 min, 15W wireless | Number of sim cards: 2 | Connectivity: Wi-fi; Bluetooth 5.4; GPS; USB Type-C 3.2, OTG | Operating System: Android 16 | Other Features: Fingerprint  sensor; IP68 dust-tight and water-resistant"
Samsung,Samsung Galaxy S25 Ultra,65333.0,80999.0,"[256.0, 512.0, 1024.0]",[12.0],"['4G LTE', '5G']",Smart Phones,True,"Brand: Samsung | Model Name: Galaxy S25 Ultra; Display; 6.9-inch Dynamic LTPO AMOLED 2X; Resolution: 1440 x 3120, 120Hz; HDR10+, 2600 nits peak brightness; DX anti-reflective coating; Processor; Qualcomm SM8750-AC Snapdragon 8 Elite (3nm); Octa-core (2x4.47 GHz + 6x3.53 GHz); Rear Camera; Quad Camera; 200 MP, f/1.7, (wide), 1/1.3"", 0.6µm, multi-directional PDAF; 10 MP, f/2.4, (telephoto), 1/3.52"", 1.12µm, 3x optical zoom; 50 MP, f/3.4 (periscope telephoto), 1/2.52"", 0.7µm, 5x optical zoom; 50 MP, f/1.9, 120˚ (ultrawide), 1/2.5"", 0.7µm; Laser AF, LED flash, auto-HDR; Video: up to 8K@24/30fps; Front Camera; 12 MP, f/2.2 (wide), 1/3.2"", 1.12µm, dual pixel PDAF; HDR, HDR10+; Video: up to 4K@30/60fps; Battery Capacity; 5000mAh; 45W wired, PD3.0, 65% in 30 min; 15W wireless (Qi2 Ready); 4.5W reverse wireless | Number of SIM Cards: Dual SIM; Connectivity; Wi-Fi 802.11 a/b/g/n/ac/6e/7; Bluetooth 5.4, Wi-Fi Direct; USB Type-C 3.2, DisplayPort 1.2; GPS, OTG; Other Features; IP68 dust/water resistant; Stylus (S-Pen); Under-display fingerprint sensor; Stereo speakers"
Samsung,Samsung Galaxy S26,49500.0,49940.0,[256.0],[12.0],['5G'],Smart Phones,True,"Brand: Samsung | Model Name: Galaxy S26 | Display: 6.3-inch Full HD+ Dynamic AMOLED 2X; 120Hz Refresh Rate, (2340 x 1080) | Processor: Snapdragon 8 Elite Gen 5-Deca-Core | Rear Camera: Triple Camera ( 50.0 MP + 10.0 MP + 12.0 MP ); F1.8 , F2.4 , F2.2; Auto Focus, OIS; Optical Zoom 3x, Optical quality Zoom 2x (Enabled by Adaptive Pixel sensor) , Digital Zoom up to 30x; UHD 8K (7680 x 4320)@30fps; 240fps @FHD, 120fps @FHD, 120fps @UHD Slow Motion | Front Camera: 12MP, F2.2 | Battery Capacity: 4300 mAh, Supports 25W Fast Charging; Up to 30 Hours Video Playback Time | Connectivity: USB Type-C 3.2 Gen 1; GPS; Wifi; Bluetooth 5.4 | Operating System: Android 16 | Other Features: Accelerometer, Barometer, Fingerprint Sensor, Gyro Sensor; Geomagnetic Sensor, Hall Sensor, Light Sensor, Proximity Sensor | Number of SIM Cards: Dual SIM"
Samsung,Samsung Galaxy S26 Plus,58764.0,59000.0,[256.0],[12.0],['5G'],Smart Phones,True,"Brand: Samsung | Model Name: Galaxy S26 Plus | Display: 6.7-inch Quad HD+ Dynamic AMOLED 2X; 120Hz Refresh Rate, (3120 x 1440) | Processor: Snapdragon 8 Elite Gen 5-Deca-Core | Rear Camera: Triple Camera ( 50.0 MP + 10.0 MP + 12.0 MP ); F1.8 , F2.4 , F2.2; Auto Focus, OIS; Optical Zoom 3x, Optical quality Zoom 2x (Enabled by Adaptive Pixel sensor) , Digital Zoom up to 30x; UHD 8K (7680 x 4320)@30fps; 240fps @FHD, 120fps @FHD, 120fps @UHD Slow Motion | Front Camera: 12MP, F2.2 | Battery Capacity: 4900mAh, Supports 45W Fast Charging; Up to 31 Hours Video Playback Time | Connectivity: USB Type-C 3.2 Gen 1; GPS; Wifi; Bluetooth 6.0 | Operating System: Android 16 | Other Features: Accelerometer, Barometer, Fingerprint Sensor, Gyro Sensor; Geomagnetic Sensor, Hall Sensor, Light Sensor, Proximity Sensor | Number of SIM Cards: Dual SIM"
Samsung,Samsung Galaxy S26 Ultra,71400.0,95666.0,"[256.0, 512.0, 1024.0]","[12.0, 16.0]",['5G'],Smart Phones,True,"Brand: Samsung | Model Name: Galaxy S26 Ultra | Display: 6.9-inch Quad HD+ Dynamic AMOLED 2X; 120Hz Refresh Rate, (3120 x 1440) | Processor: Snapdragon 8 Elite Gen 5-Octa-Core | Rear Camera: Quad Camera ( 200.0 MP + 50.0 MP + 50.0 MP + 10.0 MP); F1.4 , F2.9 , F1.9 , F2.4; Auto Focus, OIS; Optical Zoom 3x and 5x, Optical quality Zoom 2x and 10x (Enabled by Adaptive Pixel sensor) , Digital Zoom up to 100x; UHD 8K (7680 x 4320)@30fps; 240fps @FHD, 120fps @FHD, 120fps @UHD Slow Motion | Front Camera: 12MP, F2.2 | Battery Capacity: 5000mAh, Supports 60W Fast Charging; Up to 31 Hours Video Playback Time | Connectivity: USB Type-C 3.2 Gen 1; GPS; Wifi; Bluetooth 6.0 | Operating System: Android 16 | Other Features: S Pen Support; Accelerometer, Barometer, Fingerprint Sensor, Gyro Sensor; Geomagnetic Sensor, Hall Sensor, Light Sensor, Proximity Sensor | Number of SIM Cards: Dual SIM"
Samsung,Samsung Guru Music 2 Dual-SIM,863.0,863.0,[],[],[],Feature Phones,True,Brand: Samsung | Display: TFT، 2 Inches، (128 x 160 Pixels) | Battery Capacity: 800 mAh، removable Li-Ion | Connectivity: 3.5mm Jack Sound، MicroUSB 2.0، Stereo FM radio، RDS، recording | Model: Guru Music 2 | Memory: microSDHC
Techno,Techno Spark 30,9999.0,9999.0,[256.0],[8.0],['4G LTE'],Smart Phones,True,"Brand: Tecno | Model Name: Spark 30; Display; 6.78 inch, IPS LCD, 90Hz, 800 nits; 1080 x 2460 | Processor: Mediatek Helio G91 (12 nm); Rear Camera; 64 MP, (wide), 1/1.73"", 0.8µm, PDAF, Auxiliary lens; Quad-LED flash, HDR; Video 1440p\@30fps, 1080p\@30fps; Front Camera; 13 MP, (wide); Dual-LED dual-tone flash; Video 1080p\@30fps | Battery Capacity: 5000 mAh, 18W wired | Number of SIM Cards: 2; Connectivity; Wi-Fi; Bluetooth; Positioning GPS; USB Type-C; Other Features; Fingerprint (side-mounted) | Model Number: KL6"
Tecno,Tecno Camon 30,11350.0,11350.0,[256.0],[8.0],['4G LTE'],Smart Phones,True,"Brand: Tecno | Model Name: Tecno Camon 30 | Display: 6.78 inch AMOLED, 120Hz (1080 x 2436) | Processor: Mediatek Helio G99 Ultimate | Rear Camera: • 50 MP, f/1.9, (wide), 1/1.57"", PDAF, OIS; • 2 MP, (depth); • Dual-LED flash, HDR, panorama; • Video 1440p@30fps, 1080p@30/60fps | Front Camera: • 50 MP, (wide), AF; • Dual-LED dual-tone; • Video 1440p@30fps, 1080p@30/60fps | Battery Capacity: • 5000 mAh; • Charging 70W wired, 0-100% in 45 min | Connectivity: • Wi-Fi 802.11 a/b/g/n/ac, dual-band; • Bluetooth 5.3, A2DP, LE; • GPS | Other Features: Fingerprint, accelerometer, gyro, proximity, compass | • Number of SIM Cards: Dual SIM"
Tecno,Tecno Camon 40,12111.0,12550.0,[256.0],[8.0],['4G'],Smart Phones,True,"Brand: Tecno | Model Name: Camon 40 | Display: 6.78 inch, AMOLED, 120Hz, (1080 x 2436) | Processor: Mediatek Helio G100 Ultimate (6 nm) Octa-core | Rear Camera: 50 MP, f/1.9, 23mm (wide), 1/1.56"", 1.0µm, PDAF, OIS; 8 MP, (ultrawide); Dual-LED flash, HDR, panorama | Front Camera: 32 MP, (wide) | Battery Capacity: 5200 mAh, 45W wired, 50% in 23 min, 100% in 43 min | Connectivity: Bluetooth; Wifi; GPS; Infrared port; FM radio; USB Type-C, OTG | Operating System: Android 15, up to 3 major Android upgrades, HIOS 15 | Other Features: IP66 dust-tight and water-resistant; Fingerprint (under display, optical); Accelerometer, gyro, proximity, compass sensors | Number of SIM cards: 2"
Tecno,Tecno Camon 40 Pro,18111.0,18111.0,[256.0],[12.0],[],Smart Phones,True,"Brand: Tecno | Model Name: Camon 40 Pro | Display: 6.78 inch, AMOLED, 144Hz; 1080 x 2436 pixels | Processor: Mediatek Dimensity 7300 (4 nm) Octa-core | Rear Camera: 50 MP, f/1.9, 23mm (wide), 1/1.56"", 1.0µm, PDAF, OIS; 8 MP, (ultrawide), 1/4.0"", 1.12µm, AF; Dual-LED flash, HDR, panorama; Video 4K@30/60fps (HDR), 1080p@30fps | Front Camera: 50 MP, f/2.5, 24mm (wide), 1/2.8"", 0.64µm, PDAF; Video 4K@30fps, 1080p@30/60fps | Battery Capacity: 5200 mAh, Charging 45W wired, 50% in 23 min, 100% in 43 min | Number of sim cards: 2 | Connectivity: Wifi; Bluetooth; GPS; Infrared port; FM radio; USB Type-C 2.0, OTG | Other Features: Fingerprint sensor; IP68/IP69 dust-tight and water-resistant"
Tecno,Tecno Spark 20 Pro Plus,9700.0,9700.0,[256.0],[8.0],['4G'],Smart Phones,True,"Front Camera: 32MP wide camera with f/2.2 for high-quality, detailed selfies with Tecno Spark 20 Pro Plus.; Video: 1080p @30fps; Processor; MediaTek Helio G99 Ultimate Octa-Core processor powers the Tecno Spark 20 Pro Plus for smooth multi-tasking and efficient power consumption.; Battery; 5000mAh massive battery for all-day power, with 33W Fast Charging for rapid charging.; Connectivity; Wi-Fi 802.11 a/b/g/n/ac, Dual-band, Wi-Fi Direct, Hotspot.; Bluetooth 5.2, A2DP, LE.; Positioning: GPS, GLONASS, GALILEO, BDS.; USB-C 2.0, USB On-The-Go."
Tecno,Tecno Spark 30,8444.0,8444.0,[256.0],[8.0],['4G'],Smart Phones,True,"Brand: Tecno | Model Name: Spark 30 | Display: 6.78 inch, (1080 x 2460 ); IPS LCD, 90Hz, 800 nits | Processor: Mediatek Helio G91 (12 nm) Octa-core | Rear Camera: 64 MP, (wide), 1/1.73"", 0.8µm, PDAF; Auxiliary lens; Quad-LED flash, HDR; Video 1440p@30fps, 1080p@30fps | Front Camera: 13 MP, (wide); Dual-LED dual-tone flash; Video 1080p@30fps | Battery Capacity: 5000 mAh, 18W wired charging | Connectivity: Bluetooth; Wifi; GPS; Infrared port; USB Type-C | Operating System: Android 14, HIOS 14 | Other Features: IP64 dust-tight and water-resistant; Fingerprint (side-mounted); unspecified sensors | Number of SIM cards: 2"
Tecno,Tecno Spark 30 KL6,8777.0,8777.0,[256.0],[8.0],['4G'],Smart Phones,True,"Brand: Tecno | Model Name: Spark 30 KL6 | Display: 6.78 Inch, FHD+, 90Hz; (1080x2460) | Processor: MediaTek Helio G91 | Rear Camera: SONY IMX682 64MP, Rear Four Flash | Front Camera: 13MP, Front Dual Colour Temperature Flash | Battery Capacity: 5000mAh, 18 Watt Fast Charge | Connectivity: USB Type-C, Infrared Remote Control | Operating System: Android 14 | Other Features: Fingerprint; Stereo Dual Speakers; Dolby Atmos; IP64 Water Resistance; Wet & Oily Touch Control | Number of SIM Cards: Dual SIM"
Tecno,Tecno Spark 30 Pro,11400.0,11400.0,[256.0],[8.0],['4G LTE'],Smart Phones,True,"Brand: Tecno | Model Name: Spark 30 Pro | Display: • 6.78 inch, AMOLED, 120Hz, 1700 nits, 1080 × 2436 | Processor: Mediatek Helio G100 (6 nm) | Rear Camera: • 108 MP, f/1.9 (wide), 1/1.52"", PDAF, Auxiliary lens; • Quad-LED flash, HDR | Front Camera: 13 MP (wide); • Dual-LED dual-tone flash | Battery Capacity: 5000 mAh, 33W wired | Other Features: • Fingerprint (under display, optical), accelerometer, gyro, proximity, compass | Number of SIM Cards: 2 | Model Number: KL7 | • Video: 1080p@30fps | • Wi-Fi, Bluetooth 5.3, Positioning: GPS; • FM radio, USB Type-C 2.0, OTG"
Tecno,Tecno Spark 40 Pro,10144.0,11259.0,"[128.0, 256.0]",[8.0],['4G'],Smart Phones,True,"Brand: Tecno | Model Name: Spark 40 Pro | Display: 6.78-inch, AMOLED (1224 x 2720); 144Hz, 1600 nits (HBM), 4500 nits (peak) | Processor: Mediatek Helio G100 Ultimate (6 nm) - Octa-core | Rear Camera: 50 MP, f/1.6 (wide), PDAF; Auxiliary lens; Dual-LED flash, HDR; Video Resolutions: 1440p@30fps, 1080p@30fps | Front Camera: 13 MP, f/2.2 (wide); Dual-LED flash; 1080p@30fps video recording | Battery Capacity: 5200mAh Battery, 45W Wired Charging; 10W Reverse Wired Charging | Connectivity: Wi-Fi 802.11 a/b/g/n/ac, dual-band; Bluetooth 5.3; GPS; Infrared port; FM Radio; USB Type-C 2.0, OTG | Operating System: Android 15, HIOS 15.1 | Other Features: Fingerprint (under display, optical); Sensors: accelerometer, proximity, compass; Corning Gorilla Glass 7i protection; IP64 dust and splash resistant; Drop resistant up to 1.5m; Stereo speakers; 3.5mm audio jack; 24-bit/192kHz Hi-Res & Hi-Res Wireless audio; microSDXC card slot | Number of SIM cards: 2"
Tecno,Tecno Spark Go 2,5527.0,6250.0,"[64.0, 128.0]","[3.0, 4.0]",['4G'],Smart Phones,True,"Brand: Tecno | Model Name: Spark Go 2s | Display: 6.67-inch IPS LCD, 120Hz; Resolution: 720x1600 (~263 ppi); Screen-to-body ratio: ~84.2% | Processor: Unisoc T7250 (12 nm) Octa-core (2x1.8 GHz Cortex-A75 & 6x1.6 GHz Cortex-A55), Mali-G57 MP1 GPU | Rear Camera: 13 MP, f/1.8, 27mm (wide), PDAF; Dual-LED flash, HDR; Video: 1080p@30fps | Front Camera: 8 MP; Dual-LED flash; Video: Yes | Battery Capacity: 5000 mAh, 15W wired charging | Connectivity: WLAN, Bluetooth, GPS; Infrared port, USB Type-C, OTG; FM radio | Operating System: Android 15, HIOS 15 | Other Features: Side-mounted fingerprint sensor; IP64 dust-tight and water-resistant (water splashes); Dual speakers, 3.5mm jack | Number of SIM Cards: Dual SIM (Nano-SIM + Nano-SIM)"
Tecno,Tecno Spark Go 3,6111.0,6617.0,"[64.0, 128.0]",[4.0],['4G'],Smart Phones,True,"Brand: Tecno | Model Name: Spark Go 3 | Display: 6.74-inch, IPS LCD (720 x 1600), 120Hz | Processor: Unisoc T7250 (12 nm) - Octa-core (2x1.8 GHz Cortex-A75 & 6x1.6 GHz Cortex-A55) | Rear Camera: 13 MP, Dual-LED flash, Video recording supported | Front Camera: 8 MP, Video recording supported | Battery Capacity: 5000mAh Battery, 15W Wired Charging | Connectivity: Wi-Fi 802.11 a/b/g/n/ac, dual-band; Bluetooth; GPS; Infrared port; FM Radio; USB Type-C, OTG | Operating System: Android 15, HIOS 15 | Other Features: Fingerprint (side-mounted), accelerometer; IP64 dust and splash resistant; Drop resistant up to 1.2m; Glass front, plastic back, plastic frame; Dedicated microSDXC card slot; 3.5mm audio jack | Number of SIM cards: 2"
Tecno,Tecno Spark Slim,12629.0,12888.0,[256.0],[8.0],['4G'],Smart Phones,True,"Brand: Tecno | Model Name: Spark Slim | Display: 6.78 inch, (1224 x 2720); AMOLED, 144Hz, 1600 nits (HBM), 4500 nits (peak) | Processor: Mediatek Helio G200 (6 nm) Octa-core | Rear Camera: 50 MP, (wide), PDAF; Dual-LED flash; Video 1440p@30fps, 1080p@30fps | Front Camera: 13 MP, (wide) | Battery Capacity: 5160 mAh, 45W wired, 100% in 57 min,10W reverse wired | Connectivity: Bluetooth; Wifi; GPS; Infrared port; FM radio; USB Type-C, OTG | Operating System: Android 15, HIOS 15 | Other Features: IP64 dust-tight and water-resistant; Fingerprint (under display, optical), accelerometer, gyro | Number of SIM cards: 2"
Vivo,Vivo V25e,14586.0,14586.0,[128.0],[8.0],['4G LTE'],Smart Phones,True,
Vivo,Vivo V50,27552.0,27552.0,[256.0],[12.0],['5G'],Smart Phones,True,"Features: Color spectrum sensor, Zeiss optics, Ring-LED flash, panorama, HDR; Video: 4K@30fps, 1080p@30fps, gyro-EIS, OIS; Front Camera; 50MP wide front camera with Zeiss optics and HDR  to capture stunning selfies with enhanced image quality on Vivo V50.; f/2.0, 21mm, 1/2.76"", 0.64µm, AF.; Video: 4K@30fps, 1080p@30fps.; Battery Capacity; 6000mAh powerful battery for all-day use on the Vivo V50, with 90W fast charging to get you back to full power in no time.; Connectivity; WLAN; Bluetooth 5.4, A2DP, LE; Positioning: GPS, GALILEO, GLONASS, QZSS, BDS, NavIC; USB Type-C 2.0, OTG; Other Features; IP68/IP69 water resistant protects Vivo V50 from high-pressure water jets and immersion up to 1.5m for 30 minutes.; Stereo speakers for an immersive audio experience.; Fingerprint (under display, optical), accelerometer, gyro, proximity, compass."
Vivo,Vivo V50 Lite,15226.0,15226.0,[256.0],[8.0],['4G'],Smart Phones,True,"Brand: Vivo | Model Name: V50 Lite; Display; 6.77 Inch, AMOLED, 120Hz, 1300 nits (HBM), 1800 nits (peak); (1080 x 2392) | Processor: Mediatek Dimensity 6300 (6 nm), Octa-core; Rear Camera; Dual Camera; 50 MP, f/1.8, (wide), 1/1.95"", 0.8µm, PDAF; 8 MP, f/2.2, 120˚ (ultrawide); Features Ring-LED flash, panorama, HDR; Front Camera; 32 MP, f/2.5, (wide); Video 1080p@30fps | Battery Capacity: 6500 mAh, 90W wired, 50% in 23 min, 100% in 52 m | Connectivity: Wi-Fi 802.11 a/b/g/n/ac, dual-band; Bluetooth 5.0, A2DP, LE; Positioning: GPS, GLONASS, GALILEO, BDS, QZSS; USB Type: -C 2.0, OTG | Other Features: IP65 dust and water resistant; Stereo speakers; Fingerprint, accelerometer, gyro, proximity, compass | Number of SIM Cards: Dual SIM"
Vivo,Vivo V60,25246.0,29888.0,"[256.0, 512.0]",[12.0],['5G'],Smart Phones,True,"Brand: Vivo | Model Name: V60 | Display: 6.77 inch, AMOLED, 120Hz refresh rate (1080 x 2392), 5000 nits | Processor: Qualcomm SM7750-AB Snapdragon 7 Gen 4 (4nm), Octa-core | Rear Camera: 50 MP, f/1.9, 23mm (wide), 1/1.56"", 1.0µm, PDAF, OIS; 50 MP, f/2.7, 73mm (periscope telephoto), 1/1.95"", 0.8µm, PDAF, OIS, 3x optical zoom; 8 MP, f/2.0, 15mm, 120˚ (ultrawide); Zeiss optics, Ring-LED flash, panorama, HDR | Front Camera: 50 MP, f/2.2, 21mm (wide), 1/2.76"", 0.64µm, AF; Zeiss optics, HDR | Battery Capacity: 6500 mAh, 90W wired charging | Connectivity: Bluetooth | Other Features: Fingerprint sensor, IP68/IP69 water and dust resistance | Number of SIM Cards: Dual SIM | Model: TWS 3 | Key Features: 12.2mm ultra-large drivers; Deep-Live 3D panoramic audio; Intelligent noise reduction; Double transparency mode | Video: 4K@30fps, 1080p@30/60fps | Type: Earbuds | Color: White | Microphone Included: Yes | Battery Info: 10 hours of battery life with noise reduction off, 40 hours with charging case"
Vivo,Vivo V60 Lite,16144.0,19186.0,[256.0],"[8.0, 12.0]","['4G', '5G']",Smart Phones,True,"Brand: Vivo | Model Name: V60 Lite | Display: 6.77-inch AMOLED display ( 2392 x 1080 ); 120Hz refresh rate, 3000 nits | Processor: MediaTek Dimensity 7360-Turbo- Octa Core | Rear Camera: 50MP Sony Main Camera: Autofocus, f/1.79 aperture, 79° FOV, 5-element lens,  f/1.79 aperture; 8MP Ultra Wide Angle Camera: f/2.2 aperture, 120° FOV, 5-element lens, H61+ f/2.2 aperture; Night mode, Portrait, Photo, Video, Mini movie, Panorama, HD document, Slow motion, Time-lapse, Super moon, Professional, Food dual; Video recording resolution 4K/1080P | Front Camera: 32MP Ultra-High-Resolution Selfie Camera: f/2.45 aperture, 72° FOV, 5-element lens, f/2.45 aperture; Night mode, Portrait, Photo, Video, Mini movie, Dual scene | Battery Capacity: 6500 mAh, 90 watt Charging | Connectivity: Wi-Fi, Bluetooth 5.4, GPS, USB 2.0 | Other Features: Fingerprint sensor; IP65 Dust and water resistance | Number of SIM cards: Dual SIM Card"
Vivo,Vivo V70,37199.0,37199.0,[256.0],[12.0],['5G'],Smart Phones,True,"Brand: Vivo | Model Name: V70 | Display: 6.59 inch AMOLED Display; 1B colors, HDR10+, 120Hz, 1800 nits (HBM), 5000 nits (peak); 1260 x 2750 pixels | Processor: Qualcomm SM7750-AB Snapdragon 7 Gen 4 (4 nm)-Octa-core | Rear Camera: 50 MP, f/1.9, 23mm (wide), 1/1.56"", 1.0µm, PDAF, OIS; 50 MP, f/2.7, 73mm (periscope telephoto), 1/1.95"", 0.8µm, PDAF, OIS, 3x optical zoom; 8 MP, f/2.2, 15mm, 115˚ (ultrawide); Zeiss optics, Ring-LED flash, panorama, HDR; Video 4K@30/60fps, 1080p@30/60fps, gyro-EIS, OIS, HDR, LUT | Front Camera: 50 MP, f/2.0, 21mm (wide), 1/2.76"", 0.64µm, AF; Zeiss optics, HDR; Video 4K@30fps, 1080p@30/60fps | Battery Capacity: 6500 mAh, 90W wired | Connectivity: Wifi; Bluetooth 5.4; GPS; Infrared port; USB Type-C 2.0, OTG | Operating System: Android 16, up to 4 major Android upgrades, OriginOS 6 | Other Features: Fingerprint (under display, ultrasonic), accelerometer, gyro, compass, proximity sensors; IP68/IP69 dust-tight and water-resistant | Number of SIM cards: 2"
Vivo,Vivo V70 FE,22780.0,25999.0,[256.0],"[8.0, 12.0]",['5G'],Smart Phones,True,"Brand: Vivo | Model Name: V70 FE | Display: 6.83 inch, AMOLED, 449 PPI Pixel Density; 2800 × 1260, Up to 120 Hz refresh rate, 1900 nits | Processor: Dimensity 7360-Turbo (Octa-core, 4 nm, 4 × 2.5 GHz + 4 × 2.0 GHz) | Rear Camera: 200 MP OIS + 8 MP wide-angle; f/1.88 (200 MP) + f/2.2 (8 MP); Rear flash & Single rear flash with single color temperature; Scene Mode: Photo, Portrait, Night, Video, Micro Movie, High Resolution, Pano, Ultra HD | Front Camera: 50 MP, f/2.0, 92° FOV, supports AF; Scene Mode: Photo, Portrait, Night, Video, Micro Movie, High Resolution, Dual View, Film Camera | Battery Capacity: 7000 mAh, 90-watt fast charging | Connectivity: Wi-Fi (2.4G, 5G); Bluetooth 5.4; USB 2.0 Type C; GPS, BeiDou, GLONASS, Galileo, QZSS, NavIC | Operating System: Android 16, OriginOS 6 | Other Features: In-display optical fingerprint sensor; Sensors: Ambient light sensor, Proximity sensor, Gyroscope, Accelerometer, E-compass, Infrared blaster; Water resistance: IP68; IP69 ingress protection | Number of SIM cards: 2 (nano SIM, 5G)"
Vivo,Vivo Y04,5756.0,8799.0,"[64.0, 128.0, 256.0]",[4.0],['4G LTE'],Smart Phones,True,"Resolution: 1600 × 720; 90Hz Refresh rate, 570 nits brightness; Processor; Unisoc T7225 (12 nm) - Octa-core; Rear Camera; 13 MP, f/2.2 aperture; 0.08 MP, f/3.0 aperture; Front Camera; 5 MP, f/2.2 aperture; Battery; 5500mAh Li-ion battery | Charging power: 15W; Number of SIM cards; Dual SIM; Connectivity; Wi-Fi. Bluetooth 5.2, USB-C, GPS, OTG, FM, fingerprint"
Vivo,Vivo Y05,7099.0,8299.0,"[64.0, 128.0]",[4.0],['4G'],Smart Phones,True,"Brand: Vivo | Model Name: Y05 | Display: 6.74-inch IPS LCD; HD+ resolution with up to 120Hz refresh rate; 1200 nits brightness for clear viewing | Processor: Octa-core Unisoc; Chipset: Unisoc T7225 (12nm) | Rear Camera: 13MP with HDR and panorama | Front Camera: 5 MP | Battery Capacity: Battery Range 5500 – 6500 mAh; 15W wired charging speed; Charging port Type-C | Connectivity: USB Type-C | Operating System: Android 16; Origin-OS 6.0 | Other Features: Light Weight 209 g; Side-mounted fingerprint sensor; Accelerometer, ambient light sensor; Proximity sensor, and e-compass.; IP65 dust-tight and water-resistant | Number of SIM cards: 2"
Vivo,Vivo Y11D,9240.0,9241.0,[128.0],[4.0],['4G'],Smart Phones,True,"Brand: vivo | Model Name: Y11d | Display: LCD 6.74-inch (17.13 cm), 120Hz, 1200 nits (HBM); Color: 83% NTSC color gamut, 260 PPI, (720 x 1600) | Processor: T7225 (12 nm) - Octa-core, 2 × 1.8 GHz + 6 × 1.8 GHz | Rear Camera: 50 MP, f/1.8 (main), 0.08 MP, f/3.0; Video recording: Yes; Rare Flash: Yes; Modes:  Photo, Night, Portrait, Video, Live Photo, Time-lapse, Pro, Pano, Documents, Slo-mo, Dual View | Front Camera: 5 MP, f/2.2; Modes: Photo, Night, Portrait, Video, Live Photo, Dual View modes | Battery Capacity: 6500 mAh (TYP), Charging 44W wired (FlashCharge) | Connectivity: Wi-Fi 2.4 GHz / 5 GHz; Bluetooth 5.2; GPS, BeiDou, GLONASS, Galileo, QZSS; USB Type-C 2.0, OTG supported | Operating System: Android 16 | Other Features: IP65 dust and water resistance; Side-mounted capacitive fingerprint sensor; Accelerometer, ambient light sensor, e-compass, proximity sensor; Ordinary vibration motor; Dimensions: 167.40 × 77.10 × 8.39 mm | Number of SIM cards: 2 nano SIMs"
Vivo,Vivo Y19S Pro,12450.0,12450.0,[128.0],[6.0],['4G LTE'],Smart Phones,True,"Brand: Vivo | Model Name: Y19S Pro; Display; 6.68 Inch, IPS LCD, 90Hz; Brightness: 1000 nits (HBM); Resolution: 720 × 1608; Processor; Unisoc Tiger T612 (12nm), Octa-core; Rear Camera; 50MP, f/1.8, (wide), 1/1.95"", 0.8µm, PDAF; Auxiliary lens; Features: Ring-LED flash, Panorama; Video: 1080p@30fps; Front Camera; 5MP, f/2.2, Video option; Battery Capacity; 6000mAh, 44 Watt; 40% in 30 min, Reverse wired charging | Number of SIM Cards: Dual SIM; Connectivity; Wi-Fi 802.11 a/b/g/n/ac, dual-band; Bluetooth 5.2, GPS, FM Radio; USB Type-C 2.0, OTG; 3.5mm audio jack; Other Features; IP64 dust tight and water resistant (water splashes); Fingerprint sensor, Dual speakers; Accelerometer, Proximity sensor, Compass"
Vivo,Vivo Y21D,8781.0,11200.0,"[128.0, 256.0]","[4.0, 6.0]",['4G'],Smart Phones,True,"Brand: Vivo | Model Name: Y21D | Display: 6.68-inch LCD display,  (720 × 1608 px), 90Hz refresh rate. | Processor: T7225, Octa-Core | Rear Camera: 50 MP + 0.08 MP; Rear flash; The rear camera has an aperture of f/1.8 (50 MP resolution) + an aperture of f/3.0 (0.08 MP resolution). | Front Camera: 5 MP; The front camera has an aperture of f/2.2 | Battery Capacity: 6500 mAh battery with 44W wired charging. | Connectivity: Wi-Fi; Bluetooth 5.2; GPS; USB Type‑C OTG | Operating System: Android 15 with Funtouch OS 15 | Other Features: IP68 and  IP69 dust and water resistance; Side‑mounted fingerprint sensor | Number of SIM Cards: 2"
Vivo,Vivo Y31d,11888.0,14430.0,"[128.0, 256.0]","[6.0, 8.0]",['4G'],Smart Phones,True,"Brand: Vivo | Model Name: Y31d | Display: 6.75 inch, LCD; 1570 × 720, Up to 120 Hz refresh rate, 1250 nits | Processor: Snapdragon 6s Gen 2 | Rear Camera: Dual Camera 50 MP + 2 MP; f/2.0 (50 MP) + f/2.4 (2 MP); Rear flash; Photo, Night Mode, Portrait, Video, Live Photo, Slow Motion, Time-lapse, Pro, Panorama, Documents; MP4 Video recording | Front Camera: -8 MP,  f/2.05 | Battery Capacity: 7200 mAh, 44-watt fast charging | Number of sim cards: 2 | Connectivity: Wi-Fi; Bluetooth 5.1; USB 2.0 Type C; GPS | Operating System: Android 16, OriginOS 6 | Other Features: Side-mounted fingerprint sensor; Ambient light sensor, Proximity sensor, Gyroscope sensor"
Vivo,Vivo Y73,9702.0,9702.0,[128.0],[8.0],['4G LTE'],Smart Phones,True,"Brand: Vivo | Display: 6.4-inch AMOLED (1080×2400) touchscreen | Processor: Mediatek Helio G95 octa-core processor | Rear Camera: 64 MP, f/1.8, 26mm (wide); 2 MP, f/2.4, (macro); 2 MP, f/2.4, (depth) | Front Camera: 16 MP, f/2.0, (wide) | Battery Capacity: 4000mAh with 33W fast charge | Connectivity: Wi-Fi, Bluetooth 5.0, GPS, Type-C USB 2.0, under-display fingerprint | Model: Y73"
Xiaomi,Xiaomi 17T,37999.0,37999.0,[512.0],[12.0],['5G'],Smart Phones,True,"Brand: Xiaomi | Model Name: 17T | Display: 6.59-inch AMOLED display(2756 x 1268), 120Hz eye-care, 3500nits | Processor: MediaTek Dimensity 8500-Ultra | Rear Camera: Leica 23mm main camera 50MP, Light Fusion 800 image sensor; 1/1.55""2.0µm 4-in-1 Super Pixelf/1.7OIS23mm equivalent focal length; Leica 115mm periscope telephoto50MPf/3.0OIS115mm equivalent focal length; Leica 15mm ultra-wide camera12MPf/2.215mm equivalent focal length120°; Digital zoom up to 120x with AI Ultra Zoom; 4K (3840 x 2160) HDR10+ video recording at 30fps, 60fps1080p (1920 x 1080) | Front Camera: 32MP f/2.221mm equivalent focal length; 4K (3840 x 2160) HDR10+ video recording at 30fps1080p (1920 x 1080) HDR10+ video recording at 30fps, 60fps720p (1280 x 720) video recording at 30fps | Battery Capacity: 6500mAh , 67W HyperCharge | Number of sim cards: 2 | Connectivity: Bluetooth 6.0; Wi-Fi 6E; GPS; USB-C | Operating System: Xiaomi HyperOS 3 | Other Features: In-screen fingerprint sensor; AI Face Unlock; Proximity sensor, Ambient light sensor, accelerometer, gyroscope, Electronic compass; IP68 Dust and Water Resistance"
Xiaomi,Xiaomi Note 14,8833.0,9787.0,"[128.0, 256.0]",[8.0],['4G'],Smart Phones,True,"Video: 1080p@30fps, 720p@30fps; Processor; Helio G99-Ultra 6nm - Octa Core; Battery; 5500mAh Battery capacity; 33 Watt fast charging; Number of SIM cards; Dual SIM; Connectivity; WiFi, Bluetooth 5.3, USB-C, GPS, GLONASS, BDS, Galileo, Fingerprint | Resolution: 2400 × 1080; Rear Camera; Triple Camera; 108MP, f/1.7, 1/1.67”, 0.64μm, 9in1 1.92μm; 2 MP, f/2.4, (depth); 2 MP, f/2.4, (macro)"
Xiaomi,Xiaomi POCO C85,8549.0,8555.0,[256.0],[8.0],['4G'],Smart Phones,True,"Brand: Xiaomi | Model Name: POCO C85 | Display: 6.9-inch IPS LCD display; Resolution 1600x720; Refresh rate Up to 120Hz; Brightness 660 nits (typ), 810 nits HBM | Processor: MediaTek Helio G81-Ultra - Octa-core | Rear Camera: 50MP main camera, 5P lens, f/1.8, Auxiliary lens, Film Camera; HDR mode,  Night mode, Portrait mode,  Time-lapse; Video recording 1080p (1920x1080) HD video recording at 30 fps, 720p (1280x720) HD video recording at 30 fps | Front Camera: 8MP front camera, f/2.0, Film Camera; HDR mode, Soft-light ring, Portrait mode,  Time-lapse, Night mode; Video recording1080p (1920x1080) HD video recording at 30 fps, 720p (1280x720) HD video recording at 30 fps | Battery Capacity: 6000mAh, Supports 33W fast charging | Number of sim cards: 2 | Connectivity: Wi-Fi, Bluetooth 5.4, GPS, USB Type-C, 3.5mm headphone jack | Other Features: IP64 resistant to splash and dust; Virtual proximity, Ambient light, Accelerometer, Electronic compass sensors; Side fingerprint sensor, and AI face unlock"
Xiaomi,Xiaomi Redmi 10C,6372.0,6372.0,[128.0],[4.0],['4G LTE'],Smart Phones,True,"Brand: Xiaomi | Display: 6.7 Inch IPS LCD; (720x1650) | Processor: Qualcomm SM6225 Snapdragon 680 4G Octa Core Processor | Rear Camera: Dual Camera; 50 MP, f/1.8, 26mm (wide), PDAF; 2 MP, f/2.4, (depth) | Front Camera: 5MP | Battery Capacity: 5000mAh Fast Charging 18W | Connectivity: Wi-Fi, Bluetooth 5.0, GPS, USB Type-C 2.0, fingerprint | Model: Redmi 10C"
Xiaomi,Xiaomi Redmi 15,9754.0,11502.0,"[128.0, 256.0]","[6.0, 8.0]",['4G'],Smart Phones,True,"Brand: Xiaomi | Model Name: Redmi 15 | Display: 6.9 Inch; IPS LCD, 144Hz, 600 nits (typ); 700 nits (HBM), 850 nits (peak); Resolution: 1080 x 2340 pixels; Corning Gorilla Glass 3, Mohs level 6 | Processor: Qualcomm SM6375 Snapdragon 6s Gen 3 (6 nm), Octa-core | Rear Camera: Dual Camera; 50 MP, f/1.8, (wide), 1/2.88"" 0.61μm, PDAF; Auxiliary lens; Features: LED flash, HDR; Video: 1080p@30fps | Front Camera: 8 MP, f/2.0, (wide); Features: HDR; Video: 1080p@30fps | Battery Capacity: Battery Capacity: 7000 mAh; 33W wired; 18W reverse wired | Connectivity: Wi-Fi 802.11 a/b/g/n/ac, dual-band; Wi-Fi Direct; Bluetooth 5.1, A2DP, LE, aptX; GPS, GLONASS, GALILEO, BDS; Infrared port; USB Type-C 2.0, OTG | Other Features: IP64 dust-tight and water-resistant (water splashes); Card slot: microSDXC; Loudspeaker; 24-bit/192kHz Hi-Res audio; Fingerprint (side-mounted), accelerometer, compass; Virtual proximity sensing | Number of SIM Cards: Dual SIM"
Xiaomi,Xiaomi Redmi 15C,8354.0,9110.0,"[128.0, 256.0]","[6.0, 8.0]",['4G LTE'],Smart Phones,True,"Brand: Xiaomi | Model Name: Redmi 15C | Display: 6.9 Inch, IPS LCD, 120Hz refresh rate; 720 × 1600 pixels | Processor: MediaTek Helio G81 Ultra (12nm), Octa-core | Rear Camera: 50 MP, f/1.8, 28mm (wide), 1/2.76"", 0.64µm, PDAF; QVGA, f/3.0; LED flash, HDR; Video 1080p@30fps | Front Camera: 8 MP, f/2.0, (wide), 1/4.0"", 1.12µm; HDR; Video 1080p@30fps | Battery Capacity: 6000 mAh, 33W wired charging | Connectivity: Bluetooth 5.4; USB Type-C 2.0, OTG; FM radio; Wi-Fi; GPS | Other Features: Side-mounted fingerprint sensor; IP64 dust and water resistance | Number of SIM Cards: Dual SIM"
Xiaomi,Xiaomi Redmi A5,7031.0,9500.0,"[64.0, 128.0]",[4.0],['4G LTE'],Smart Phones,True,"Brand: Xiaomi | Model Name: Redmi A5; Display; 6.88 Inch, 450 nits (typ), 260 ppi; Refresh rate: Up to 120Hz; DC dimming; TÜV Rheinland Low Blue Light, Flicker Free; Touch sampling rate: Up to 240Hz; Contrast ratio: 1500:1; (1640x720) | Processor: UNISOC T7250 processor 12nm, octa-core; Rear Camera; Dual Camera; 32MP + 32MP; FilmCamera, HDR mode, Ultra HD, Night mode; 4P lens, f/2.0; Auxiliary lens; Rear camera video recording: 1080p 1920x1080 30fps, 720p 1280x720 30fps; Front Camera; 8MP; HDR mode, Fill-light; Portrait mode, Time-lapse, Night mode; 4P lens, f/2.0; Front video recording: 1080p 1920x1080 30fps, 720p 1280x720 30fps | Battery Capacity: 5200mAh, 15W, fast charging | Number of SIM Cards: Dual SIM; Connectivity; USB Type-C; 2.4GHz/5GHz Wi-Fi; Bluetooth 5.2; Supports FM radio (with headphone jack); Supports AAC / SBC; GPS, Glonass, Galileo, BDS (only B1C); 3.5mm headphone jack; Other Features; Virtual proximity sensor, Virtual ambient light sensor; Accelerometer, Electronic compass; Side fingerprint sensor; AI face unlock"
Xiaomi,Xiaomi Redmi A7 Pro,6689.0,7576.0,"[64.0, 128.0]",[4.0],['4G'],Smart Phones,True,"Brand: Xiaomi | Model Name: Redmi A7 Pro | Display: 6.9-inch  LCD(1600 × 720) resolution; Up to 120Hz refresh rate, 650nits brightness (800nits HBM) | Processor: Unisoc T7250 12nm process,  octa-core | Rear Camera: 13MP main camera1/3.06"" sensor size f/2.2Auxiliary lens film Camera; Video recording 1080p at 30fps, 720p at 30fps | Front Camera: 8MP front camera f/2.0; Video recording 1080p at 30fps, 720p at 30fps; Fill-light, HDR mode, Time-lapse, Portrait mode, Night mode | Battery Capacity: 6000mAh  with 15W fast charging | Connectivity: Wi-Fi; Bluetooth 5.2; GPS; USB Type-C; 3.5mm headphone jack | Operating System: Xiaomi HyperOS 3 | Other Features: Side fingerprint sensor; AI Face Unlock | Number of SIM cards: 2"
Xiaomi,Xiaomi Redmi Note 10s,9305.0,9305.0,[128.0],[6.0],['4G LTE'],Smart Phones,True,"Brand: Xiaomi | Model: Redmi Note 10s; Display; 6.43-inch (2400x1080) AMOLED DotDisplay; Rear Camera; 64 MP (f/1.79) wide-angel camera; 8 MP (f/2.2) ultra-wide angelÂ camera; 2 MP (f/2.4) macro camera; 2 MPÂ (f/2.4) depth sensor; Front Camera; 13 MP (f/2.45)Â camera; Processor; MediaTekÂ Helio G95 octa-core processor; Battery Capacity; 5000mAh with 33W fast charging; Connectivity; Wi-Fi, Bluetooth 5.0, GPS, USB Type-C"
Xiaomi,Xiaomi Redmi Note 14 Pro,15888.0,18852.0,"[256.0, 512.0]","[8.0, 12.0]",['4G LTE'],Smart Phones,True,"Brand: Xiaomi | Model Name: Redmi Note 14 Pro; Display; 6.67 Inch, AMOLED, 68B colors, 120Hz, HDR10+; Dolby Vision, 1800 nits (p2712eak); Corning Gorilla Glas2712s Victus 2, Always-on display; (1220 x 2712); Processor; Mediatek Helio G100 Ultra (6 nm) - Octa Core; Rear Camera; Triple Camera; 200 MP, f/1.7, 23mm (wide), 1/1.4"", 0.56µm, multi-directional PDAF, OIS; 8 MP, f/2.2, 15mm, 120˚ (ultrawide), 1/4.0"", 1.12µm; 2 MP, f/2.4, (macro) | Battery Capacity: 5500 mAh, 45W | Number of SIM Cards: Dual SIM; Connectivity; Wi-Fi 802.11 a/b/g/n/ac/6, dual-band, Wi-Fi Direct; Bluetooth 5.3, A2DP, LE; Positioning GPS, GALILEO, GLONASS, QZSS, BDS; Infrared port; USB Type-C 2.0, OTG; Other Features; IP64 dust tight and water resistant (immersible up to 1.5m for 30 min); Stereo speakers (with Dolby Atmos); Fingerprint (under display, optical), accelerometer, gyro, compass, proximity | Video: 1080p@30/60fps | Features: HDR, panorama"
Xiaomi,Xiaomi Redmi Note 14 Pro Plus,20794.0,20794.0,[256.0],[12.0],['4G'],Smart Phones,True,"Brand: Xiaomi | Model Name: Redmi Note 14 Pro Plus | Display: 6.67 Inch, AMOLED, 68B colors, 120Hz, HDR10+; Dolby Vision, 3000 nits (peak); Corning Gorilla Glass Victus 2, Always-on display; (1220 x 2712) | Processor: Qualcomm SM7635 Snapdragon 7s Gen 3 (4 nm), Octa-core | Rear Camera: Triple Camera; 200 MP, f/1.7, 23mm (wide), 1/1.4"", 0.56µm, multi-directional PDAF, OIS; 8 MP, f/2.2, 15mm, 120˚ (ultrawide), 1/4.0"", 1.12µm; 2 MP, f/2.4, (macro); Features: LED flash, HDR, panorama; Video: 4K@24/30fps, 1080p@30/60/120fps, gyro-EIS, OIS | Front Camera: 20 MP, f/2.2, 21mm (wide), 1/4.0"", 0.7µm; Features: HDR, panorama; Video: 1080p@30/60fps | Battery Capacity: 5110 mAh, 120W | Connectivity: Wi-Fi 802.11 a/b/g/n/ac/6/6e, dual-band, Wi-Fi Direct (/6e is market/region dependent); Bluetooth 5.4, A2DP, LE; Positioning GPS (L1+L5), GALILEO, GLONASS, QZSS, BDS; Infrared port; USB Type-C 2.0, OTG | Operating System: Android 14 | Other Features: IP68 dust tight and water resistant (immersible up to 1.5m for 30 min); Stereo speakers (with Dolby Atmos); Fingerprint (under display, optical), accelerometer, gyro, compass, proximity | Number of SIM Cards: Dual SIM"
Xiaomi,Xiaomi Redmi Note 15,10999.0,19581.0,"[128.0, 256.0, 512.0]","[6.0, 8.0, 12.0]","['4G', '5G']",Smart Phones,True,"Brand: Xiaomi | Model Name: Redmi Note 15 | Display: 6.77-inch AMOLED display; Resolution (2392 × 1080); Up to 120Hz refresh rate; 3200 nits peak brightness, 800 nits (type) | Processor: Snapdragon 6 Gen 3, 4nm, Octa-core | Rear Camera: 108MP main camera0.64μm, 9in1 1.92μm, f/1.7, 6P lens, 1/1.67"" sensor size; 8MP ultra-wide camera f/2.2; Video recording 4K at 30fps, 1080p at 30fps, 720p at 30fps | Front Camera: 20MP front camera 1/4'' sensor size f/2.2, 4P lens; Video recording 1080p at 30fps, 720p at 30fps | Battery Capacity: 5520mAh, 45W turbo charging | Number of sim cards: 2 | Connectivity: Bluetooth 5.1; Wi-Fi; GPS; USB Type-C | Operating System: Xiaomi HyperOS 2 | Other Features: Virtual proximity sensor, Ambient light sensor, Accelerometer, Electronic compass; IP66 Splash, Water, and Dust Resistant; In-screen fingerprint sensor; AI face unlock"
Xiaomi,Xiaomi Redmi Note 15 Pro,20888.0,23555.0,"[256.0, 512.0]",[12.0],['5G'],Smart Phones,True,"Brand: Xiaomi | Model Name: Redmi Note 15 Pro | Display: 6.83-inch AMOLED display; Resolution (2772 x 1280) 1.5K; Up to 120Hz refresh rate; 3200 nits peak brightness | Processor: MediaTek Dimensity 7400-Ultra 4nm, Octa-core | Rear Camera: 200MP main camera Optical Image Stabilization (OIS)0.56μm, 16in1, 2.24μm, f/1.7, 7P lens, 1/1.4"" sensor size; 8MP ultra-wide camera f/2.2; Video recording 4K at 30 fps,1080p at 30/60, fps720p at 30 fps | Front Camera: 20MP front camera1/4"" sensor size f/2.2, 4P lens; Video recording 1080p at 30/60 fps, 720p at 30 fps | Battery Capacity: 6580mAh, 45W turbo charging | Number of sim cards: 2 | Connectivity: Bluetooth 5.4; Wi-Fi; GPS; USB Type-C | Operating System: Xiaomi HyperOS 2 | Other Features: AI Erase Pro, AI Remove Reflection, AI Image Expansion, AI Sky, AI Bokeh, AI Cutouts; AI Image Enhancement, AI Beautify, AI Film; Circle to Search with Google, Google Gemini; In-screen fingerprint sensor; AI face unlock; IP68/IP69 Water and Dust Resistance"
Xiaomi,Xiaomi Redmi Note 15 Pro Plus,27699.0,30799.0,"[256.0, 512.0]",[12.0],['5G'],Smart Phones,True,"Brand: Xiaomi | Model Name: Redmi Note 15 Pro Plus | Display: 6.83-inch CrystalRes AMOLED display; Resolution (2772 x 1280) 1.5K; Up to 120Hz refresh rate; 3200 nits peak brightness | Processor: Snapdragon 7s Gen 4, 4nm, Octa-core | Rear Camera: 200MP main camera Optical Image Stabilization (OIS)0.56μm, 16in1, 2.24μm, f/1.7, 7P lens, 1/1.4"" sensor size; 8MP ultra-wide camera f/2.2; Video recording 4K at 30 fps,1080p at 30/60, fps720p at 30 fps | Front Camera: 32MP front camera1/3.6"" sensor size f/2.2, 4P lens; Video recording 1080p at 30/60 fps, 720p at 30 fps | Battery Capacity: 6500mAh, 100W HyperCharge | Number of sim cards: 2 | Connectivity: Bluetooth 5.4; Wi-Fi; GPS; USB Type-C | Operating System: Xiaomi HyperOS 2 | Other Features: AI Writing, AI Speech Recognition, AI Interpreter, AI Search; AI Dynamic Wallpapers, AI Creativity Assistant; Circle to Search with Google, Google Gemini; In-screen fingerprint sensor; AI face unlock; IP68/IP69 Water and  Dust Resistance"
