source_site,product_url,image_url,brand,variant_id,product_id,price_egp,original_price_egp,in_stock,is_best_seller,is_new_arrival,seller_name,category_l3,model,storage_gb,ram_gb,network,sim_config,color
btech,https://btech.com/en/p/82f1a686-4373-43d5-b79c-19c02f8408ff,4/6/5/f/465f167c9f4e964a29f028dd5247bae5f1273df5_imgi_94_black_3_obasvupdqwwmzwwn_3.jpeg,Infinix,82f1a686-4373-43d5-b79c-19c02f8408ff,a6844b2a-ae27-4a09-8585-ce96917db568,6330.0,6330.0,True,True,False,Elhashim Store,Smart Phones,Infinix Smart 20,64.0,4.0,4G,Dual-SIM,Shadow Black
btech,https://btech.com/en/p/760705ec-59eb-4196-a844-687dfb44e8c6,f/a/2/f/fa2f1ca443cbc3f983f400ef43cc035773dd4ca6_s_l1600__2_.jpg,Infinix,760705ec-59eb-4196-a844-687dfb44e8c6,a6844b2a-ae27-4a09-8585-ce96917db568,6835.0,6835.0,True,True,False,Elhashim Store,Smart Phones,Infinix Smart 20,128.0,4.0,4G,Dual-SIM,Polaris Titanium
btech,https://btech.com/en/p/95ea8720-6e24-436b-bc06-a4cc2f09f5aa,b/c/2/f/bc2f1f5328bae6e875c5faa2e4ca991d3d707a43_ca4b7ddb1ac116223412c9c408fa44fa8c7f186e244901ed7b5f80e46374a77b.jpeg,Samsung,95ea8720-6e24-436b-bc06-a4cc2f09f5aa,c9a4d732-be6e-4ed4-bb9b-772d53e488f2,6798.0,6798.0,True,True,False,Remoz,Smart Phones,Samsung A07,64.0,4.0,4G LTE,Dual-SIM,Black
btech,https://btech.com/en/p/ba7338f2-0084-4d9b-b80b-3664df6ac7dc,9/e/f/d/9efdd1545183b914e0f1c33c54dddfe491a139f8_ca4b7ddb1ac116223412c9c408fa44fa8c7f186e244901ed7b5f80e46374a77b.jpeg,Samsung,ba7338f2-0084-4d9b-b80b-3664df6ac7dc,c9a4d732-be6e-4ed4-bb9b-772d53e488f2,8888.0,8888.0,True,True,False,Ehab Group,Smart Phones,Samsung A07,128.0,6.0,4G LTE,Dual-SIM,Black
btech,https://btech.com/en/p/012251d6-c872-47db-be03-c4e12687f205,a/9/8/9/a989cb00c239c01e0a04be611bcc20fa32ab30d5_imgi_94_black_3_obasvupdqwwmzwwn_3.jpeg,Infinix,012251d6-c872-47db-be03-c4e12687f205,a6844b2a-ae27-4a09-8585-ce96917db568,6830.0,6930.0,True,True,False,B.TECH,Smart Phones,Infinix Smart 20,128.0,4.0,4G,Dual-SIM,Shadow Black
btech,https://btech.com/en/p/xiaomi-redmi-15c-256gb-8gb-ram-4g-dual-sim-midnight-gray,6/d/c/7/6dc7cfcb868b1a0e2bb4dcada36a28bc4efeff6e_bb722adf1f341329739bedc57eaa21f76a72ae75b8e728772601618256710403.jpg,Xiaomi,fe57ee29-a064-483e-a97c-f1eba93ebb77,122229b5-28de-4c40-a2c2-9344d1d313e1,8949.0,9499.0,True,True,False,B.TECH,Smart Phones,Xiaomi Redmi 15C,256.0,8.0,4G LTE,Dual-SIM,Midnight Black
btech,https://btech.com/en/p/samsung-galaxy-a17-256gb-8gb-ram-4g-dual-sim-black,6/f/1/d/6f1d19227e64fce269518fe407947b6a800c3a74_imgi_2_4dabf6d9f656c40db2f76b1b42b683d95776831528fb89445d42a1443f9782e9.jpg,Samsung,b4490384-2bdd-4913-bb39-17294c83de03,112e49f8-cdc2-418b-bacb-c59d2b370ae3,13989.0,13989.0,True,True,False,Remoz,Smart Phones,Samsung Galaxy A17,256.0,8.0,4G LTE,Dual-SIM,Black
btech,https://btech.com/en/p/5b726b61-7507-404f-9447-4dc0305f67f2,c/0/0/0/c000a9bb278050711fdf62548af402e4f339d9e4_ca4b7ddb1ac116223412c9c408fa44fa8c7f186e244901ed7b5f80e46374a77b__1_.jpeg,Samsung,5b726b61-7507-404f-9447-4dc0305f67f2,c9a4d732-be6e-4ed4-bb9b-772d53e488f2,7899.0,7899.0,True,True,False,ISM Mobile Shop,Smart Phones,Samsung A07,128.0,4.0,4G LTE,Dual-SIM,Black
btech,https://btech.com/en/p/xiaomi-redmi-15c-256gb-8gb-ram-4g-dual-sim-moonlight-blue,7/7/9/3/7793bbc61c5d8475bc954db523f6194d2c655876_802659818cd2b91f7a0912fc46409ec240f5e04afe8ec0db19299bdfa723024b.jpg,Xiaomi,aa8a0954-213d-45f9-9b00-85f3e18929c4,122229b5-28de-4c40-a2c2-9344d1d313e1,9110.0,9110.0,True,True,False,Remoz,Smart Phones,Xiaomi Redmi 15C,256.0,8.0,4G LTE,Dual-SIM,Moonlight Blue
btech,https://btech.com/en/p/864d20c8-9b01-4aac-ab53-f6ce0ef7321b,b/9/3/d/b93d9fed02f444b84495b0a8fa81862870f57a05_Infinix_Smart_20_Sunlike_Orange_1.jpg,Infinix,864d20c8-9b01-4aac-ab53-f6ce0ef7321b,a6844b2a-ae27-4a09-8585-ce96917db568,7371.0,7371.0,True,True,False,Elhashim Store,Smart Phones,Infinix Smart 20,128.0,4.0,4G,Dual-SIM,Sunlike Orange
btech,https://btech.com/en/p/770d7133-3838-4581-8d7f-ee3563651467,f/0/4/8/f048d95222f9ca1e81dcd1718238380614ec3248_Infinix_Note_Edge_Dual_Sim_256GB8GB_Ram5G_7348_1_990x990.jpg,Infinix,770d7133-3838-4581-8d7f-ee3563651467,2203692e-60b4-443e-9178-fdf739a4eefe,15550.0,15550.0,True,True,False,Ehab Group,Smart Phones,Infinix Note Edge,256.0,8.0,5G,Dual-SIM,Lunar Titanium
btech,https://btech.com/en/p/a4e2507d-7968-47c2-acd6-ed429c18a3ff,9/4/b/6/94b66c25a07d39969bede6fed052469aac992cce_s_l1600__2_.jpg,Infinix,a4e2507d-7968-47c2-acd6-ed429c18a3ff,a6844b2a-ae27-4a09-8585-ce96917db568,6430.0,6530.0,True,True,False,B.TECH,Smart Phones,Infinix Smart 20,64.0,4.0,4G,Dual-SIM,Polaris Titanium
btech,https://btech.com/en/p/bc257ad2-64d7-4520-8cc0-0e46e3f1a221,f/3/4/a/f34a90935ec2fd97627d1dc4c135b3a7054a7cf4_33d058f64e63c2e8c69115416714f0f5e0e9fd569f1dd11d2c738f21af64ee99.jpeg,Samsung,bc257ad2-64d7-4520-8cc0-0e46e3f1a221,c9a4d732-be6e-4ed4-bb9b-772d53e488f2,6798.0,6798.0,True,True,False,Remoz,Smart Phones,Samsung A07,64.0,4.0,4G LTE,Dual-SIM,Green
btech,https://btech.com/en/p/59e86cf0-fb80-417e-b826-644d30b870e3,d/3/4/e/d34e7aac06749448e80915d6d110a153a2dfd8ee_Pre_Order_Oppo_Reno_15F_Dual_Sim_256GB_12GB_Ram5G__6990_1.jpg,Oppo,59e86cf0-fb80-417e-b826-644d30b870e3,7425bd7d-4075-452c-8bd3-8a0a081091b6,24820.0,24820.0,True,True,False,vxstore,Smart Phones,Oppo Reno 15 F,256.0,12.0,5G,Dual-SIM,Aurora Blue
btech,https://btech.com/en/p/samsung-galaxy-a17-256gb-8gb-ram-4g-dual-sim-grey,2/4/f/1/24f17bcdd619d37c51d606bae1d177d0bccb4a7e_imgi_2_92fdaddc53fe956bcc9f44a5c7e554ab63a535461ec0c2b35ee4acb9f5489191.jpg,Samsung,7fb6f29c-4734-4f9b-b42f-f1877c4464eb,112e49f8-cdc2-418b-bacb-c59d2b370ae3,13900.0,13900.0,True,True,False,VOOC,Smart Phones,Samsung Galaxy A17,256.0,8.0,4G LTE,Dual-SIM,Grey
btech,https://btech.com/en/p/c456423b-9527-4671-a15f-eea22419d8e7,0/5/4/1/054161a3097cfbea9caa69474ffbb4ed8f19d3fb_Infinix_Smart_20_Sunlike_Orange_1.jpg,Infinix,c456423b-9527-4671-a15f-eea22419d8e7,a6844b2a-ae27-4a09-8585-ce96917db568,6510.0,6510.0,True,True,False,First mobile,Smart Phones,Infinix Smart 20,64.0,4.0,4G,Dual-SIM,Sunlike Orange
btech,https://btech.com/en/p/samsung-galaxy-a17-256gb-8gb-ram-4g-dual-sim-light-blue,d/f/f/3/dff34a5a996e205edcfcd20b95c5e6e3c8507a11_imgi_2_0adbdeaa562cddcf005797b1dbee0eb4adf32e48ee85bc7a1776a4295fd0287c.jpg,Samsung,19a4d298-3ad6-4738-9703-0441cc441f84,112e49f8-cdc2-418b-bacb-c59d2b370ae3,13900.0,13900.0,True,True,False,VOOC,Smart Phones,Samsung Galaxy A17,256.0,8.0,4G LTE,Dual-SIM,Light Blue
btech,https://btech.com/en/p/cf073801-090e-4b05-a363-5948f5b4cf9b,9/8/9/9/9899e617786ed6992ab1071dc02c9f6a89fb5829_079a25716421d0042ae8c6773e1502252dcfc485d855d1aa9be2ac5dd6b9fa27__1_.jpeg,Samsung,cf073801-090e-4b05-a363-5948f5b4cf9b,c9a4d732-be6e-4ed4-bb9b-772d53e488f2,8999.0,8999.0,True,True,False,2B For Information Technology Systems,Smart Phones,Samsung A07,128.0,6.0,4G LTE,Dual-SIM,Light Violet
btech,https://btech.com/en/p/2b993523-4bbc-46ad-aa0d-f125482cdc96,3/0/4/4/304417e97960de707d0c3d7e773f929370521063_079a25716421d0042ae8c6773e1502252dcfc485d855d1aa9be2ac5dd6b9fa27.jpeg,Samsung,2b993523-4bbc-46ad-aa0d-f125482cdc96,c9a4d732-be6e-4ed4-bb9b-772d53e488f2,6799.0,6799.0,True,True,False,drmobile,Smart Phones,Samsung A07,64.0,4.0,4G LTE,Dual-SIM,Light Violet
btech,https://btech.com/en/p/164c65ea-e516-4da6-8dfe-31bae11464ed,8/5/8/1/858191f9f14cb3b99cc194e7d752d954c2a55723_Infinix_Note_Edge_Dual_Sim_256GB8GB_Ram5G_7349_1_990x990.jpg,Infinix,164c65ea-e516-4da6-8dfe-31bae11464ed,2203692e-60b4-443e-9178-fdf739a4eefe,15550.0,15550.0,True,True,False,Ehab Group,Smart Phones,Infinix Note Edge,256.0,8.0,5G,Dual-SIM,Shadow Black
btech,https://btech.com/en/p/10dcf0c4-5d75-415f-89ed-d145e4a634a6,2/1/4/b/214bfd7ab7a3bfd2fd77795dfd95bb0838c00236_ca4b7ddb1ac116223412c9c408fa44fa8c7f186e244901ed7b5f80e46374a77b__1_.jpeg,Samsung,10dcf0c4-5d75-415f-89ed-d145e4a634a6,c9a4d732-be6e-4ed4-bb9b-772d53e488f2,10777.0,10777.0,True,True,False,ISM Mobile Shop,Smart Phones,Samsung A07,256.0,8.0,4G LTE,Dual-SIM,Black
btech,https://btech.com/en/p/xiaomi-redmi-15c-256gb-8gb-ram-4g-dual-sim-twilight-orange,4/a/9/4/4a947a605f536c30c1fe5f803cd15fbc4fe41464_c421e3131c0fb1b30cd2f6fbea8fad478a44b671f39486a31c038211819c938f.jpg,Xiaomi,892b3922-fed0-4528-bbc3-ee7206ab06b7,122229b5-28de-4c40-a2c2-9344d1d313e1,9099.0,9099.0,True,True,False,Radio. Talaat ,Smart Phones,Xiaomi Redmi 15C,256.0,8.0,4G LTE,Dual-SIM,Twilight Orange
btech,https://btech.com/en/p/samsung-galaxy-a17-128gb-6gb-ram-4g-dual-sim-black,c/c/7/9/cc795150ceee69137fb010f83dcb599605cea605_imgi_2_4dabf6d9f656c40db2f76b1b42b683d95776831528fb89445d42a1443f9782e9.jpg,Samsung,dbe2773c-ab83-4ce4-8200-a7f70dc00146,112e49f8-cdc2-418b-bacb-c59d2b370ae3,10490.0,11390.0,True,True,False,B.TECH,Smart Phones,Samsung Galaxy A17,128.0,6.0,4G LTE,Dual-SIM,Black
btech,https://btech.com/en/p/xiaomi-redmi-15c-256gb-8gb-ram-4g-lte-dual-sim-mint-green,2/0/b/2/20b289a33bb5ef1ed03b3c676e7a73793faa64d6_88a32ac7f63f5795e004d711b993f4a9305d44b1ff9d5c6990879b5b1a0d4843.jpg,Xiaomi,f642aebf-7a69-4058-b865-d096befc6abc,122229b5-28de-4c40-a2c2-9344d1d313e1,8899.0,9499.0,True,True,False,B.TECH,Smart Phones,Xiaomi Redmi 15C,256.0,8.0,4G LTE,Dual-SIM,Mint Green
btech,https://btech.com/en/p/1425e2b9-2f5c-4de6-bbb0-01a64b655097,e/f/8/a/ef8a36b0501356531a0dc9b7ce3983f86fdec803_Xiaomi_Redmi_15_Dual_Sim_____256GB_8GB_Ram_4G__6440_1.jpg,Xiaomi,1425e2b9-2f5c-4de6-bbb0-01a64b655097,9b0046fe-22c4-4d0c-9caf-da39c5b2d8e4,10897.0,10897.0,True,True,False,Elhashim Store,Smart Phones,Xiaomi Redmi 15,256.0,8.0,4G,Dual-SIM,Midnight Black
btech,https://btech.com/en/p/samsung-galaxy-a17-128gb-6gb-ram-4g-dual-sim-light-blue,d/3/2/9/d329024545dcc904121b55a3ec57589c4e0521a0_imgi_2_0adbdeaa562cddcf005797b1dbee0eb4adf32e48ee85bc7a1776a4295fd0287c.jpg,Samsung,f04a2b0b-09c7-4dba-b58e-db076bd52c6d,112e49f8-cdc2-418b-bacb-c59d2b370ae3,10470.0,10470.0,True,True,False,Ehab Group,Smart Phones,Samsung Galaxy A17,128.0,6.0,4G LTE,Dual-SIM,Light Blue
btech,https://btech.com/en/p/74f9a554-2c3d-4793-badd-1128f26e0461,a/e/8/a/ae8a0aaea3c17985e73f1f8c202d8fe0d4eb7a6d_oppo_reno_15f_bluef.1_1.jpg,Oppo,74f9a554-2c3d-4793-badd-1128f26e0461,7425bd7d-4075-452c-8bd3-8a0a081091b6,22900.0,22900.0,True,True,False,vxstore,Smart Phones,Oppo Reno 15 F,256.0,8.0,5G,Dual-SIM,Aurora Blue
btech,https://btech.com/en/p/samsung-galaxy-a07-128gb-4gb-ram-4g-dual-sim-light-violet,a/c/1/9/ac196fd8766d976da1ef8da0f9530cda9226f5d1_079a25716421d0042ae8c6773e1502252dcfc485d855d1aa9be2ac5dd6b9fa27__2_.jpeg,Samsung,38a04e4a-8a16-4dd5-87db-2440f50f493d,c9a4d732-be6e-4ed4-bb9b-772d53e488f2,8033.0,8033.0,True,True,False,drmobile,Smart Phones,Samsung A07,128.0,4.0,4G LTE,Dual-SIM,Light Violet
btech,https://btech.com/en/p/e57502c5-5d83-42c7-a323-7ef313910be5,7/e/2/1/7e217183baa67d2ebd9d0da89a7a08b019dcedb3_33d058f64e63c2e8c69115416714f0f5e0e9fd569f1dd11d2c738f21af64ee99__1_.jpeg,Samsung,e57502c5-5d83-42c7-a323-7ef313910be5,c9a4d732-be6e-4ed4-bb9b-772d53e488f2,7980.0,7980.0,True,True,False,First mobile,Smart Phones,Samsung A07,128.0,4.0,4G LTE,Dual-SIM,Green
btech,https://btech.com/en/p/b1db89d0-3926-44ba-9a93-747f1be22534,d/8/a/c/d8ac853d2c7438395a5469d4c40c2d3ae166579a_HURurfiAQxIzdlk_removebg_preview.png,Xiaomi,b1db89d0-3926-44ba-9a93-747f1be22534,b25f7a0b-8e37-4240-9e2e-c1c711a7f0a6,8549.0,8549.0,True,True,False,drmobile,Smart Phones,Xiaomi POCO C85,256.0,8.0,4G,Dual-SIM,Black
btech,https://btech.com/en/p/ca1d9b59-801b-41bb-9960-e2d5decda501,f/7/b/0/f7b0df51da8e4b7df974be92522057964e9463d5_Designer__3_.png,Oppo,ca1d9b59-801b-41bb-9960-e2d5decda501,6cb1583f-fcbd-4497-bacf-390552d8875c,7990.0,7990.0,True,True,False,Elhashim Store,Smart Phones,Oppo A6x,64.0,4.0,4G,Dual-SIM,Purple Plum
btech,https://btech.com/en/p/samsung-galaxy-a17-128gb-6gb-ram-4g-dual-sim-grey,c/3/c/9/c3c9d656dbc3a76845fcfb2e2a712d3b9813db13_imgi_2_92fdaddc53fe956bcc9f44a5c7e554ab63a535461ec0c2b35ee4acb9f5489191.jpg,Samsung,2430e121-eeb1-4a3b-add2-aec8053917b7,112e49f8-cdc2-418b-bacb-c59d2b370ae3,10490.0,11390.0,True,True,False,B.TECH,Smart Phones,Samsung Galaxy A17,128.0,6.0,4G LTE,Dual-SIM,Grey
btech,https://btech.com/en/p/honor-x6c-256gb-6gb-4g-dual-sim-midnight-black,f/b/6/c/fb6ca01372660b0a6caf0b05a654dd9b01b16c2a_108c215b1c6ac9a46706a0ea7ac46eb23520431eb2d042f8f50fe5fdb9e44288.jpeg,Honor,a8e130c7-f672-4487-9026-7147f582700a,0e9e8009-eb7c-4918-aae3-dc7f22aa9e89,10029.0,10029.0,True,True,False,Remoz,Smart Phones,Honor X6c,256.0,6.0,4G LTE,Dual-SIM,Midnight Black
btech,https://btech.com/en/p/34856bec-f634-461c-a548-f180588a5921,3/2/d/5/32d5bda27ba93b3b6a7b10ff88fd22feb5410d6c_New_Project__3_.jpg,Honor,34856bec-f634-461c-a548-f180588a5921,54d0eb84-9d7f-4c45-9a16-b22885b1d8c1,13899.0,13899.0,True,True,False,Remoz,Smart Phones,Honor X7d,256.0,8.0,4G,Dual-SIM,Meteor Silver
btech,https://btech.com/en/p/51d699d4-89f2-43ea-a97a-1034f819d02f,f/f/8/a/ff8a5e85317da6dafc290af2bb07d66bd46523ea_711Tcnink2L._AC_SL1500_.jpeg,Samsung,51d699d4-89f2-43ea-a97a-1034f819d02f,d8396342-0ea6-4ddc-a7b2-c4eecba327ed,29500.0,29500.0,True,True,False,VOOC,Smart Phones,Samsung Galaxy A57,256.0,12.0,5G,Dual-SIM,Gray
btech,https://btech.com/en/p/137b3330-dbeb-4011-8a5d-9539a9bb6a27,0/6/4/d/064d0038d0f06f3a6ada3bb52fcccd483ca1ad0b_33d058f64e63c2e8c69115416714f0f5e0e9fd569f1dd11d2c738f21af64ee99.jpeg,Samsung,137b3330-dbeb-4011-8a5d-9539a9bb6a27,c9a4d732-be6e-4ed4-bb9b-772d53e488f2,8888.0,8888.0,True,True,False,Elhashim Store,Smart Phones,Samsung A07,128.0,6.0,4G LTE,Dual-SIM,Green
btech,https://btech.com/en/p/e9f8c516-502e-4438-8e9f-e872ca535256,7/4/7/1/7471d68ccd5d1bb3bdd3dc68806fc189e865c764_Designer__2_.png,Oppo,e9f8c516-502e-4438-8e9f-e872ca535256,6cb1583f-fcbd-4497-bacf-390552d8875c,7980.0,7980.0,True,True,False,Elhashim Store,Smart Phones,Oppo A6x,64.0,4.0,4G,Dual-SIM,Ice Blue
btech,https://btech.com/en/p/691dbeda-c68c-49cd-bf4a-9bd99718ab03,5/9/e/7/59e7561a2f416906ec01fcc8a12dc95986653384_oppo_reno_15f_bluek.1_1.jpg,Oppo,691dbeda-c68c-49cd-bf4a-9bd99718ab03,7425bd7d-4075-452c-8bd3-8a0a081091b6,22900.0,22900.0,True,True,False,vxstore,Smart Phones,Oppo Reno 15 F,256.0,8.0,5G,Dual-SIM,Twilight Blue
btech,https://btech.com/en/p/f8c4c4f6-f6af-41de-beed-36cd4c5d592b,d/6/0/3/d6036533320fd3b3b3f9dd8bf111607816d52f30_nokia_108_black.jpg,Nokia,f8c4c4f6-f6af-41de-beed-36cd4c5d592b,75659f2a-1f71-4363-9427-3b910f04f0d0,860.0,860.0,True,True,False,Jana_store,Feature Phones,Nokia 108 Dual-SIM,,,,,
btech,https://btech.com/en/p/nokia-6310-2021-dual-sim-black,3/1/f/4/31f4a5dd6339090ba4ac0d217fbee9dbd390d117_nokia_6310_2021___dual_sim___black_1_hn6xvprjlkgbqv97_1.jpg,Nokia,95cbfbd7-63b3-47f3-98b5-2db0ed24bff0,6ef798f8-597c-4afa-af72-89a80de6cc45,888.0,888.0,True,True,False,Jana_store,Feature Phones,Nokia 6310 2021 Dual-SIM,,,,,
btech,https://btech.com/en/p/nokia-5310-dual-sim-16mb-8mb-ram-4g-lte-black-red,f/e/9/b/fe9bc9b1b24f572bc2f05a2cb48ccbbb9699cce2_nokia_5310_16mb_8mb_bk_rd.jpg,Nokia,a0644c67-6f8c-43af-a4d5-f685f586879a,27bc15f6-0380-441a-89e5-c494dfe61157,999.0,999.0,True,True,False,Speed Tronix,Feature Phones,Nokia 5310 Dual-SIM,,,,,
btech,https://btech.com/en/p/nokia-106-4mb-ram-dual-sim-2g-lte-black,d/3/c/a/d3ca5ce1efbdc3cb809db27204db8a0b46bf3b82_36caf0cfdf2109994c677125bda04dfb3a8736df648c9c2cd66f8cada2e8b709.jpeg,Nokia,c2e7fbb6-f276-4284-b2e0-3005ee98b844,60f2cb7e-7137-439c-a861-ec06516dd9f4,485.0,485.0,True,True,False,Jana_store,Feature Phones,Nokia 106 (2018) Dual-SIM,,,,,
btech,https://btech.com/en/p/nokia-110-2023-dual-sim-2g-charcoal,c/a/1/2/ca12cecb155d23494dc993c293f20b148314b039_35cc9e901b440b99f5a385a63aeec2bd5ef17b83b14230626c269fcd7d053646.jpeg,Nokia,ed5193ac-a316-4ac8-b643-9d0e3b2b9bc8,0ea0e4ea-ed0b-4aa7-a9ea-ae150ea0e27c,1399.0,1399.0,True,True,False,ISM Mobile Shop,Feature Phones,Nokia 110 (2023) Dual-SIM,,,,,
btech,https://btech.com/en/p/nokia-105-2023-2g-cyan,f/1/8/9/f189aac350f7997366c2fb82093d2a59bae14d2d_02e350a85694fddf271c788a1c80f8f4094e0fd2d6f515129d9d375000dbc58b.jpeg,Nokia,fa6071f7-f1f0-4ca1-a531-faa256c39634,c15bdd5b-a4fc-495d-b49d-ed5205493546,1044.0,1044.0,True,True,False,drmobile,Feature Phones,Nokia 105 2023 Dual-SIM,,,,,
btech,https://btech.com/en/p/nokia-110-dual-sim-blue,a/6/f/f/a6ff53aa79b94e991ae1a3e0111f2b1bf792d4cd_nokia_110__blue_copy.jpg,Nokia,ab5af512-bd97-421d-b61b-d17ded8d19a1,d5cda198-4e5b-4f3d-99f8-fab17127b23d,865.0,865.0,True,True,False,Jana_store,Feature Phones,Nokia 110 (2019) Dual-SIM,,,,,
btech,https://btech.com/en/p/9c2b1122-7ddc-4beb-8460-3ed85cd648f9,b/9/0/2/b90246c26b5ef52c923d30ee5013d2a4362f32af_imgi_3_210_large.jpg,Nokia,9c2b1122-7ddc-4beb-8460-3ed85cd648f9,cdb1281a-3374-49bb-87d1-c020da5bb1c5,828.0,828.0,True,True,False,Jana_store,Feature Phones,Nokia 210 Dual-SIM,,,,,
btech,https://btech.com/en/p/8b130287-0d34-4403-a561-daee337c6c2a,4/a/a/f/4aafe0770cede6d7564b412fc78603d4e4438f4b_nokia_105_dual_sim_black_3.jpg,Nokia,8b130287-0d34-4403-a561-daee337c6c2a,21ca7629-cd53-4524-961e-bac7296ce405,499.0,499.0,True,True,False,Jana_store,Feature Phones,Nokia 105 Dual-SIM,,,,,
btech,https://btech.com/en/p/nokia-110-2023-dual-sim-2g-blue,0/2/c/d/02cd352cab50f2c62555080ab3b8c997c7498c04_884b41e41b34aac0cad1a1ab9285757c601165eccf1fce59f6e75ff4d3f79101.jpeg,Nokia,a3b7a150-4f50-4949-9250-374d32ca7ba6,0ea0e4ea-ed0b-4aa7-a9ea-ae150ea0e27c,1399.0,1399.0,True,True,False,ISM Mobile Shop,Feature Phones,Nokia 110 (2023) Dual-SIM,,,,,
btech,https://btech.com/en/p/samsung-music2-dual-sim-2g-blue-b310-no-warranty,6/5/0/a/650a61a061fd89273638c9fc6c8df55856e225be_cc53c464832fa9581f7187a2993d42c1af5c8888369d5d0f7d7cd4c61f777e42.jpeg,Samsung,6fcdd73e-3173-4577-b323-1676d949bd4b,0ee7c95a-3cf2-4430-adef-bb587ccb0b4d,863.0,863.0,True,True,False,Jana_store,Feature Phones,Samsung Guru Music 2 Dual-SIM,,,,,
btech,https://btech.com/en/p/nokia-210-dual-sim-black,e/8/4/2/e84200b88125623bc2197ec8ebbd2ddcc873d893_1.jpg,Nokia,9a7cb5a3-dc8a-4458-8199-26c774163e6f,cdb1281a-3374-49bb-87d1-c020da5bb1c5,856.0,856.0,True,True,False,Jana_store,Feature Phones,Nokia 210 Dual-SIM,,,,,
btech,https://btech.com/en/p/b0df9b9c-f130-4e7a-a88e-4c8b7049e978,1/a/e/d/1aedd292bc7f36dc6bcb51abc79061b49a936af7_gfdvcf_removebg_preview_5_removebg_preview.png,Digit,b0df9b9c-f130-4e7a-a88e-4c8b7049e978,2541ff06-1066-46a7-a4ac-68baa8ca4f97,2507.0,2507.0,True,True,False,yalla-tager,Feature Phones,Digit Z1 Dual-SIM,,,,,
btech,https://btech.com/en/p/nokia-106-4mb-grey,e/4/e/1/e4e1782cea58c7ab5d84696cbd704ff9fb17d264_1.jpg,Nokia,d89ed27b-6d57-4c89-a53f-0c28f9534f56,60f2cb7e-7137-439c-a861-ec06516dd9f4,575.0,575.0,True,True,False,Jana_store,Feature Phones,Nokia 106 (2018) Dual-SIM,,,,,
btech,https://btech.com/en/p/nokia-105-2023-2g-charcoal,f/5/4/8/f5487504c2f2dbeadd68fc6ef489b0c47ad1b985_5435e9c580c7abd5853b8a88e28db6f6aa6fd979db3ed1b373c9218423b49850.jpeg,Nokia,3ee26873-126d-44b6-adec-86de08b72ecf,9df6f2eb-45bb-41f0-898b-f1dca2a51619,863.0,863.0,True,True,False,Jana_store,Feature Phones,Nokia Dual-SIM,,,,,
btech,https://btech.com/en/p/best-offers-today/nokia-105-dual-sim-4mb-2g-black-571,4/2/f/3/42f374bc35e4350ddf429967e86290c34775a6a9_nokia_105_dual_sim_black_3.jpg,Nokia,4fc3ef62-83e3-410c-b497-67e9c4462282,2887dbe2-fccd-48c5-9339-a968fcf5e987,475.0,475.0,True,True,False,Jana_store,Feature Phones,Nokia 105 Dual-SIM,,,,,
btech,https://btech.com/en/p/nokia-125-ta-1655-dual-sim-green,a/7/a/f/a7af34fbe051eee60455d91382a94ad10ee24844_1_nokia_125_ta_1655_ds_nena2_green_1745843223.jpg,Nokia,6368e673-a444-4faa-a4e1-9c164b6867ba,818322d0-f970-4840-a2ba-bf0f71a00c25,1160.0,1160.0,True,True,False,drmobile,Feature Phones,Nokia 125 Dual-SIM,,,,,
btech,https://btech.com/en/p/nokia-230-dual-sim-gsm-dark-blue,c/0/8/1/c081ebb6c784a52a37b4dad7058065f82c414413_1.jpg,Nokia,d93eddbb-1810-436c-be75-68634047f8d6,006babd4-fdac-4c98-9651-44bc9c957318,4493.0,4493.0,True,True,False,iq shop ,Feature Phones,Nokia 230 Dual-SIM,,,,,
btech,https://btech.com/en/p/24a9a52f-3db6-48e6-b9d4-3afb96a91e00,c/d/0/a/cd0a5bcde97654a2934760f9ea37c5deaa63f3c9_nokia_125_black.jpg,Nokia,24a9a52f-3db6-48e6-b9d4-3afb96a91e00,bc8199e2-576d-4ee2-a56a-7718e507ba4e,1399.0,1399.0,True,True,True,2B For Information Technology Systems,Feature Phones,Nokia 125 Dual-SIM,,,,,
btech,https://btech.com/en/p/a20e20f1-35df-47c1-8d22-cf5c724b21a4,7/5/2/8/7528c1de06c4426afecddbf001924f2f31f3f663_imgi_226_nokia_105_black_front_back_int.png,Nokia,a20e20f1-35df-47c1-8d22-cf5c724b21a4,d6347f0b-1c87-4537-bb55-eefa34196ed8,485.0,485.0,True,True,False,Jana_store,Feature Phones,Nokia 105 2019 Dual-SIM,,,,,
btech,https://btech.com/en/p/nokia110-dual-sim-black,e/c/a/d/ecada009c2def8299aeca7d0c36d754bfe0b4379_3a70fefcfdf3a957819e3ca3cfe632f8f47826cda97ad5c02405e47f4916d5a4.jpeg,Nokia,db0cc886-9b94-4e11-ae98-73892390f386,d5cda198-4e5b-4f3d-99f8-fab17127b23d,864.0,864.0,True,True,False,Jana_store,Feature Phones,Nokia 110 (2019) Dual-SIM,,,,,
btech,https://btech.com/en/p/nokia-105-dual-sim-4mb-2g-black,a/6/c/e/a6ceda020fc3a17b25c9e0e16147dcacc3c6c91f_n49748677a_1.jpg,Nokia,cbf175cb-6204-4458-a8ee-013ecb58f226,610f5b57-8311-4e1e-9bd5-e63ae704ad4e,863.0,863.0,True,True,False,Jana_store,Feature Phones,Nokia 105 Dual-SIM,,,,,
btech,https://btech.com/en/p/samsung-b310e-512mb-dual-sim-2g-gsm-white,d/c/7/9/dc799ce762b18546bb61d791f5460f68f325b233_b5d05a07acd723c85fa41d80217bb7d5ee4bc616e5acacbd6011927ec1943373.jpg,Samsung,56641cde-d0e5-4020-8a23-4ae90ca174d7,661416ec-765d-43a4-82a4-b1c62c241736,870.0,870.0,True,True,False,Jana_store,Feature Phones,Samsung B310E Dual-SIM,,,,,
btech,https://btech.com/en/p/52a8fd7c-9d30-47fb-9e1a-08f49f78e00b,1/5/0/d/150d1262de95c1118813e76e6e7fe0369fe8de85_nokia_6310_ta_1400_ds_green_1.jpg,Nokia,52a8fd7c-9d30-47fb-9e1a-08f49f78e00b,6ef798f8-597c-4afa-af72-89a80de6cc45,899.0,899.0,True,True,False,Mobiii Market,Feature Phones,Nokia 6310 2021 Dual-SIM,,,,,
btech,https://btech.com/en/p/8cc3cef3-5fe8-495a-993b-bafc439a2fae,7/e/7/3/7e738683fba4cd22cab7b7b5c5cab9d0924aa2da_hmd_101___blue.jpg,HMD,8cc3cef3-5fe8-495a-993b-bafc439a2fae,4eb1508c-4981-4c82-b45a-9940139bc722,899.0,899.0,True,True,True,2B For Information Technology Systems,Feature Phones,HMD 101 TA-1757 DS Dual-SIM,,,,,
btech,https://btech.com/en/p/b15c9e80-ec67-4e16-af26-70d463750b49,e/2/f/3/e2f38bab3e9b9e3b6e3b352ec0d8e4a65903c4fe_iPhone_16_Ultramarine_PDP_Image_Position_1__en_ME.jpg,Apple,b15c9e80-ec67-4e16-af26-70d463750b49,b9b0c9d9-e10d-4517-ab36-96c6413ee7b1,46400.0,46400.0,True,True,True,UPGRADE,Re-furbished Mobiles,Apple iPhone 16,128.0,8.0,5G,Single SIM,Ultramarine
btech,https://btech.com/en/p/refurbished-apple-iphone-15-pro-max-256gb-6gb-5g-single-sim-blue-titanium,5/4/4/0/54400edfeead425fecaec1cee4751cc3bfe47796_698ca04cc3d0cff4a8338e3ad8719d945fbca5c775b183b3511ed7ef31b74d86.jpeg,Apple,1c267e9d-b098-40ee-b5ed-e1e140ca5bd1,501d9d91-ac7a-4358-8424-ffccfedc0f38,57099.0,57099.0,True,True,False,UPGRADE,Re-furbished Mobiles,Apple iPhone 15 Pro Max,256.0,6.0,5G,Single SIM,Blue Titanium
btech,https://btech.com/en/p/56ea65a9-d841-4176-86ce-f16d73d1125d,3/2/2/e/322e6f731afe24a54f4b1878ab962e0c9574caa0_hmd_102___gray.2.jpg,Nokia,56ea65a9-d841-4176-86ce-f16d73d1125d,62479bd2-d8b3-402d-b888-b502a8a91736,999.0,999.0,True,True,True,2B For Information Technology Systems,Feature Phones,Nokia 102 TA-1765 DS Dual-SIM,,,,,
btech,https://btech.com/en/p/b093cf16-2b2c-46af-8e46-b7e1b6d13dc2,8/f/9/9/8f99c22f5029ed71d38456389fbefd9a192db074_16_pro_nautral_titanum.jpg,Apple,b093cf16-2b2c-46af-8e46-b7e1b6d13dc2,5204d09c-bcfd-4d7e-a59e-452aa61f5e3c,68100.0,68100.0,True,True,True,UPGRADE,Re-furbished Mobiles,Apple iPhone 16 Pro,128.0,8.0,5G,Single SIM,Natural Titanium
btech,https://btech.com/en/p/cb2defa9-3f48-4162-8248-55724018cafd,f/2/f/6/f2f6e06010b1fba93e0818accf9092bd51ec8ed2_hmd_101___gray.jpg,HMD,cb2defa9-3f48-4162-8248-55724018cafd,4eb1508c-4981-4c82-b45a-9940139bc722,899.0,899.0,True,True,True,2B For Information Technology Systems,Feature Phones,HMD 101 TA-1757 DS Dual-SIM,,,,,
btech,https://btech.com/en/p/a5723c5a-8110-46f8-a214-9b042ab6663f,1/6/f/4/16f48a1e8e95b7893af873412d8fa87afc853495_16_pro_max_white.jpg,Apple,a5723c5a-8110-46f8-a214-9b042ab6663f,3fc360f9-1dc4-43de-b39b-d9d5d052c5de,88799.0,88799.0,True,True,True,UPGRADE,Re-furbished Mobiles,Apple iPhone 16 Pro Max,512.0,8.0,5G,Single SIM,White Titanium
btech,https://btech.com/en/p/3be871cc-aa1d-4be6-9502-37b4442b4297,3/d/6/2/3d6293123743a4d66b259360d4321f35fc5669be_hmd_102___blue.jpg,Nokia,3be871cc-aa1d-4be6-9502-37b4442b4297,62479bd2-d8b3-402d-b888-b502a8a91736,999.0,999.0,True,True,True,2B For Information Technology Systems,Feature Phones,Nokia 102 TA-1765 DS Dual-SIM,,,,,
btech,https://btech.com/en/p/b4615fdf-2708-4fa8-a1e0-b0af3805a287,3/5/0/c/350c53a6e691b94e2f917ce4c0ef9aea45f0da8d_16_pro_max_white.jpg,Apple,b4615fdf-2708-4fa8-a1e0-b0af3805a287,4ca54c93-274a-409d-80cd-53fd0195b94b,78999.0,78999.0,True,True,True,UPGRADE,Re-furbished Mobiles,Apple iPhone 16 Pro Max,256.0,8.0,5G,Dual-SIM,White Titanium
btech,https://btech.com/en/p/6fa016a2-dabb-4331-b75d-34957fecbdd3,5/f/9/b/5f9be1aee74d7f632ccec22c8d46a42b2c99176d_hmd_150_music_dark_grey.jpg,HMD,6fa016a2-dabb-4331-b75d-34957fecbdd3,69cf42a2-5f45-4f08-ba1e-94c5fe5e9bf9,1699.0,1699.0,True,True,False,2B For Information Technology Systems,Feature Phones,HMD 150 Music Dual-SIM,,,,,
btech,https://btech.com/en/p/711cb10e-27d3-413e-807c-2c7411a9d661,6/8/f/6/68f65ebb2b8516b45c2636e11f559c3424fd5ac2_16_pro_max_desert_titanum.jpeg,Apple,711cb10e-27d3-413e-807c-2c7411a9d661,4ca54c93-274a-409d-80cd-53fd0195b94b,78999.0,78999.0,True,True,True,UPGRADE,Re-furbished Mobiles,Apple iPhone 16 Pro Max,256.0,8.0,5G,Dual-SIM,Desert Titanium
btech,https://btech.com/en/p/4588818d-bbbd-4683-b95d-fb924b0aeabe,7/8/0/a/780a456fa163604b817a4ce4ceb38411f033540e_c86d2d8ed1419968895b62ed4a78d9bc1aa83280e817a72982c01d9269d4347f_copy.jpg,Nokia,4588818d-bbbd-4683-b95d-fb924b0aeabe,b4ad89b2-c9c8-424f-9a53-7c04bd14ab8e,895.0,895.0,True,True,False,Jana_store,Feature Phones,Nokia Dual-SIM,,,,,
btech,https://btech.com/en/p/9c5eca8e-d91a-469d-b0ef-f1637f79c7fb,c/6/0/8/c60870a7a32bd30ecaded7172a6a7460d46d440d_nokia_110___gray.jpg,Nokia,9c5eca8e-d91a-469d-b0ef-f1637f79c7fb,c35229d9-0684-4e24-9c05-2163306ac6cf,1299.0,1299.0,True,True,True,2B For Information Technology Systems,Feature Phones,Nokia 110 Y2026 Dual-SIM,,,,,
btech,https://btech.com/en/p/refurbished-apple-iphone-15-pro-max-256gb-6gb-5g-single-sim-natural-titanium-gold,3/a/4/f/3a4f4092784e9ab5404e65d92926472afde25e7e_7754844161742f5243744b3c19fcd70a144e75f3b968ee17414d4395361c2b5c.jpeg,Apple,e61ec793-1b3f-4217-a42d-e1ee0d85f61f,501d9d91-ac7a-4358-8424-ffccfedc0f38,58599.0,58599.0,True,True,False,UPGRADE,Re-furbished Mobiles,Apple iPhone 15 Pro Max,256.0,6.0,5G,Single SIM,Natural Titanium
btech,https://btech.com/en/p/nokia-216-dual-sim-16-mb-2g-black,4/1/c/7/41c7eb2fe593b352a6165e0ad0c268fc3e962a02_58e1332313e130de922b6a437d3f11fe0b803c2e.jpeg,Nokia,ed4a0e11-027b-4a6e-94c6-b6d0b076429c,dab3cc08-da6e-4670-a778-34f70dcdf7be,864.0,864.0,True,True,False,Jana_store,Feature Phones,Nokia 216 Dual-SIM,,,,,
btech,https://btech.com/en/p/738a1812-241e-43f5-90cf-6145cafa1ab9,c/d/1/b/cd1b0616a4797c496286a8509d6e1683637a51e6_54ac7e094393dfd21202da52913c4313ee4851a72b129dbb82edfb74e66ad384.jpeg,Apple,738a1812-241e-43f5-90cf-6145cafa1ab9,3fc360f9-1dc4-43de-b39b-d9d5d052c5de,78099.0,78099.0,True,True,False,UPGRADE,Re-furbished Mobiles,Apple iPhone 16 Pro Max,256.0,8.0,5G,Single SIM,Desert Titanium
btech,https://btech.com/en/p/samsung-b310e-512mb-dual-sim-2g-gsm-black,3/1/5/8/3158fca3801b201922c2b032ce888075d72e6df5_1a8743e7ce53ef728e3db94afc18b188f3cf289672d29fca49d4df645ad5055d_upscayl_3x_upscayl_standard_4x.png,Samsung,8a3a9050-d00c-43dd-8a8f-42913f94483e,661416ec-765d-43a4-82a4-b1c62c241736,860.0,860.0,True,True,False,Jana_store,Feature Phones,Samsung B310E Dual-SIM,,,,,
btech,https://btech.com/en/p/a5808303-04e8-42cc-a7c3-026941784118,c/a/2/1/ca21c1f3d8ec0464821fc31a1e74ad611c8d0cb6_710khiM_s2L._AC_SL1500_.jpeg,Samsung,a5808303-04e8-42cc-a7c3-026941784118,d8396342-0ea6-4ddc-a7b2-c4eecba327ed,29505.0,29505.0,True,False,False,drmobile,Smart Phones,Samsung Galaxy A57,256.0,12.0,5G,Dual-SIM,Light Blue
btech,https://btech.com/en/p/7d593618-0f65-45b3-b941-4b20700d2ff7,b/8/f/a/b8fa1f3d0d9fb07f2bddb4a8343d25d2eebd2776_xiaomi_redmi_note_15_4g_6gb_128gb_6_77_amoled_5800mah_negro.jpg,Xiaomi,7d593618-0f65-45b3-b941-4b20700d2ff7,23387a55-9c18-46bb-91be-91126d008991,11317.0,11317.0,True,False,False,Elhashim Store,Smart Phones,Xiaomi Redmi Note 15,128.0,6.0,4G,Dual-SIM,Black
btech,https://btech.com/en/p/samsung-galaxy-a56-256gb-8gb-ram-4g-dual-sim-graphite,b/c/e/f/bcef770407a2c11ba17df6260ce647aeb499b40c_a1733066eb0fb1629b619daec194bfb77ac8ec125ed623fcd7a68688fa88a9d9.jpeg,Samsung,6b1aeeb9-580a-4029-9353-60598a891014,f1239fab-7373-4639-ac67-4be978e95afd,23610.0,24110.0,True,False,False,B.TECH,Smart Phones,Samsung Galaxy A56,256.0,8.0,4G LTE,Dual-SIM,Graphite
btech,https://btech.com/en/p/f600e863-9fe6-4d14-aaa3-d07f5bf90748,e/c/9/3/ec93a87ddefdda50f2c6c28b9b97f99c4665a206_imgi_206_e11293ea_99e0_4323_9e51_f7c787870ee8.jpg,Infinix,f600e863-9fe6-4d14-aaa3-d07f5bf90748,490131d9-f052-49ee-b340-05094d7b2f1d,10018.0,10018.0,True,False,True,yalla-tager,Smart Phones,Infinix Hot 70,128.0,6.0,4G LTE,Dual-SIM,Dive Blue
btech,https://btech.com/en/p/ac669d7f-29dc-4371-9ad4-262d249a362c,4/c/9/b/4c9b31dd9d9c08609139196567c90971cf6dc787_1227b56c_e97b_4162_8094_13d3ae902644_Thumb.jpg,Honor,ac669d7f-29dc-4371-9ad4-262d249a362c,6ba47a08-9d63-4dc4-a620-4294de370843,19120.0,19120.0,True,False,True,First mobile,Smart Phones,Honor 600 Lite,128.0,8.0,5G,Dual-SIM,Desert Gold
btech,https://btech.com/en/p/446039f1-8a79-4805-8ac1-b11a4bdbbd90,b/c/4/8/bc4840ba5210b084e6a3d6ae7c8c7d3271a32e18_infinix_note_60_pro___black.jpg,Infinix,446039f1-8a79-4805-8ac1-b11a4bdbbd90,0a872683-0717-462b-bc04-5e28682a4594,26666.0,26666.0,True,False,True,Ehab Group,Smart Phones,Infinix Note 60 Pro,256.0,12.0,4G,Dual-SIM,Torino Black
btech,https://btech.com/en/p/f2a60402-14e1-425d-9885-b1f8e4e59483,7/5/1/b/751bde5317573de70df9edbc6a2e1a770199ec41_upscalemedia_transformed.jpg,Oppo,f2a60402-14e1-425d-9885-b1f8e4e59483,c99550e2-914a-40ab-8ab9-44ce90fd364e,12899.0,12899.0,True,False,True,Ehab Group,Smart Phones,Oppo A6t,128.0,6.0,4G,Dual-SIM,Crystal Violet
btech,https://btech.com/en/p/aeac63bf-a916-40d5-9e26-2d4d1d2fde88,4/1/f/9/41f97fb61e779c2bd27219f07d258c6a6e4e947b_imgi_206_0006dc3b_3030_428d_9a63_d7f8c70712aa.jpg,Infinix,aeac63bf-a916-40d5-9e26-2d4d1d2fde88,490131d9-f052-49ee-b340-05094d7b2f1d,9690.0,9690.0,True,False,True,Ehab Group,Smart Phones,Infinix Hot 70,128.0,6.0,4G LTE,Dual-SIM,Night Pulse
btech,https://btech.com/en/p/6f867d17-cdd2-44c7-a62c-ab5f20d3f30b,0/1/1/6/011659a266fa295480dd9a7876b4dc0377473e28_imgi_199_f92d5d5f_881e_4a14_9667_98608e45fec6.jpg,Infinix,6f867d17-cdd2-44c7-a62c-ab5f20d3f30b,490131d9-f052-49ee-b340-05094d7b2f1d,9689.0,9689.0,True,False,True,Remoz,Smart Phones,Infinix Hot 70,128.0,6.0,4G LTE,Dual-SIM,Silver Dancer
btech,https://btech.com/en/p/1ef7b512-a70e-4042-b112-36731e04b56a,2/e/e/4/2ee4b8c37030bf526eb14aee4fb3522776025528_imgi_206_0006dc3b_3030_428d_9a63_d7f8c70712aa.jpg,Infinix,1ef7b512-a70e-4042-b112-36731e04b56a,490131d9-f052-49ee-b340-05094d7b2f1d,8599.0,8599.0,True,False,True,Remoz,Smart Phones,Infinix Hot 70,128.0,4.0,4G LTE,Dual-SIM,Night Pulse
btech,https://btech.com/en/p/eba82db5-b736-48a4-9ce5-eb1b7d9d8599,3/a/6/2/3a624949bdbba68c8dec7b5731a0f0bb1a0d5cfb_imgi_200_805cf566_1a0d_472b_8d8b_de2257de6f64.jpg,Infinix,eba82db5-b736-48a4-9ce5-eb1b7d9d8599,490131d9-f052-49ee-b340-05094d7b2f1d,8599.0,8599.0,True,False,True,Remoz,Smart Phones,Infinix Hot 70,128.0,4.0,4G LTE,Dual-SIM,Thermo Orange
btech,https://btech.com/en/p/ade06944-66b4-468b-84b5-4a742c0f51fd,2/2/3/f/223f56a23b2428ebba2411cb50b6a48d626f5a80_imgi_206_e11293ea_99e0_4323_9e51_f7c787870ee8.jpg,Infinix,ade06944-66b4-468b-84b5-4a742c0f51fd,490131d9-f052-49ee-b340-05094d7b2f1d,8825.0,8825.0,True,False,True,yalla-tager,Smart Phones,Infinix Hot 70,128.0,4.0,4G LTE,Dual-SIM,Dive Blue
btech,https://btech.com/en/p/ebcdb169-83c5-4bc2-b711-f7dc4165d096,2/3/8/8/23885946447db4d105c20ef40cdc5ac8fee0740e_imgi_200_805cf566_1a0d_472b_8d8b_de2257de6f64.jpg,Infinix,ebcdb169-83c5-4bc2-b711-f7dc4165d096,490131d9-f052-49ee-b340-05094d7b2f1d,9999.0,9999.0,True,False,True,Ehab Group,Smart Phones,Infinix Hot 70,128.0,6.0,4G LTE,Dual-SIM,Thermo Orange
btech,https://btech.com/en/p/94c725f7-193b-4659-a410-6ea07e05ba35,5/5/a/0/55a0d25db16121fbc07b6aef80fdf6434aee32e4_imgi_79_jbm5b8rmpynf4suwwbln_dlz6rp0xebtoiwkj.jpg,Samsung,94c725f7-193b-4659-a410-6ea07e05ba35,50ffecf2-b1b0-49c7-9f8e-c4a80271117a,19222.0,19222.0,True,False,True,Ehab Group,Smart Phones,Samsung Galaxy A27,256.0,8.0,5G,Dual-SIM,Light Pink
btech,https://btech.com/en/p/880dac51-e93a-42ee-9c1a-04299a4172cb,d/1/3/f/d13f1cc567d414ea40ec2957009c630522589d3e_0e508840_d0ad_42cb_863e_2333b937c321.jpg,Huawei,880dac51-e93a-42ee-9c1a-04299a4172cb,7075da33-17a2-43f9-b4e2-fcf91020f9df,21499.0,21499.0,True,False,True,vxstore,Smart Phones,Huawei nova 15 Max,256.0,8.0,4G,Dual-SIM,Golden Black
btech,https://btech.com/en/p/949b26dd-dc5b-47f9-ada3-f02920ce1f0a,6/d/f/a/6dfafc6d0583c5fe032306fdbb0fbcee900117fb_New_Project.jpg,Oppo,949b26dd-dc5b-47f9-ada3-f02920ce1f0a,c99550e2-914a-40ab-8ab9-44ce90fd364e,12899.0,12899.0,True,False,True,Ehab Group,Smart Phones,Oppo A6t,128.0,6.0,4G,Dual-SIM,Crystal Blue
btech,https://btech.com/en/p/0d6be260-0214-42ff-bf08-f004921da5d2,7/4/5/a/745afed7848b4376720ef8b5d526de654d701180_edd5a7f0_52a6_4ac6_adca_fa41f82e237e.jpg,Huawei,0d6be260-0214-42ff-bf08-f004921da5d2,7075da33-17a2-43f9-b4e2-fcf91020f9df,21499.0,21499.0,True,False,True,vxstore,Smart Phones,Huawei nova 15 Max,256.0,8.0,4G,Dual-SIM,Cyan Lake
btech,https://btech.com/en/p/ae1b7e85-850f-4d69-ac8b-b5fc3cb903d0,b/a/e/6/bae68ebfbefc654843bf0d48adc9bc9620063b00_S600973333_1.jpg,Samsung,ae1b7e85-850f-4d69-ac8b-b5fc3cb903d0,50ffecf2-b1b0-49c7-9f8e-c4a80271117a,18999.0,18999.0,True,False,True,Ehab Group,Smart Phones,Samsung Galaxy A27,256.0,8.0,5G,Dual-SIM,Black
btech,https://btech.com/en/p/21674127-1d5f-4c31-8311-ab096741302d,3/2/a/1/32a13aef93e9cf2027220179783cccb116678c2b_S600973317_1.jpg,Samsung,21674127-1d5f-4c31-8311-ab096741302d,50ffecf2-b1b0-49c7-9f8e-c4a80271117a,18999.0,18999.0,True,False,True,Ehab Group,Smart Phones,Samsung Galaxy A27,256.0,8.0,5G,Dual-SIM,Blue
btech,https://btech.com/en/p/feaa0ff3-cde7-4251-9700-c20b98c4e663,c/8/d/2/c8d212838dbe69e47664f10881a18b9bc61d1275_imgi_256_d06a1b90_2788_41cf_9b77_d95737a7e192.jpg,Itel,feaa0ff3-cde7-4251-9700-c20b98c4e663,323510c5-8d2a-4798-98d3-94c0cc030398,5900.0,5900.0,True,False,True,First mobile,Smart Phones,Itel A90,256.0,12.0,4G,Dual-SIM,Space Titanium
btech,https://btech.com/en/p/apple-iphone-17-pro-max-1tb-12gb-ram-5g-deep-blue,8/c/a/1/8ca1fad8f9ac5fd90a6a6fd8c0d5906cc4e421ba_iPhone_17_Pro_Max_Deep_Blue_PDP_Image_Position_1__en_ME.jpg,Apple,d86ff1f4-8049-4de8-aea5-dbf2ab9c0dad,696e6dfe-8f1d-4a02-941f-3f37a4739081,136000.0,144000.0,True,False,False,B.TECH,Smart Phones,Apple iPhone 17 Pro Max,1024.0,12.0,5G,Dual-SIM,Deep Blue
btech,https://btech.com/en/p/apple-iphone-16-128gb-5g-ultramarine-2y,4/7/b/f/47bf073d72a6bcb100b0b79b5f5c62032c110dee_iPhone_16_Ultramarine_PDP_Image_Position_1__en_ME.jpg,Apple,bda42c1c-6088-4d5a-b469-d23ac363d25c,dd946752-d0dd-4a45-84a0-739407a4ea7d,56602.0,60202.0,True,False,False,B.TECH,Smart Phones,Apple iPhone 16,128.0,8.0,5G,Single SIM,Ultramarine
btech,https://btech.com/en/p/apple-iphone-17-pro-max-512gb-12gb-ram-5g-deep-blue,f/f/c/b/ffcb0635488a2209f77af19d9bf32c6aab7625c4_iPhone_17_Pro_Max_Deep_Blue_PDP_Image_Position_1__en_ME.jpg,Apple,a09466c1-f9d6-4d9b-9029-f9766b3cb9ff,696e6dfe-8f1d-4a02-941f-3f37a4739081,120999.0,124999.0,True,False,False,B.TECH,Smart Phones,Apple iPhone 17 Pro Max,512.0,12.0,5G,Dual-SIM,Deep Blue
btech,https://btech.com/en/p/apple-iphone-15-128gb-6gb-single-5g-blue,c/5/e/0/c5e088d1536c93d4b6cbceae98ef0ebd69978d84_iPhone_15_Blue_PDP_Image_Position_1__en_ME.jpg,Apple,4d2ba5b1-cac6-4065-9396-824800c04bda,32b26f1c-3ff2-4020-a88a-920f7cc5041b,52700.0,52700.0,True,False,False,vxstore,Smart Phones,Apple iPhone 15,128.0,6.0,5G,Single SIM,Blue
btech,https://btech.com/en/p/apple-iphone-17-pro-max-512gb-12gb-ram-5g-orange,c/4/a/0/c4a06cd6d2f82dfc9c095ca0d8f5b05327f71617_iPhone_17_Pro_Max_Cosmic_Orange_PDP_Image_Position_1__en_ME.jpg,Apple,03f5e03d-3f4b-415e-a1e0-eca1e210178c,696e6dfe-8f1d-4a02-941f-3f37a4739081,120999.0,124999.0,True,False,False,B.TECH,Smart Phones,Apple iPhone 17 Pro Max,512.0,12.0,5G,Dual-SIM,Cosmic Orange
btech,https://btech.com/en/p/apple-iphone-17-256gb-8gb-ram-5g-mist-blue,7/2/3/b/723b1c2678f8c15382427eb1273c4514bf3e4779_iPhone_17_Mist_Blue_PDP_Image_Position_1__en_ME.jpg,Apple,271fd8f2-0227-4752-88c1-6f60575b0989,6cbe14d6-89fc-40cf-93e6-d32d67b5022e,68222.0,68222.0,True,False,False,Ehab Group,Smart Phones,Apple iPhone 17,256.0,8.0,5G,Dual-SIM,Mist Blue
btech,https://btech.com/en/p/cfdf213f-a7d3-4e66-82d3-b6c52b1da930,7/5/3/0/7530f3dac52baf2ff31cb0ffebcd373adf4ad746_B6000014480T.jpg,Honor,cfdf213f-a7d3-4e66-82d3-b6c52b1da930,88f60e9b-55c5-44e4-bc78-f24ec65e4eaf,27999.0,28999.0,True,False,False,B.TECH,Smart Phones,Honor 600,256.0,8.0,5G,Dual-SIM,Black
btech,https://btech.com/en/p/912fed84-22c5-4ec1-85ad-75149a656ca0,9/7/f/7/97f7e7e2fd0a474a4ca478c7994ddea90cdb1d0c_iPhone_16_Black_PDP_Image_Position_1__en_ME.jpg,Apple,912fed84-22c5-4ec1-85ad-75149a656ca0,aa999daf-3497-4655-95fa-110b145c297d,58202.0,60202.0,True,False,False,B.TECH,Smart Phones,Apple iPhone 16,128.0,8.0,5G,Dual-SIM,Black
btech,https://btech.com/en/p/221bd0d6-5b06-452a-9943-5bdf0eeb3847,3/d/d/d/3ddd7b7465541991f680e965974a5585fe81f1a4_B6000014482T.jpg,Honor,221bd0d6-5b06-452a-9943-5bdf0eeb3847,88f60e9b-55c5-44e4-bc78-f24ec65e4eaf,27999.0,28999.0,True,False,False,B.TECH,Smart Phones,Honor 600,256.0,8.0,5G,Dual-SIM,Light Gold
btech,https://btech.com/en/p/379071dc-4e1d-4c0d-b943-4ff88616d85f,e/0/0/f/e00f7c679635d9007e00e56bd60f957fbff7ae26_B6000014478T.jpg,Honor,379071dc-4e1d-4c0d-b943-4ff88616d85f,88f60e9b-55c5-44e4-bc78-f24ec65e4eaf,30499.0,31999.0,True,False,False,B.TECH,Smart Phones,Honor 600,256.0,12.0,5G,Dual-SIM,Orange
btech,https://btech.com/en/p/34bdc700-d772-4157-af83-1fbe8d8de7a4,a/9/e/c/a9ecea5f475fe1dfd18402030be77b49458ce395_47730775483_1__6_copy.jpg,Apple,34bdc700-d772-4157-af83-1fbe8d8de7a4,30399ac4-0c8b-4c88-aba2-1293956448bd,50763.0,52763.0,True,False,False,B.TECH,Smart Phones,Apple iPhone 15,128.0,6.0,5G,Single SIM,Black
btech,https://btech.com/en/p/apple-iphone-16-128gb-5g-pink,4/2/f/4/42f4c5e1cf1105b9f105c737c6eb35ff85191946_iPhone_16_Pink_PDP_Image_Position_1__en_ME.jpg,Apple,d145cbce-d09c-4607-bbef-3810d8818147,dd946752-d0dd-4a45-84a0-739407a4ea7d,56602.0,60202.0,True,False,False,B.TECH,Smart Phones,Apple iPhone 16,128.0,8.0,5G,Single SIM,Pink
btech,https://btech.com/en/p/apple-iphone-17-256gb-8gb-ram-5g-sage,0/b/4/9/0b49a4e2d3ce19d8be226bcdba813e7af0c9116f_iPhone_17_Sage_PDP_Image_Position_1__en_ME.jpg,Apple,16a978bc-a1e3-4bd1-a2bf-2dd280bedb3f,6cbe14d6-89fc-40cf-93e6-d32d67b5022e,68888.0,68888.0,True,False,False,Ehab Group,Smart Phones,Apple iPhone 17,256.0,8.0,5G,Dual-SIM,Sage
btech,https://btech.com/en/p/334139b9-77b0-416e-aaae-3e956b7fbded,e/0/5/2/e0522db27b4223eee635896f5bfb5338dc6eb145_B6000014476T.jpg,Honor,334139b9-77b0-416e-aaae-3e956b7fbded,88f60e9b-55c5-44e4-bc78-f24ec65e4eaf,30999.0,31999.0,True,False,False,B.TECH,Smart Phones,Honor 600,256.0,12.0,5G,Dual-SIM,Light Gold
btech,https://btech.com/en/p/apple-iphone-17-pro-256gb-12gb-ram-5g-cosmic-orange,d/b/9/0/db902362a1480188334f9e3bb893805a9c0f4995_iPhone_17_Pro_Cosmic_Orange_PDP_Image_Position_1__en_ME.jpg,Apple,1799d943-e791-4b8f-8e05-0592564c8b93,51afb35d-1c65-4fa7-88f3-8fcc5e549608,92400.0,94400.0,True,False,False,B.TECH,Smart Phones,Apple iPhone 17 Pro,256.0,12.0,5G,Dual-SIM,Cosmic Orange
btech,https://btech.com/en/p/apple-iphone-17-pro-max-512gb-12gb-ram-5g-silver,3/7/3/f/373fdbcfef36e34b38e84c4a888ddaaf5585f71f_iPhone_17_Pro_Max_Silver_PDP_Image_Position_1__en_ME.jpg,Apple,660dacce-f8c3-4403-b74b-712f1b5e4158,696e6dfe-8f1d-4a02-941f-3f37a4739081,120999.0,124999.0,True,False,False,B.TECH,Smart Phones,Apple iPhone 17 Pro Max,512.0,12.0,5G,Dual-SIM,Silver
btech,https://btech.com/en/p/40422470-240d-42cd-a43b-00fa014eae94,1/4/6/5/14654e6b2acc6fecba806da288f9319599f9dfd5_Designer__51_.png,Oppo,40422470-240d-42cd-a43b-00fa014eae94,0615a91f-5b2e-425c-a879-8f43663c1cb9,13099.0,13099.0,True,False,False,Remoz,Smart Phones,Oppo A6,128.0,6.0,4G,Dual-SIM,Aurora Gold
btech,https://btech.com/en/p/apple-iphone-17-pro-max-256gb-12gb-ram-5g-orange,f/b/b/8/fbb879fe8919e0e29f3ab6d67ce10102fe812541_iPhone_17_Pro_Max_Cosmic_Orange_PDP_Image_Position_1__en_ME.jpg,Apple,1550f8d4-77d6-48c8-8272-61847fc9041e,696e6dfe-8f1d-4a02-941f-3f37a4739081,94999.0,103300.0,True,False,False,B.TECH,Smart Phones,Apple iPhone 17 Pro Max,256.0,12.0,5G,Dual-SIM,Cosmic Orange
btech,https://btech.com/en/p/apple-iphone-17-pro-max-256gb-12gb-ram-5g-deep-blue,6/3/1/c/631cde4797e03545c0954706103f058afcab8860_iPhone_17_Pro_Max_Deep_Blue_PDP_Image_Position_1__en_ME.jpg,Apple,6fd8ea0b-eedb-4d02-b7d3-7c9fdc4cd87d,696e6dfe-8f1d-4a02-941f-3f37a4739081,94999.0,103300.0,True,False,False,B.TECH,Smart Phones,Apple iPhone 17 Pro Max,256.0,12.0,5G,Dual-SIM,Deep Blue
btech,https://btech.com/en/p/68a0842b-046d-433c-9ebf-7c19d8c0340a,a/2/0/f/a20f78f441931166a3dda9cd35a79780fbbfd42f_B6000014474T.jpg,Honor,68a0842b-046d-433c-9ebf-7c19d8c0340a,88f60e9b-55c5-44e4-bc78-f24ec65e4eaf,29999.0,31999.0,True,False,False,B.TECH,Smart Phones,Honor 600,256.0,12.0,5G,Dual-SIM,Black
btech,https://btech.com/en/p/64af2405-be40-498f-927f-3e4967bae307,0/f/0/c/0f0c8da6651b7863c60f970aaef40b76b3b05b86_24353181659.jpg,Oppo,64af2405-be40-498f-927f-3e4967bae307,89ec565b-1663-465c-8814-26a6d05c89f4,29199.0,29999.0,True,False,False,B.TECH,Smart Phones,Oppo Reno 15,256.0,12.0,5G,Dual-SIM,Aurora White
btech,https://btech.com/en/p/apple-iphone-17-pro-max-256-12gb-ram-5g-silver,a/4/a/e/a4aefb89b27878b03d515ced905ba8ece0756152_iPhone_17_Pro_Max_Silver_PDP_Image_Position_1__en_ME.jpg,Apple,be33489d-4ac5-4ac9-a016-08df7f09f525,696e6dfe-8f1d-4a02-941f-3f37a4739081,101999.0,101999.0,True,False,False,Ehab Group,Smart Phones,Apple iPhone 17 Pro Max,256.0,12.0,5G,Dual-SIM,Silver
btech,https://btech.com/en/p/8f625116-54f2-4ba8-b5d3-14e630fd4a18,7/c/3/f/7c3f2a7d89a336c92a8aef5e41bc6b85bd1b9fde_realme_16_pro__2_.jpg,Realme,8f625116-54f2-4ba8-b5d3-14e630fd4a18,679c979d-6fc3-4804-9516-26f4884fb06c,27800.0,27800.0,True,False,True,Elhashim Store,Smart Phones,Realme 16 Pro,256.0,12.0,5G,Dual-SIM,Master Gold
btech,https://btech.com/en/p/550156cd-d055-417e-a489-ef294eb61724,d/d/a/1/dda1224eb9adf57483dad82fde1943bb0f1b4127_realme_16_pro__1_.jpg,Realme,550156cd-d055-417e-a489-ef294eb61724,679c979d-6fc3-4804-9516-26f4884fb06c,27800.0,27800.0,True,False,True,Elhashim Store,Smart Phones,Realme 16 Pro,256.0,12.0,5G,Dual-SIM,Pebble Grey
btech,https://btech.com/en/p/d35011f3-8025-49fd-ba9c-00ae6828e90c,a/7/8/6/a78610cdf6274ef7b1a2efddbbed63535e66747c_realme_16__2_.jpg,Realme,d35011f3-8025-49fd-ba9c-00ae6828e90c,6181cbe5-a41a-47ed-8dbe-da91dd2668da,20284.0,20284.0,True,False,True,Elhashim Store,Smart Phones,Realme 16,256.0,8.0,5G,Dual-SIM,Air Black
btech,https://btech.com/en/p/257ad108-c921-4dd8-9c5e-40a0bc375268,6/3/5/4/63548c13b0f9a39f6d0caae23cc12d0c4610b20d_realme_16__1_.jpg,Realme,257ad108-c921-4dd8-9c5e-40a0bc375268,6181cbe5-a41a-47ed-8dbe-da91dd2668da,20284.0,20284.0,True,False,True,Elhashim Store,Smart Phones,Realme 16,256.0,8.0,5G,Dual-SIM,Air White
btech,https://btech.com/en/p/476a05f8-6a72-4f74-a3dd-1ef27291ded9,7/2/f/5/72f586838b30503859d41780c0f99dd28e6cd07f_1.jpg,Itel,476a05f8-6a72-4f74-a3dd-1ef27291ded9,ff7449b3-09d7-4541-aabb-6bafc07b4c92,5111.0,5111.0,True,False,False,ISM Mobile Shop,Smart Phones,Itel A100C,64.0,2.0,4G,Dual-SIM,Pure Black
btech,https://btech.com/en/p/cd25b5a2-499b-4d73-9453-003525de3530,c/d/2/d/cd2dd738a7ebf9baa2bca3b1193cbaf1549efccf_imgi_283_80c763ae_4626_41e6_8b5b_57aebc3f8c42.jpg,Itel,cd25b5a2-499b-4d73-9453-003525de3530,ff7449b3-09d7-4541-aabb-6bafc07b4c92,5111.0,5111.0,True,False,False,ISM Mobile Shop,Smart Phones,Itel A100C,64.0,2.0,4G,Dual-SIM,Blaze Blue
btech,https://btech.com/en/p/589b2ca4-1ac6-4a64-a941-3c31deaf09b7,3/1/6/f/316f5ca1e0ce253e4987555fd9438991ed51e534_a200plusmeteortitanium_removebg_preview_8.jpg,Itel,589b2ca4-1ac6-4a64-a941-3c31deaf09b7,37949e34-67ae-4722-b363-e04584afc677,6344.0,6344.0,True,False,False,yalla-tager,Smart Phones,Itel A200 Plus,128.0,3.0,LTE,Dual-SIM,Meteor Titanium
btech,https://btech.com/en/p/3f4bce15-d87b-4ab5-9c26-106867ce54c3,a/9/2/6/a926421378ef46f85c562adce8ce27aea95eedd1_a200plusnightlyblue_removebg_preview_8.jpg,Itel,3f4bce15-d87b-4ab5-9c26-106867ce54c3,37949e34-67ae-4722-b363-e04584afc677,6360.0,6360.0,True,False,False,yalla-tager,Smart Phones,Itel A200 Plus,128.0,3.0,LTE,Dual-SIM,Nightly Blue
btech,https://btech.com/en/p/3fbaf4c7-a956-460f-af16-eacb799341f3,a/a/a/7/aaa7d1bf8ff5286cef9399ed54cebc9eebf23aa6_infinix_note_60_pro___blue.jpg,Infinix,3fbaf4c7-a956-460f-af16-eacb799341f3,0a872683-0717-462b-bc04-5e28682a4594,28199.0,28199.0,True,False,True,2B For Information Technology Systems,Smart Phones,Infinix Note 60 Pro,256.0,12.0,4G,Dual-SIM,Deep Ocean Blue
btech,https://btech.com/en/p/93485caa-716c-4ef2-b28b-4087b5bdbc9d,c/8/5/8/c858c6237a96243065d5bf1e143e883a17c3f204_infinix_note_60_pro___titinum.jpg,Infinix,93485caa-716c-4ef2-b28b-4087b5bdbc9d,0a872683-0717-462b-bc04-5e28682a4594,27917.0,27917.0,True,False,True,Elhashim Store,Smart Phones,Infinix Note 60 Pro,256.0,12.0,4G,Dual-SIM,Mist Titanium
btech,https://btech.com/en/p/628d0e22-5d20-4783-9e9f-d78b02aab18f,a/f/2/b/af2be9936612072f25f639cad67256776fae38dd_2ee43f0583a86b4bde50f971e4709a4d.png,Vivo,628d0e22-5d20-4783-9e9f-d78b02aab18f,9285a054-7969-432c-b64f-53a489620c7c,9240.0,9240.0,True,False,False,yalla-tager,Smart Phones,Vivo Y11D,128.0,4.0,4G,Dual-SIM,Voyage Black
btech,https://btech.com/en/p/9e0b5981-4756-48e8-b7b0-f60cd9900ea4,a/a/b/9/aab9c09efb24867092b65b042c5694628c653e90_Screenshot_2026_06_21_125649.png,Vivo,9e0b5981-4756-48e8-b7b0-f60cd9900ea4,9285a054-7969-432c-b64f-53a489620c7c,9241.0,9241.0,True,False,False,yalla-tager,Smart Phones,Vivo Y11D,128.0,4.0,4G,Dual-SIM,Sunrise Gold
btech,https://btech.com/en/p/f4a031f3-86da-4709-8532-8770921fbaef,6/a/f/e/6afe9fc536eb90d6ba7843aa6cbcb7960654b61d_imgi_199_f92d5d5f_881e_4a14_9667_98608e45fec6.jpg,Infinix,f4a031f3-86da-4709-8532-8770921fbaef,490131d9-f052-49ee-b340-05094d7b2f1d,8599.0,8599.0,True,False,True,Remoz,Smart Phones,Infinix Hot 70,128.0,4.0,4G LTE,Dual-SIM,Silver Dancer
btech,https://btech.com/en/p/16eb9f89-e6ff-4f07-8082-a79d3b210862,e/7/2/9/e7292dfa865315b7c846864702a21cbc016d2347_imgi_49_Xiaomi_17T_Dual_Sim_____256GB_12GB_Ram_5G_White.jpg,Xiaomi,16eb9f89-e6ff-4f07-8082-a79d3b210862,8fead856-2c83-4537-9611-7165a4e47edb,37999.0,37999.0,True,False,True,B.TECH,Smart Phones,Xiaomi 17T,512.0,12.0,5G,Dual-SIM,Opal White
btech,https://btech.com/en/p/ac234a4e-c409-4dc1-96b2-b7445a33c539,f/8/c/2/f8c2dc6bc5624fd15cefcb7a326044c11b5c1102_imgi_46_Xiaomi_17T_Dual_Sim_____256GB_12GB_Ram_5G_Violet_990x990.jpg,Xiaomi,ac234a4e-c409-4dc1-96b2-b7445a33c539,8fead856-2c83-4537-9611-7165a4e47edb,37999.0,37999.0,True,False,True,B.TECH,Smart Phones,Xiaomi 17T,512.0,12.0,5G,Dual-SIM,Violet
btech,https://btech.com/en/p/01f8ce8b-a573-4d4b-aeac-1561973b17f3,4/7/e/2/47e22ca0805cbc4f3a3d803cb307ecc388cc775c_imgi__Main_.jpg,Infinix,01f8ce8b-a573-4d4b-aeac-1561973b17f3,490131d9-f052-49ee-b340-05094d7b2f1d,14644.0,14644.0,True,False,True,B.TECH,Smart Phones,Infinix Hot 70,256.0,8.0,4G LTE,Dual-SIM,Night Pulse
btech,https://btech.com/en/p/ff843787-870b-440b-bb1d-7373e9d63cbf,7/d/3/2/7d322884ecd965a5cab61315104c583e45756beb_imgi__main_.jpg,Infinix,ff843787-870b-440b-bb1d-7373e9d63cbf,490131d9-f052-49ee-b340-05094d7b2f1d,14644.0,14644.0,True,False,True,B.TECH,Smart Phones,Infinix Hot 70,256.0,8.0,4G LTE,Dual-SIM,Silver Dancer
btech,https://btech.com/en/p/d4e61609-432b-43e5-8037-eb4e9c5bca03,8/e/f/0/8ef08714d98bd01f1404959433e10482ca0d4859_imgi__main_.jpg,Infinix,d4e61609-432b-43e5-8037-eb4e9c5bca03,490131d9-f052-49ee-b340-05094d7b2f1d,14644.0,14644.0,True,False,True,B.TECH,Smart Phones,Infinix Hot 70,256.0,8.0,4G LTE,Dual-SIM,Thermo Orange
btech,https://btech.com/en/p/58e6eb54-dca2-4a57-9457-a6b9f699483a,5/7/5/2/5752c7472a59bb3647ab6560c62bb622518f19f9_Infinix_Note_Edge_Dual_Sim_256GB8GB_Ram5G_7349_1_990x990.jpg,Infinix,58e6eb54-dca2-4a57-9457-a6b9f699483a,912a5436-9bde-485a-93ef-5f265e0ec40a,16799.0,16799.0,True,False,False,B.TECH,Smart Phones,Infinix Note Edge,256.0,8.0,5G,Dual-SIM,Shadow Black
btech,https://btech.com/en/p/b5b3f303-1048-4840-b0d8-11b80398db67,a/c/a/c/acac03137ad2e5ae5c3129264f32ffb04ef212d6_item_xxl_33407648_130753041.jpg,Hope,b5b3f303-1048-4840-b0d8-11b80398db67,78451a1e-7ec5-479b-b9e7-6ffe9be7a3b4,863.0,863.0,True,False,False,Jana_store,Feature Phones,Hope BM-10,,,,,
btech,https://btech.com/en/p/apple-iphone-16-plus-256gb-5g-ultramarine,c/3/d/1/c3d17cbc28d280471a0c9107cb1bd123841ca95b_iPhone_16_Plus_Ultramarine_PDP_Image_Position_1__en_ME.jpg,Apple,88778455-872b-4cf0-9da3-8a42a2b1c461,aded1c0e-0d78-4f91-8b0b-083f61fba3af,140572.0,140572.0,True,False,False, Salem Group ,Smart Phones,Apple iPhone 16 Plus,256.0,8.0,5G,Single SIM,Ultramarine
btech,https://btech.com/en/p/apple-iphone-15-plus-128gb-6gb-single-sim-5g-blue,d/1/1/8/d11852b8d246009d7f64945ee1039f9d07b30581_71BWB48b8eL._AC_SL1500_.jpg,Apple,ed00982f-749b-4d06-b0c8-30aa4a558cb5,f4873e52-8768-4c38-9105-3631f0eed14c,132219.0,132219.0,True,False,False, Salem Group ,Smart Phones,Apple iPhone 15 Plus,128.0,6.0,5G,Single SIM,Blue
btech,https://btech.com/en/p/cec0349a-15ca-4f5c-a802-769ef0593c5d,1/b/8/2/1b82fe9f0f9d7311425af041b8693896c0c2c39d_xmywx3qn_a_1.jpg.pagespeed.ic.bnnfreuqee.jpg,Apple,cec0349a-15ca-4f5c-a802-769ef0593c5d,3fc360f9-1dc4-43de-b39b-d9d5d052c5de,78099.0,78099.0,True,False,False,UPGRADE,Re-furbished Mobiles,Apple iPhone 16 Pro Max,256.0,8.0,5G,Single SIM,Natural Titanium
btech,https://btech.com/en/p/a8ad17f3-1717-4c2c-a76c-b416515596c0,5/0/c/7/50c76a20c69f400897e5b9ec91d8013362461518_iPhone_17_Pro_Max_Deep_Blue_PDP_Image_Position_1__en_ME.jpg,Apple,a8ad17f3-1717-4c2c-a76c-b416515596c0,b55c6c1e-f7ee-4adc-aa51-e92f5a964ed6,148199.0,148199.0,True,False,False, Salem Group ,Smart Phones,Apple iPhone 17 Pro Max,512.0,12.0,,eSIM,Deep Blue
btech,https://btech.com/en/p/oppo-reno-14-256gb-12gb-5g-dual-sim-white-cph2737-encobuds3,9/3/f/e/93fe13739a8b8e16708e29515b98b92309588396_a665690fdfec99955d6d748e08a9a6e273c7a5063d67a982aee9ec6281e486c2_copy.jpg,Oppo,1e06c51d-cbf3-4515-a02f-4edf559a1de5,8fe752ce-6639-470e-8c33-1815aebf7f9e,30999.0,30999.0,True,False,False,ISM Mobile Shop,Smart Phones,Oppo Reno 14,256.0,12.0,5G,Dual-SIM,Opal White
btech,https://btech.com/en/p/oppo-reno-13-256gb-12gb-5g-dual-sim-luminous-blue,a/9/c/0/a9c036f6c08d3982bfd90540f6bd45583a85cf21_77a8030ca5e850498e30258791b3cf54bdbb8239313e97a6150254cfd871a810.jpg,Oppo,072b3ccd-07ab-44d5-84f2-c37f231d87e7,f6f936f5-8a2c-4411-af12-c7c881e1f18f,30622.0,30622.0,True,False,False,yalla-tager,Smart Phones,Oppo Reno 13,256.0,12.0,5G,Dual-SIM,Blue
btech,https://btech.com/en/p/c2298915-02d9-498a-8bab-0a5700dc9be2,e/b/1/b/eb1b7669972d705cb0bb8884b42f0484f1fc6fe4_Designer__7_.png,Oppo,c2298915-02d9-498a-8bab-0a5700dc9be2,b9e9832d-7807-4d71-8f29-864bdd457b26,43000.0,43000.0,True,False,False,King phone ,Smart Phones,Oppo Reno 15,512.0,12.0,5G,Dual-SIM,Twilight Blue
btech,https://btech.com/en/p/vivo-v50-256gb-12gb-5g-dual-sim-blue,9/b/5/f/9b5f761ffc998d444a2d66201ac6244d4be4a455_11.png,Vivo,9ba4c23b-6720-4dca-b06d-27506fb20042,26250aac-c2d2-4d05-9a84-5f86d5569900,27552.0,27552.0,True,False,False,yalla-tager,Smart Phones,Vivo V50,256.0,12.0,5G,Dual-SIM,Starry Blue
btech,https://btech.com/en/p/0266eb21-2174-49d4-8e92-969ba3228fe6,1/3/e/e/13ee1283733db2eed712322057dc149ad2d36fb4_imgi_279_b8c720d6_5575_4651_be97_80aff2323f8e.jpg,Itel,0266eb21-2174-49d4-8e92-969ba3228fe6,ff7449b3-09d7-4541-aabb-6bafc07b4c92,6432.0,6432.0,True,False,False,alanwar,Smart Phones,Itel A100C,128.0,3.0,4G,Dual-SIM,Titanium Gold
btech,https://btech.com/en/p/c2e0d1fc-2973-40f1-b72e-0f3648db476c,c/9/5/4/c9549288da55269dbeb50c9e44f5de208b20e477_iPhone_16_Teal_PDP_Image_Position_1__en_ME.jpg,Apple,c2e0d1fc-2973-40f1-b72e-0f3648db476c,dd946752-d0dd-4a45-84a0-739407a4ea7d,118376.0,118376.0,True,False,False, Salem Group ,Smart Phones,Apple iPhone 16,256.0,8.0,5G,Single SIM,Teal
btech,https://btech.com/en/p/8687b41c-34a9-4f59-8abf-77cbcef30437,5/b/c/1/5bc152225821ebfe2a56dcd4d52ade51246db526_iPhone_16_Pink_PDP_Image_Position_1__en_ME.jpg,Apple,8687b41c-34a9-4f59-8abf-77cbcef30437,dd946752-d0dd-4a45-84a0-739407a4ea7d,118376.0,118376.0,True,False,False, Salem Group ,Smart Phones,Apple iPhone 16,256.0,8.0,5G,Single SIM,Pink
btech,https://btech.com/en/p/518affd3-5831-477d-a802-ba04cd4588b6,7/5/b/f/75bfec5439b780701a33f0d2da696d3710898e9d_71dxfzle_ol._ac_sx679_.jpg,Itel,518affd3-5831-477d-a802-ba04cd4588b6,8c4b4da6-0d06-401d-af52-0b40000b7ddc,6705.0,6705.0,True,False,False,yalla-tager,Smart Phones,Itel S23,128.0,4.0,4G LTE,Dual-SIM,Mystery White
btech,https://btech.com/en/p/ecc346b5-66bd-467d-b57b-ff89449553a3,f/2/8/b/f28bddb1e858d1d3031c717732cd176a51609e48_0720fb85df3730387c76a1625180d60d92a60c207d794c16ecb66bfa9223da8c.jpg,Oppo,ecc346b5-66bd-467d-b57b-ff89449553a3,55c5bf5d-1963-454a-bbae-741a7680a123,10923.0,10923.0,True,False,False,yalla-tager,Smart Phones,Oppo A96,256.0,8.0,4G LTE,Dual-SIM,Sunset Blue
btech,https://btech.com/en/p/b9a51543-bff9-4c1c-8b53-9ea3749595c3,b/8/3/c/b83cc3e115979c94c080ce3a7a8081f5c4a24353_imgi_93_S26_White_4_ovub_l1.jpg,Samsung,b9a51543-bff9-4c1c-8b53-9ea3749595c3,f2eaf769-8153-4e04-8687-5dac96d263e5,59000.0,59000.0,True,False,False,B.TECH,Smart Phones,Samsung Galaxy S26 Plus,256.0,12.0,5G,Dual-SIM,White
btech,https://btech.com/en/p/34499382-1bfa-45dd-bed4-2e8cfd4456d3,f/a/b/e/fabe6720a9cf46b513360e082101cd24b00ca719_imgi_93_S26_White_4_ovub_l1.jpg,Samsung,34499382-1bfa-45dd-bed4-2e8cfd4456d3,aae6fdcb-bb27-4724-84a7-0c2cf10c5b22,49500.0,49500.0,True,False,False,B.TECH,Smart Phones,Samsung Galaxy S26,256.0,12.0,5G,Dual-SIM,White
btech,https://btech.com/en/p/7b827cea-7de4-4b84-b804-5d01c53328cd,1/e/2/e/1e2e61f26979e66e4e3f528f07801ee8a1b38943_iPhone_16_Black_PDP_Image_Position_1__en_ME.jpg,Apple,7b827cea-7de4-4b84-b804-5d01c53328cd,dd946752-d0dd-4a45-84a0-739407a4ea7d,103579.0,103579.0,True,False,False, Salem Group ,Smart Phones,Apple iPhone 16,256.0,8.0,5G,Single SIM,Black
btech,https://btech.com/en/p/ab5c227b-fec5-4091-a1fc-21e4096a4779,3/c/6/c/3c6c624fcec4f66930cf561b080be0fb30fcebb3_iPhone_16_Ultramarine_PDP_Image_Position_1__en_ME.jpg,Apple,ab5c227b-fec5-4091-a1fc-21e4096a4779,dd946752-d0dd-4a45-84a0-739407a4ea7d,118376.0,118376.0,True,False,False, Salem Group ,Smart Phones,Apple iPhone 16,256.0,8.0,5G,Single SIM,Ultramarine
btech,https://btech.com/en/p/749d2567-0c6e-4da9-afec-eaf59d1bf6bd,6/3/2/e/632e84775cbfe4c9b609b23254493e3285cf1a35_redmi_10_c_ocean_blue_05_u1rpe6vqqb8exvba.jpg,Xiaomi,749d2567-0c6e-4da9-afec-eaf59d1bf6bd,fa4d83f5-0e8e-458b-875c-2d5e117ce9cc,6372.0,6372.0,True,False,False,yalla-tager,Smart Phones,Xiaomi Redmi 10C,128.0,4.0,4G LTE,Dual-SIM,Blue
btech,https://btech.com/en/p/2bef8ae1-4cf1-4699-a535-17ef5c67e659,f/1/c/9/f1c91d6f23de6157ebb715095ad1a13e25209e47_81Z4i0L7dgL._AC_SL1500_.jpg,Samsung,2bef8ae1-4cf1-4699-a535-17ef5c67e659,8004a48d-78b3-4ea0-b41e-fe7acf2c7f69,6483.0,6483.0,True,False,False,yalla-tager,Smart Phones,Samsung Galaxy A04s - Local Version,64.0,4.0,4G LTE,Dual-SIM,White
btech,https://btech.com/en/p/f2052d98-09a8-4348-b1be-2d4f217bb1fe,8/2/b/4/82b4a389e0ec54d8d3b7e7f17258c33f2c2e9c0b_image__4__removebg_preview_7_67.jpg,Oppo,f2052d98-09a8-4348-b1be-2d4f217bb1fe,07238088-d6db-41ba-8e71-b9cfa708c981,19270.0,19270.0,True,False,False,yalla-tager,Smart Phones,Oppo A5i Pro,256.0,8.0,5G,Dual-SIM,Midnight Purple
btech,https://btech.com/en/p/apple-iphone-15-plus-128gb-6gb-single-sim-5g-black,7/8/d/9/78d95386f0e6a2a854229835cd94ee6f25e033e9_47730775483_1__3.jpg,Apple,45aac14b-0232-4ca9-9834-d993a35537f0,f4873e52-8768-4c38-9105-3631f0eed14c,63000.0,63000.0,True,False,False,4gstores,Smart Phones,Apple iPhone 15 Plus,128.0,6.0,5G,Single SIM,Black
btech,https://btech.com/en/p/10298acb-c13d-489b-a8c3-3a5797d76e5b,c/0/e/5/c0e5ff5210b78f520ad0fad9bf4df583ea04493d_Untitled_design.jpg,Oppo,10298acb-c13d-489b-a8c3-3a5797d76e5b,8added53-bd02-4637-92a0-35a5d56ccbac,32000.0,32000.0,True,False,False,King phone ,Smart Phones,Oppo Reno 15 F,256.0,12.0,5G,Dual-SIM,Aurora Blue
btech,https://btech.com/en/p/ce6aed91-e23d-4ff9-af8c-0a69821b8532,8/e/f/7/8ef76ff8ec261ead3f8b9bf556a904a157aa76fd_imgi_279_b8c720d6_5575_4651_be97_80aff2323f8e.jpg,Itel,ce6aed91-e23d-4ff9-af8c-0a69821b8532,ff7449b3-09d7-4541-aabb-6bafc07b4c92,5373.0,5373.0,True,False,False,yalla-tager,Smart Phones,Itel A100C,64.0,2.0,4G,Dual-SIM,Titanium Gold
btech,https://btech.com/en/p/64c0369f-0eb2-4c9a-9bd5-84bf1c19858e,5/a/c/d/5acd2656ab5e06cd429e1ca89817efb6c81698ee_imgi_222_209a8130_60db_41ac_8c85_5f8179b6eee0.jpg,Itel,64c0369f-0eb2-4c9a-9bd5-84bf1c19858e,323510c5-8d2a-4798-98d3-94c0cc030398,7204.0,7204.0,True,False,False,yalla-tager,Smart Phones,Itel A90,256.0,4.0,4G,Dual-SIM,Starlit Black
btech,https://btech.com/en/p/3afcda00-6efa-4bcb-90a7-8127983a9b80,3/3/9/f/339fb41e8663a3a529c2e05d09522edb7d5c5dfa_imgi_251_209a8130_60db_41ac_8c85_5f8179b6eee0.jpg,Itel,3afcda00-6efa-4bcb-90a7-8127983a9b80,323510c5-8d2a-4798-98d3-94c0cc030398,6594.0,6594.0,True,False,False,yalla-tager,Smart Phones,Itel A90,128.0,3.0,4G,Dual-SIM,Starlit Black
btech,https://btech.com/en/p/apple-iphone-16-256gb-5g-white,8/8/4/e/884ee4cf8d6ae294fb19fdea907ae87bc5dbf146_iPhone_16_White_PDP_Image_Position_1__en_ME.jpg,Apple,fff0b488-010f-4aea-9eac-31fa06e4083d,dd946752-d0dd-4a45-84a0-739407a4ea7d,103579.0,103579.0,True,False,False, Salem Group ,Smart Phones,Apple iPhone 16,256.0,8.0,5G,Single SIM,White
btech,https://btech.com/en/p/apple-iphone-14-128gb-6gb-4g-lte-midnight-without-warranty,a/1/6/3/a16343e385d2656e27b0dea48ba2c2d1c2b3e611_iPhone_14_Midnight_PDP_Image_Position_1_EN.jpg,Apple,ab7dec5d-ed31-4b38-b2f7-f3c8ae3e1f78,eb985122-1818-409a-b72d-172d506285e4,58200.0,58200.0,True,False,False,4gstores,Smart Phones,Apple iPhone 14,128.0,6.0,5G,Single SIM,Midnight
btech,https://btech.com/en/p/a8e88ab1-e0eb-40a1-9af5-c2832f3167a4,5/b/0/5/5b05261e2c0af61d5beef8fea5e8401d6963187f_f3ccb222_d2ba_4634_a5f6_91cd0b50675c.jpg,Honor,a8e88ab1-e0eb-40a1-9af5-c2832f3167a4,c7b6a8cc-8fb8-451a-9cef-b7bd286553a7,8500.0,8500.0,True,False,False,VOOC,Smart Phones,Honor X5C,128.0,4.0,,,Tidal Blue
btech,https://btech.com/en/p/b7958909-e09e-4f02-9d30-3ac8f5510022,a/2/c/e/a2ce0e8d371bf10769a3950670a7cd965549bd00_xiaomi_redmi_a5_green_1_1_1.jpg,Xiaomi,b7958909-e09e-4f02-9d30-3ac8f5510022,ef7a2e8e-d568-4627-858d-ea338c0c4aeb,7622.0,7622.0,True,False,False,Elhashim Store,Smart Phones,Xiaomi Redmi A5,64.0,4.0,4G LTE,Dual-SIM,Lake Green
btech,https://btech.com/en/p/282a6175-cfeb-4516-96b6-b60610e562db,2/7/1/2/271287ac5b641d210448ba66c2934b5e32c8f1be_hmd_barbie.jpg,HMD,282a6175-cfeb-4516-96b6-b60610e562db,4012b5a1-1776-41fa-9eca-8476f79158b3,9999.0,9999.0,True,False,False,Dragon Store,Smart Phones,HMD Barbie,,,,,Pink
btech,https://btech.com/en/p/d7df1fb3-a76a-49d7-ada2-078b48df1226,c/1/6/1/c1614b42dbe2791a402abc62dd2f4e6628c367c6_iphone_16_storage_select_202409_6_7inch_white.jpg,Apple,d7df1fb3-a76a-49d7-ada2-078b48df1226,aded1c0e-0d78-4f91-8b0b-083f61fba3af,69999.0,69999.0,True,False,False,vxstore,Smart Phones,Apple iPhone 16 Plus,128.0,8.0,5G,Single SIM,White
btech,https://btech.com/en/p/apple-iphone-16-plus-128gb-5g-pink,3/f/e/d/3fed5648a16097903c912d83087d43ca1f42716e_iPhone_16_Plus_Pink_PDP_Image_Position_1__en_ME.jpg,Apple,5b1be2c8-6afe-4732-a1aa-5a49b1d13692,aded1c0e-0d78-4f91-8b0b-083f61fba3af,118376.0,118376.0,True,False,False, Salem Group ,Smart Phones,Apple iPhone 16 Plus,128.0,8.0,5G,Single SIM,Pink
btech,https://btech.com/en/p/93c1b4a5-ab42-4b9f-9c05-79ecdbca6489,f/c/1/9/fc1933f4bd3fff866e6344d8984aba8f01d6bc9f_imgi_47_S26_Skyblue4.jpg,Samsung,93c1b4a5-ab42-4b9f-9c05-79ecdbca6489,f2eaf769-8153-4e04-8687-5dac96d263e5,59000.0,59000.0,True,False,False,B.TECH,Smart Phones,Samsung Galaxy S26 Plus,256.0,12.0,5G,Dual-SIM,Sky Blue
btech,https://btech.com/en/p/bbd71c3d-d436-4124-ae6d-6796127c2a2c,5/f/8/4/5f840cd3b3083ec24b71b03625f8ac52a5bb8ae4_5966e7a92840_ylxhanuxzpc3mrpe.jpg,Honor,bbd71c3d-d436-4124-ae6d-6796127c2a2c,c7b6a8cc-8fb8-451a-9cef-b7bd286553a7,8500.0,8500.0,True,False,False,VOOC,Smart Phones,Honor X5C,128.0,4.0,,,Midnight Black
btech,https://btech.com/en/p/89807cf7-88cf-4060-a524-4cd81c1fb300,b/2/8/4/b2841795bac26a4469351d464f52e8b04e0c0fc3_imgi_97_Realme_C85_Pro_Dual_Sim_256GB_8GB_Ram4G_6833_1.jpg,Realme,89807cf7-88cf-4060-a524-4cd81c1fb300,e0190e39-7bc0-413d-953d-50155f432b3a,14500.0,14500.0,True,False,False,VOOC,Smart Phones,Realme C85 Pro,128.0,8.0,4G LTE,Dual-SIM,Parrot Purple
btech,https://btech.com/en/p/3accf87d-4274-4099-889a-e7fb2263c727,1/5/c/e/15ceb83d8cd90ac9a77d603342d596fd655cb115_hmd_arc_black.jpg,HMD,3accf87d-4274-4099-889a-e7fb2263c727,8075c01e-dd35-426f-b95c-934be36b3377,9999.0,9999.0,True,False,False,Dragon Store,Smart Phones,HMD Arc,64.0,4.0,,,Shadow Black
btech,https://btech.com/en/p/f8958c24-32fa-48dd-917b-ab74ad469e04,4/9/6/1/4961150e94814cfb90970fc06c0a90ab0ade0426_iPhone_17_Pro_Max_Cosmic_Orange_PDP_Image_Position_1__en_ME.jpg,Apple,f8958c24-32fa-48dd-917b-ab74ad469e04,1e35412b-c249-4e26-a13c-88ca48061af0,138750.0,138750.0,True,False,False,VOOC,Re-furbished Mobiles,Apple iPhone 17 Pro Max,256.0,12.0,5G,Single SIM,Cosmic Orange
btech,https://btech.com/en/p/f5917cd8-1994-4a99-b431-150c2a3ced13,e/1/8/4/e1842ec76f7e92ba964a61c186e175f0b3335a36_iPhone_17_Pro_Max_Deep_Blue_PDP_Image_Position_1__en_ME.jpg,Apple,f5917cd8-1994-4a99-b431-150c2a3ced13,1e35412b-c249-4e26-a13c-88ca48061af0,138777.0,138777.0,True,False,False,VOOC,Re-furbished Mobiles,Apple iPhone 17 Pro Max,256.0,12.0,5G,Single SIM,Deep Blue
btech,https://btech.com/en/p/adb20c52-d06a-49df-812d-54e4af9e16e1,e/d/d/5/edd51621bf490bae313594ac6bff2752a82740a8_iPhone_17_Pro_Max_Silver_PDP_Image_Position_1__en_ME.jpg,Apple,adb20c52-d06a-49df-812d-54e4af9e16e1,1e35412b-c249-4e26-a13c-88ca48061af0,138777.0,138777.0,True,False,False,VOOC,Re-furbished Mobiles,Apple iPhone 17 Pro Max,256.0,12.0,5G,Single SIM,Silver
btech,https://btech.com/en/p/cd6e00e8-a8e5-4a1f-b41a-8800255a726f,f/f/d/c/ffdc965b5e6aa585bb4b3fdf337c1ad456534308_0b55110c_cff2_4fcf_affa_187b4ffb26ea.jpg,Huawei,cd6e00e8-a8e5-4a1f-b41a-8800255a726f,7075da33-17a2-43f9-b4e2-fcf91020f9df,21998.0,21998.0,True,False,True,vxstore,Smart Phones,Huawei nova 15 Max,256.0,8.0,4G,Dual-SIM,Blush Gold
btech,https://btech.com/en/p/810b1fcf-2b17-4f6b-a268-97d65cacd4e7,5/6/4/9/5649bcdf8cbfa3dbc1ad8896d7e3d8f1d35a50d6_xiaomi_redmi_note_15_pro_5g_8gb_256gb_6_83_amoled_6500mah_marron_moca.jpg,Xiaomi,810b1fcf-2b17-4f6b-a268-97d65cacd4e7,f362db7c-141e-48e4-b121-ac3b35a0c5c2,27699.0,27699.0,True,False,False,B.TECH,Smart Phones,Xiaomi Redmi Note 15 Pro Plus,256.0,12.0,5G,Dual-SIM,Mocha Brown
btech,https://btech.com/en/p/32a6f799-c5a9-4fcb-86ce-bc2f595f0fd2,d/8/a/8/d8a8a40b293fd9ed65542c20f02edd194d61f698_blue__1_.jpg,Itel,32a6f799-c5a9-4fcb-86ce-bc2f595f0fd2,236f2df7-baa0-4fe8-9979-89c7e4b8d808,5151.0,5151.0,True,False,True,yalla-tager,Smart Phones,Itel A50,64.0,3.0,4G,Dual-SIM,Cyan Blue
btech,https://btech.com/en/p/13450acb-756a-44dc-8a13-173d45d15d37,7/f/9/e/7f9ece34b67c0d56563ad13546974ae58df4974d_imgi_47_Xiaomi_17T_Dual_Sim_____256GB_12GB_Ram_5G_Black.jpg,Xiaomi,13450acb-756a-44dc-8a13-173d45d15d37,8fead856-2c83-4537-9611-7165a4e47edb,37999.0,37999.0,True,False,True,B.TECH,Smart Phones,Xiaomi 17T,512.0,12.0,5G,Dual-SIM,Black
btech,https://btech.com/en/p/92c92fcf-b535-45d0-b0eb-4c227d067dee,4/1/a/8/41a8aeb6e298c8ec13f192541669f669df4051a9_iPhone_15_Black_PDP_Image_Position_1__en_ME_copy.jpg,Apple,92c92fcf-b535-45d0-b0eb-4c227d067dee,f5f01a9f-34a3-4828-add2-6751eb5084f2,52999.0,52999.0,True,False,False,vxstore,Smart Phones,Apple iPhone 15,128.0,6.0,5G,Single SIM,Black
btech,https://btech.com/en/p/56f7b6a3-8e43-467d-8973-d585d3c9e702,b/2/e/b/b2eb1786ccb69ca267c153f606dbd83831e49aa0_oppo_reno_15f_bluef.1_1.jpg,Oppo,56f7b6a3-8e43-467d-8973-d585d3c9e702,f629eadd-2758-4026-a935-f1f3ffa13e1e,23999.0,23999.0,True,False,False,Elhashim Store,Smart Phones,Oppo Reno 15F,256.0,8.0,5G,Dual-SIM,Aurora Blue
btech,https://btech.com/en/p/48a3755a-c980-4fe5-b201-4509b1f77662,5/a/9/6/5a96e8469c1a15698cfb31b98287765c4493d391_New_Project.jpg,Oppo,48a3755a-c980-4fe5-b201-4509b1f77662,97837f6b-0d4b-4979-bda7-84525282646f,12550.0,12550.0,True,False,True,vxstore,Smart Phones,Oppo A6t,128.0,6.0,5G,Dual-SIM,Crystal Blue
btech,https://btech.com/en/p/923f0a92-53f3-4529-9929-0acc514ce636,6/c/1/2/6c120af0839a8cbe9ca991be4441373fcbc61030_d6a6a37a472d0e4eae2958d4c064a41145389e040e7bbcdf17e20aa8f1caf32a_1.jpeg,Samsung,923f0a92-53f3-4529-9929-0acc514ce636,f0d6ef3c-8e89-40a3-a374-8aad74a2e0c3,22245.0,22245.0,True,False,False,K&M The Future Makers,Smart Phones,Samsung Galaxy A56,128.0,8.0,5G,Dual-SIM,Light Grey
btech,https://btech.com/en/p/oppo-a78-128gb-8gb-ram-dual-sim-4g-lte-black,6/f/7/4/6f749e0c5fea9d1dd30caa172de734ae1f47d316_0271849684ef4ac69fe46d114eb2deebd249116cc66288480eb9f359ac0aabb0.jpeg,Oppo,b42c2259-f1f6-4261-9fc7-330ebb2c6a90,337085ee-4b54-4d08-bb52-c54f7c0ec4c5,12810.0,12810.0,True,False,False,yalla-tager,Smart Phones,Oppo A78,128.0,8.0,4G LTE,Dual-SIM,Black
btech,https://btech.com/en/p/097451bb-6fc7-4ce5-9646-914e43b7fc50,0/9/0/3/0903093ba00bd0bb18ef2b4a1aeb9eddcd6d182f_upscalemedia_transformed.jpg,Oppo,097451bb-6fc7-4ce5-9646-914e43b7fc50,97837f6b-0d4b-4979-bda7-84525282646f,12550.0,12550.0,True,False,True,vxstore,Smart Phones,Oppo A6t,128.0,6.0,5G,Dual-SIM,Crystal Violet
btech,https://btech.com/en/p/samsung-galaxy-a16-128gb-4gb-4g-lte-dual-sim-light-green-local,f/8/a/e/f8ae81b12c5817eee4cd90022b0f85001be3fec1_2cc3b53895188d2cb20512d24d134d642c5a7e3644f88848d0f6f6f2c8e60ec0.jpeg,Samsung,f719c507-58b2-4ee4-b561-6f2b5d47f92b,94243c97-2360-48d6-848d-14f52d1f904c,8702.0,8702.0,True,False,False,K&M The Future Makers,Smart Phones,Samsung Galaxy A16,128.0,4.0,4G LTE,Dual-SIM,Green
btech,https://btech.com/en/p/25bd9458-494b-40a1-b4bb-6ed2fc992ee2,7/e/2/2/7e22490f959e9f6fe1159d4c9a7eadcfdc4ab420_1.jpeg,Honor,25bd9458-494b-40a1-b4bb-6ed2fc992ee2,3dd66f32-3673-4903-b0f9-db1249b27f11,38775.0,38775.0,True,False,False,B.TECH,Smart Phones,Honor 400 Pro,512.0,12.0,5G,Dual-SIM,Midnight Black
btech,https://btech.com/en/p/a07738c5-d858-4d82-b035-a5c4800bdcd9,9/2/7/f/927f4cc5283a1c251afda0866bfd92c2e9fd0be5_huawei_nova_13__green_1.jpg,Huawei,a07738c5-d858-4d82-b035-a5c4800bdcd9,5d1207af-75ed-420b-85c5-2f89e796f5f9,19799.0,19799.0,True,False,False,B.TECH,Smart Phones,Huawei Nova 13,256.0,12.0,,,Green
btech,https://btech.com/en/p/9bde035e-95bc-4c18-8890-c97b373859b8,2/5/9/5/259572707b2b4ee42247f8cc54b641ef11ba855f_1227b56c_e97b_4162_8094_13d3ae902644_Thumb.jpg,Honor,9bde035e-95bc-4c18-8890-c97b373859b8,6ba47a08-9d63-4dc4-a620-4294de370843,21650.0,21650.0,True,False,False,drmobile,Smart Phones,Honor 600 Lite,256.0,8.0,5G,Dual-SIM,Desert Gold
btech,https://btech.com/en/p/2b9d7133-f76a-459d-9560-bd328bb99c2d,5/4/8/3/54835d90b16df361b0c5f86bb313d10b836dfa53_F6GLc1tSSL530GE_removebg_preview.png,Infinix,2b9d7133-f76a-459d-9560-bd328bb99c2d,785ad16b-2b22-4ed2-bc15-c8deb9f05708,23933.0,23933.0,True,False,False,Elhashim Store,Smart Phones,Infinix GT 30 Pro,512.0,12.0,5G,Dual-SIM,shadow ash
btech,https://btech.com/en/p/01ec4d3a-69f1-48d4-8678-88d454f0f62b,1/2/9/3/12935f181c81a20c8f910cae5ec449314e38fa94_CM5_G_removebg_preview.jpg,Tecno,01ec4d3a-69f1-48d4-8678-88d454f0f62b,82cdf108-e03e-4805-be84-2ea1b73246af,12550.0,12550.0,True,False,False,888mobilestore,Smart Phones,Tecno Camon 40,256.0,8.0,4G,Dual-SIM,Emerald Lake Green
btech,https://btech.com/en/p/baf14e50-e0dc-4a7f-bdcf-7c2da59a249a,6/5/5/2/65522266b2ea50c7c4be6432118fc6433de3a2b1_29.jpg,Tecno,baf14e50-e0dc-4a7f-bdcf-7c2da59a249a,7e3fbc42-56f9-43be-a7f0-6d1b9b87f02d,12888.0,12888.0,True,False,False,ISM Mobile Shop,Smart Phones,Tecno Spark Slim,256.0,8.0,4G,Dual-SIM,Slim White
btech,https://btech.com/en/p/a95958d5-ef9c-44af-9c43-8007f4e3c326,e/3/3/0/e330214055cb9cbd0b70cbbf8a696535c4494940_imgi_96_a368a0eb150d_1ei1abuwjpgdenl6.jpg,Honor,a95958d5-ef9c-44af-9c43-8007f4e3c326,caa29346-aec1-434b-a090-eba01420fe67,22120.0,22120.0,True,False,False,B.TECH,Smart Phones,Honor 600 Lite,256.0,8.0,5G,Dual-SIM,Velvet Black
btech,https://btech.com/en/p/realme-p1-pro-256gb-12gb-5g-dual-sim-phoenix-red,8/4/6/b/846bae82beff66480b0f12194e1bfcc9aa4fb6ce_49cb2aa84d222c26273aa874e46f4289cde4641570e151bcba1600afc07393b1.jpeg,Realme,3a1292a4-6b7a-4c5f-9f19-0d741e9a3c6a,132ab94f-06d7-4e4a-bd5e-7565a2290bea,16499.0,16499.0,True,False,False,Zoony Store,Smart Phones,Realme P1 Pro,256.0,12.0,5G,Dual-SIM,Red
btech,https://btech.com/en/p/apple-iphone-17-air-256gb-8gb-ram-5g-cloud-white,5/0/6/9/50698ca6c591cdc14bb7391f7022bea01df1dae2_iPhone_Air_Cloud_White_PDP_Image_Position_1__en_ME.jpg,Apple,3be702de-7622-44b4-a992-f66ad0dd3e0f,3cde8f71-ee53-4500-9fe8-7bc7e72bc28d,112859.0,112859.0,True,False,False, Salem Group ,Smart Phones,Apple iPhone Air,256.0,8.0,5G,Dual-SIM,Cloud White
btech,https://btech.com/en/p/95f43733-72b9-4355-b2c8-bb08b34bf4c1,b/1/2/8/b1280bd8129c811d2f3c8a1fda55b54f2e6c301e_imgi_21_S26_ultra_cobaltviolet_4_jzdj_1c.jpg,Samsung,95f43733-72b9-4355-b2c8-bb08b34bf4c1,30646fc8-23ba-46f9-b762-b09ea2af3a5a,95666.0,95666.0,True,False,False,B.TECH,Smart Phones,Samsung Galaxy S26 Ultra,1024.0,16.0,5G,Dual-SIM,Cobalt Violet
btech,https://btech.com/en/p/vivo-v60-256gb-12gb-ram-5g-dual-sim-gold-tws-3-earbuds-white,4/2/c/8/42c88435e7c5660a3a6c3a938e9d5cb4de324a11_imgi_2_505e7e25a85b4bad4bcf941b04f242d30f53c02dec639a416.jpg,Vivo,bef2fc13-318f-497c-a7fe-b0bf57559403,b927b853-bad2-48b3-af44-2f0d45d0c1c3,25246.0,25246.0,True,False,False,B.TECH,Smart Phones,Vivo V60,256.0,12.0,5G,Dual-SIM,Auspicious Gold
btech,https://btech.com/en/p/45e556b5-6346-4139-8dc0-e470209b9fdf,0/5/4/e/054ee9fa89de430e0f2eb60e97b3f31e385f3044_iPhone_17_Pro_Max_Cosmic_Orange_PDP_Image_Position_1__en_ME.jpg,Apple,45e556b5-6346-4139-8dc0-e470209b9fdf,b55c6c1e-f7ee-4adc-aa51-e92f5a964ed6,115555.0,115555.0,True,False,False,drmobile,Smart Phones,Apple iPhone 17 Pro Max,512.0,12.0,,eSIM,Cosmic Orange
btech,https://btech.com/en/p/realme-c75-128gb-8gb-4g-dual-sim-black,b/a/1/4/ba147dfcf39d7cb8aaa3ec2a9d5d9695758916cc_4cea77bb44bb4b12f179d634d914668c0f71b26ae7e5f8b18780bb2f4ba4bcb6.jpg,Realme,90870bfe-8381-419d-ab58-b63c511a7071,1802d8e4-efc7-4d6c-9a0c-6253fe502e7e,10299.0,10299.0,True,False,False,drmobile,Smart Phones,Realme C75,128.0,8.0,4G LTE,Dual-SIM,Black
btech,https://btech.com/en/p/d2353a1d-1441-4ddd-9bc5-35abefd96ee1,d/5/4/4/d544ba55dbe4685455cfced0b151048288ea4440_7edcd053024d3812482509a40e392de1226e995b_1ac56e811ce82636318528391bca7d6b3d8e0fc8_243531816591.jpg,Oppo,d2353a1d-1441-4ddd-9bc5-35abefd96ee1,b9e9832d-7807-4d71-8f29-864bdd457b26,41500.0,41500.0,True,False,False,King phone ,Smart Phones,Oppo Reno 15,256.0,12.0,5G,Dual-SIM,Aurora White
btech,https://btech.com/en/p/35b822f5-96a4-45e4-80e2-5fc1a443d525,f/c/1/e/fc1e3e80a9d081818b07de3b83e4aa39b901ba47_iPhone_17_Pro_Cosmic_Orange_PDP_Image_Position_1__en_ME.jpg,Apple,35b822f5-96a4-45e4-80e2-5fc1a443d525,39196841-4d61-4ecd-be34-dfdd4a3babab,95777.0,95777.0,True,False,False,drmobile,Smart Phones,Apple iPhone 17 Pro,256.0,12.0,,eSIM,Cosmic Orange
btech,https://btech.com/en/p/208af5c6-2d33-40ae-917a-f0a7d3b7b42e,c/5/6/7/c5674ba9cb2c19ddc209b0b0b77750c2654a00a1_iPhone_17_Pro_Silver_PDP_Image_Position_1__en_ME.jpg,Apple,208af5c6-2d33-40ae-917a-f0a7d3b7b42e,39196841-4d61-4ecd-be34-dfdd4a3babab,95777.0,95777.0,True,False,False,drmobile,Smart Phones,Apple iPhone 17 Pro,256.0,12.0,,eSIM,Silver
btech,https://btech.com/en/p/523a363b-bb61-4879-befb-59f17a0820e9,a/3/5/a/a35a5cf301c9d35e1a96244f4d12cb0b84e06640_realme_15t_silver_1.jpg,Realme,523a363b-bb61-4879-befb-59f17a0820e9,d42d45b0-26c6-4fdb-b0e2-61799dda39d2,22500.0,22500.0,True,False,False,King phone ,Smart Phones,Realme 15T,256.0,12.0,4G,Dual-SIM,Flowing Silver
btech,https://btech.com/en/p/563bbab9-c44b-43f8-865b-06c71069e020,d/1/c/3/d1c3e975a389766242f4097605a3a1690f6f764b_realme_15t_silver_1.jpg,Realme,563bbab9-c44b-43f8-865b-06c71069e020,d42d45b0-26c6-4fdb-b0e2-61799dda39d2,19999.0,19999.0,True,False,False,King phone ,Smart Phones,Realme 15T,256.0,8.0,4G,Dual-SIM,Flowing Silver
btech,https://btech.com/en/p/apple-iphone-16-128gb-5g-teal	,4/1/5/5/41557a72a920965a134275cde79d9b5b35b74c11_iPhone_16_Teal_PDP_Image_Position_1__en_ME.jpg,Apple,ce0c5970-d95f-4da5-88c8-17d8f4ce892c,aa999daf-3497-4655-95fa-110b145c297d,60202.0,60202.0,True,False,False,B.TECH,Smart Phones,Apple iPhone 16,128.0,8.0,5G,Dual-SIM,Teal
btech,https://btech.com/en/p/refurbished-iphone-15-128gb-black-gold-12m,7/7/e/5/77e56103dbd16e6b29af55e376971ffb76b5e744_8d0da8a6b258c2a05c84718102d76a5d20cd5cddd2c737d3d24e184de45075fc.jpeg,Apple,1eb7cc99-3b40-4038-bfc7-6bb9c68d8efd,c5787bf1-3975-461f-845f-6f7b2ca992dd,40600.0,40600.0,True,False,False,UPGRADE,Re-furbished Mobiles,Apple iPhone 15,128.0,6.0,5G,Single SIM,Black
btech,https://btech.com/en/p/6bd8155a-2592-47af-b11f-8dad96272856,d/9/e/8/d9e855150c87cf7cf7a8bd48c8dbad59402f0cf7_iphone_15_pro_natural_natural_titanium_6_copy.jpg,Apple,6bd8155a-2592-47af-b11f-8dad96272856,501d9d91-ac7a-4358-8424-ffccfedc0f38,67199.0,67199.0,True,False,False,UPGRADE,Re-furbished Mobiles,Apple iPhone 15 Pro Max,512.0,8.0,5G,Single SIM,Natural Titanium
btech,https://btech.com/en/p/fb215a16-1115-498e-b8c5-00a9a77a3bb4,f/3/3/8/f33831cf5c2d32f8bb6b6b0dc2b984ad1b00e12c_xmywx3qn_a_1.jpg.pagespeed.ic.bnnfreuqee.jpg,Apple,fb215a16-1115-498e-b8c5-00a9a77a3bb4,3fc360f9-1dc4-43de-b39b-d9d5d052c5de,80499.0,80499.0,True,False,False,UPGRADE,Re-furbished Mobiles,Apple iPhone 16 Pro Max,256.0,8.0,5G,Single SIM,Desert Titanium
btech,https://btech.com/en/p/9b89abab-5f72-47d6-9a75-6660d2ca16d9,2/c/4/9/2c49ecc8f6ebfd369ca8ab5a7abec7a42f6d43c3_xmywx3qn_a_1.jpg.pagespeed.ic.bnnfreuqee.jpg,Apple,9b89abab-5f72-47d6-9a75-6660d2ca16d9,3fc360f9-1dc4-43de-b39b-d9d5d052c5de,88799.0,88799.0,True,False,False,UPGRADE,Re-furbished Mobiles,Apple iPhone 16 Pro Max,512.0,8.0,5G,Single SIM,Desert Titanium
btech,https://btech.com/en/p/71bbbba2-e01b-4adb-bfab-a878527d27c3,a/e/4/0/ae40e3ede9b380e3be7e183b9829aced455b4e87_Untitled_design__2_.jpg,Apple,71bbbba2-e01b-4adb-bfab-a878527d27c3,501d9d91-ac7a-4358-8424-ffccfedc0f38,63599.0,63599.0,True,False,False,UPGRADE,Re-furbished Mobiles,Apple iPhone 15 Pro Max,512.0,8.0,5G,Single SIM,Natural Titanium
btech,https://btech.com/en/p/6784d0b1-6a48-43a2-ae42-5a18977cc19f,6/f/5/3/6f53bbc95cdf7cdf4d834196f871fa9c0d9d71d0_54ac7e094393dfd21202da52913c4313ee4851a72b129dbb82edfb74e66ad384.jpeg,Apple,6784d0b1-6a48-43a2-ae42-5a18977cc19f,3fc360f9-1dc4-43de-b39b-d9d5d052c5de,73999.0,73999.0,True,False,False,UPGRADE,Re-furbished Mobiles,Apple iPhone 16 Pro Max,256.0,8.0,5G,Single SIM,Desert Titanium
btech,https://btech.com/en/p/samsung-galaxy-m55-256gb-8gb-ram-5g-dual-sim-black,6/5/c/3/65c387c9043f44ad0bdc169aa7aa979466e43059_1.jpeg,Samsung,378c8969-fc37-4f45-a818-766a622921f8,9b76ee1d-0e55-4124-92a3-db07419b124d,16999.0,16999.0,True,False,False,elmalh,Smart Phones,Samsung Galaxy M55,256.0,8.0,5G,Dual-SIM,Black
btech,https://btech.com/en/p/tecno-spark-30-256gb-8gb-ram-4g-lte-dual-sim-astral-ice-kl6,f/8/5/8/f8587025c78d5a1470323dd851cbab9c7f61e72f_96fe9fefad7ede2000ee7ff07a4c229db3d9f1925f11d4dd55d110ae616bc33a.jpeg,Techno,67b5e40d-95a5-4468-ab9f-e512fb9032cc,3fb1d037-cdb4-4771-86f9-92325ac758bf,9999.0,9999.0,True,False,False,ISM Mobile Shop,Smart Phones,Techno Spark 30,256.0,8.0,4G LTE,Dual-SIM,Astral Ice
btech,https://btech.com/en/p/realme-c53-dual-sim-128gb-6gb-ram-4g-mighty-black,2/b/1/0/2b101b440cf072569c339f6a00cb70f4b383f348_87e2c259877605ea66e6c4129453ef92073035fbd2fb1d92628147aba47d1825_copy.jpg,Realme,838af532-1b88-4385-a8d6-ac0dc3058e43,e62d75e6-fe0d-434b-9183-43e4f57516d8,8370.0,8370.0,True,False,False,yalla-tager,Smart Phones,Realme C53,128.0,6.0,4G,Dual-SIM,Mighty Black
btech,https://btech.com/en/p/realme-c53-128gb-6gbram-gold-no-warranty,7/4/b/d/74bddc3d2e401c7a4517262338e2b00744749a27_realme_c53_gold_1.jpeg,Realme,8a095983-ad97-4685-af99-6048c62681ec,e62d75e6-fe0d-434b-9183-43e4f57516d8,8370.0,8370.0,True,False,False,yalla-tager,Smart Phones,Realme C53,128.0,6.0,4G,Dual-SIM,Champagne Gold
btech,https://btech.com/en/p/08963c58-6bec-4fbb-be2a-25c1267aa8d3,8/6/9/c/869c9d6a51941a1171a85d5b36190054a1bbb836_7248fa811f120a442a1c839a4cdeed1c0fa043199a70779bb32dcf46641254e2.jpeg,Realme,08963c58-6bec-4fbb-be2a-25c1267aa8d3,73627391-12fb-4e02-8540-dbcc8b4bba60,5595.0,5595.0,True,False,False,yalla-tager,Smart Phones,Realme C30s,64.0,3.0,4G,Dual-SIM,Black
btech,https://btech.com/en/p/d4b68edb-3d1b-4919-8cd6-00cf724494fb,7/b/a/f/7bafdb045cf9b1d83d10b5e6c62b014014b20272_Untitled.jpg,Infinix,d4b68edb-3d1b-4919-8cd6-00cf724494fb,b202b8ee-2bb2-4303-b20e-593bccfc0fc5,9147.0,9147.0,True,False,False,yalla-tager,Smart Phones,Infinix Smart 10,256.0,4.0,4G LTE,Dual-SIM,Iris Blue
btech,https://btech.com/en/p/a15e15ea-c418-4289-9d0d-9695af15cbf6,0/7/5/4/07548f56458f5914ce5aa311470e14eedbee2113_wyooygt_t6ng2k3v1tu5nanv_1.jpg,Itel,a15e15ea-c418-4289-9d0d-9695af15cbf6,0f3ca63f-705a-44c3-b7c5-a9c4f71d227e,6982.0,6982.0,True,False,False,yalla-tager,Smart Phones,Itel P65,128.0,8.0,4G,Dual-SIM,Cyber Titanium
btech,https://btech.com/en/p/oppo-a38-128gb-4gbram-4g-lte-dual-sim-gold,f/a/7/a/fa7a2c3eab907ba7fe60e9adaf5957a60cdd4812_847f10d6a86534cdf434951a902c3cf3f75960ec13c82e5893c9b5506be787c8.jpeg,Oppo,63811be0-7410-49de-854f-6ca6748234c5,88e29288-b89d-4e06-b9a0-55c3a48f52a1,8925.0,8925.0,True,False,False,yalla-tager,Smart Phones,Oppo A38,128.0,4.0,4G LTE,Dual-SIM,Gold
btech,https://btech.com/en/p/oppo-a78-256gb-8gb-ram-dual-sim-4g-lte-black,1/c/e/9/1ce960dd3575f3d41cbcd37f8d1d6e2afbec13fb_0271849684ef4ac69fe46d114eb2deebd249116cc66288480eb9f359ac0aabb0.jpg,Oppo,e2f792ce-0838-4bc8-8165-cd3ba49d2e39,337085ee-4b54-4d08-bb52-c54f7c0ec4c5,14253.0,14253.0,True,False,False,yalla-tager,Smart Phones,Oppo A78,256.0,8.0,4G LTE,Dual-SIM,Black
btech,https://btech.com/en/p/07671bc3-837b-4f20-ae94-c54d8f5cea5c,d/9/b/c/d9bcafd1f96c984f942bc9d03a7f8fe1443c1b3e_iPhone_17_Pro_Max_Cosmic_Orange_PDP_Image_Position_1__en_ME.jpg,Apple,07671bc3-837b-4f20-ae94-c54d8f5cea5c,b55c6c1e-f7ee-4adc-aa51-e92f5a964ed6,126255.0,126255.0,True,False,False,drmobile,Smart Phones,Apple iPhone 17 Pro Max,1024.0,12.0,,eSIM,Cosmic Orange
btech,https://btech.com/en/p/f50508b7-683b-4842-8348-660671f07ec5,5/9/4/9/594998e4ef24dda3a76b8964c5b655fb242ba049_iPhone_17_Pro_Max_Silver_PDP_Image_Position_1__en_ME.jpg,Apple,f50508b7-683b-4842-8348-660671f07ec5,b55c6c1e-f7ee-4adc-aa51-e92f5a964ed6,144999.0,144999.0,True,False,False, Salem Group ,Smart Phones,Apple iPhone 17 Pro Max,1024.0,12.0,,eSIM,Silver
btech,https://btech.com/en/p/7d331b18-a90a-43b7-b8c4-8f803e8d46a6,e/1/9/a/e19a9d7720dda6d15547b635373bb040337c7c4e_iPhone_17_Pro_Max_Deep_Blue_PDP_Image_Position_1__en_ME.jpg,Apple,7d331b18-a90a-43b7-b8c4-8f803e8d46a6,b55c6c1e-f7ee-4adc-aa51-e92f5a964ed6,144999.0,144999.0,True,False,False, Salem Group ,Smart Phones,Apple iPhone 17 Pro Max,1024.0,12.0,,eSIM,Deep Blue
btech,https://btech.com/en/p/f47e8a50-2577-443a-98ef-d9aab8b517c3,0/4/1/1/041194b19946a164362e2f9482df5464673fd795_iPhone_17_Pro_Max_Silver_PDP_Image_Position_1__en_ME.jpg,Apple,f47e8a50-2577-443a-98ef-d9aab8b517c3,b55c6c1e-f7ee-4adc-aa51-e92f5a964ed6,189999.0,189999.0,True,False,False, Salem Group ,Smart Phones,Apple iPhone 17 Pro Max,2048.0,12.0,,eSIM,Silver
btech,https://btech.com/en/p/2a265e43-77fa-460b-b169-ce2706660f24,9/6/9/5/9695228b8e7579fc6af0ab1d8c9b38cb78d549b2_iPhone_17_Pro_Max_Cosmic_Orange_PDP_Image_Position_1__en_ME.jpg,Apple,2a265e43-77fa-460b-b169-ce2706660f24,b55c6c1e-f7ee-4adc-aa51-e92f5a964ed6,189999.0,189999.0,True,False,False, Salem Group ,Smart Phones,Apple iPhone 17 Pro Max,2048.0,12.0,,eSIM,Cosmic Orange
btech,https://btech.com/en/p/fe69414b-34fb-4866-a895-c24bc1e06ad4,d/d/f/1/ddf185f2814fb0aaf640e20a5ab5899890b6c75a_iPhone_17_Pro_Max_Deep_Blue_PDP_Image_Position_1__en_ME.jpg,Apple,fe69414b-34fb-4866-a895-c24bc1e06ad4,b55c6c1e-f7ee-4adc-aa51-e92f5a964ed6,189999.0,189999.0,True,False,False, Salem Group ,Smart Phones,Apple iPhone 17 Pro Max,2048.0,12.0,,eSIM,Deep Blue
btech,https://btech.com/en/p/2aed6e7b-defd-4622-acfd-f559dce720ff,7/e/d/c/7edcd053024d3812482509a40e392de1226e995b_1ac56e811ce82636318528391bca7d6b3d8e0fc8_243531816591.jpg,Oppo,2aed6e7b-defd-4622-acfd-f559dce720ff,b9e9832d-7807-4d71-8f29-864bdd457b26,33674.0,33674.0,True,False,False,B.TECH,Smart Phones,Oppo Reno 15,512.0,12.0,5G,Dual-SIM,Aurora White
btech,https://btech.com/en/p/0957d0d5-25b8-427d-b9e4-8ca2207d2345,0/5/7/2/0572d58e4c9cf641e2b5be423b5a0376310d8b24_Untitled_design.jpg,Oppo,0957d0d5-25b8-427d-b9e4-8ca2207d2345,a3c87621-9c52-48ac-95fe-ea5637839852,51000.0,51000.0,True,False,False,King phone ,Smart Phones,Oppo Reno 15 Pro,512.0,12.0,5G,Dual-SIM,Aurora Blue
btech,https://btech.com/en/p/realme-14-pro-plus-256gb-12gb-ram-5g-dual-sim-pearl-white,7/8/d/3/78d372d3a8e684ebf2a55e46e9acd4d69ea701bc_3a3eaefad1e7367c53a78fb9e16aa8c5f4f18b4b1962ea37a2bd8976b8ef9e92.jpeg,Realme,b2fd0ea7-d01b-4cff-a671-195333a82e07,382afd09-fe36-40d6-bfdd-c2af9ffa088e,28508.0,28508.0,True,False,False,Elhashim Store,Smart Phones,Realme 14 Pro Plus,256.0,12.0,5G,Dual-SIM,Pearl White
btech,https://btech.com/en/p/009b43e6-7486-4d46-a783-014a4e3acc22,2/9/e/0/29e0a3a151f84fb4daada5dd142f24c464cade53_9824edb022cd12cd19d16b5ba4d8fbc1f5ddcaa4b384697a93156aa8b8319f83.jpeg,Samsung,009b43e6-7486-4d46-a783-014a4e3acc22,26f753fb-18fb-4f93-8cea-6b3ca7c2f480,76772.0,76772.0,True,False,False,Elhashim Store,Smart Phones,Samsung Galaxy S25 Ultra,512.0,12.0,5G,Dual-SIM,Titanium Black
btech,https://btech.com/en/p/vivo-v25e-128gb-8gb-4g-gold,1/4/e/3/14e32b03fa9eab93a52462af47468acf8a46d089_1.jpeg,Vivo,62c1fe26-f9c2-431b-b8fc-24d10fac3d46,a99f7a6e-24b0-47e3-a543-86500ef21d6b,14586.0,14586.0,True,False,False,yalla-tager,Smart Phones,Vivo V25e,128.0,8.0,4G LTE,Dual-SIM,Sunrise Gold
btech,https://btech.com/en/p/e01ae236-c7de-4b19-a510-a6ae233e674a,1/0/f/5/10f5b6dea87962bf6270467fb3a1eff194301f2b_oppo_a16k_32gb_3gb_blue.jpg,Oppo,e01ae236-c7de-4b19-a510-a6ae233e674a,568eb855-752d-4edc-8fb4-8b70c66d9e1d,5125.0,5125.0,True,False,False,yalla-tager,Smart Phones,Oppo A16K,32.0,3.0,4G LTE,Dual-SIM,Blue
btech,https://btech.com/en/p/realme-note-60x-64gb-3gb-ram-4g-dual-sim-green-middle-east,7/a/6/f/7a6fe32c74b845e6ef56704551f71cd0826b2222_cc1793a7abe71f992bbdf2131bfa3fa4b1eeb39d7467a3d2c08a720e3c356d56.jpeg,Realme,1da415a5-08c2-4e22-92a4-1d4fa256610e,12bc81c1-692a-471a-870e-74a1f8df5ae7,6800.0,6800.0,True,False,False,yalla-tager,Smart Phones,Realme Note 60x,64.0,3.0,4G,Dual-SIM,Wilderness Green
btech,https://btech.com/en/p/cf1b4a6c-aab5-438b-a737-a98779cbd022,7/3/d/a/73dadcaed08486f9b5caad24ebdc385979ecc619_22.jpg,Honor,cf1b4a6c-aab5-438b-a737-a98779cbd022,789ff49b-ca44-4e29-bff7-b186eb41d837,22761.0,22761.0,True,False,False,yalla-tager,Smart Phones,Honor X8d,256.0,8.0,4G,Dual-SIM,Velvet Grey
btech,https://btech.com/en/p/b7c5789e-9b96-4f8e-a620-95d5c4cf4031,2/3/2/3/23237b2267156a50600dcd87e8683d240fb5cbbb____2026_01_03t105551.859.jpg,Infinix,b7c5789e-9b96-4f8e-a620-95d5c4cf4031,c6d08379-2599-440f-a5d9-1ca9a30f4c5f,9006.0,9006.0,True,False,False,Elhashim Store,Smart Phones,Infinix Hot 60i,256.0,8.0,4G,Dual-SIM,Meadow Green
btech,https://btech.com/en/p/3c5314e8-806a-45f9-bed9-b4fc05e06b32,9/2/c/f/92cfc5f9beb1fbcbdd994782dfb4d94577b70a45_Vivo_Y31d_4G.jpg,Vivo,3c5314e8-806a-45f9-bed9-b4fc05e06b32,d2b645f3-71c4-4a36-9127-c403cc442ae0,11960.0,11960.0,True,False,False,Aymen elsoudy,Smart Phones,Vivo Y31d,128.0,6.0,4G,Dual-SIM,Feather Gold
btech,https://btech.com/en/p/oppo-a5-256gb-8gb-ram-4g-dual-sim-aurora-green,3/a/7/3/3a73a7ac2cb106fc7f6dd1898117dc5e9b0e1c06_imgi_2_a79c17e26f6612643c561aa9038377f5b70283b89c6bc058ca3953066de1a4e9.jpg,Oppo,cdcf71b3-b26e-4fbc-ad00-1c00584f7e14,17344b24-e2ee-4d84-adf8-59765cb4849f,14666.0,14666.0,True,False,False,ISM Mobile Shop,Smart Phones,Oppo A5,256.0,8.0,4G LTE,Dual-SIM,Aurora Green
btech,https://btech.com/en/p/1726a844-f247-4b5c-a290-c53a125eb1f0,6/f/a/b/6fabad6e6a275d73d4224db64ccd2c339d10e42c_realme_15t_titnahim_1.jpg,Realme,1726a844-f247-4b5c-a290-c53a125eb1f0,8a500222-0bec-4206-be84-c1cf5e84d0a2,18987.0,18987.0,True,False,False,Elhashim Store,Smart Phones,Realme 15T,256.0,12.0,4G,Dual-SIM,Suit Titanium
btech,https://btech.com/en/p/64d6d329-64e5-46bc-9785-508521e47e7e,7/9/1/b/791b212f0a6b6068b0aa28c16db1d7e99aa653e0_Vivo_Y31d_4G.jpg,Vivo,64d6d329-64e5-46bc-9785-508521e47e7e,d2b645f3-71c4-4a36-9127-c403cc442ae0,12590.0,12590.0,True,False,False,Elhashim Store,Smart Phones,Vivo Y31d,128.0,8.0,4G,Dual-SIM,Feather Gold
btech,https://btech.com/en/p/19114d6d-f25d-4d08-885f-e2b600b23007,d/7/c/1/d7c1540bcbf0cffc859eafcdaac2febeee686517_vivo_v70_fe_silver.jpg,Vivo,19114d6d-f25d-4d08-885f-e2b600b23007,0e2b7499-6ea6-49a3-90a0-451e24c23d02,24700.0,24700.0,True,False,False,Aymen elsoudy,Smart Phones,Vivo V70 FE,256.0,12.0,5G,Dual-SIM,Titanium Silver
btech,https://btech.com/en/p/f6f25980-4af3-4ab2-9ac3-0c461a7e105d,d/d/a/2/dda278342b5a1bbc61814954c8b449890d914a00_imgi_9_blue_4_1.jpg,Honor,f6f25980-4af3-4ab2-9ac3-0c461a7e105d,789ff49b-ca44-4e29-bff7-b186eb41d837,17850.0,17850.0,True,False,False,B.TECH,Smart Phones,Honor X8d,512.0,8.0,4G,Dual-SIM,Light Blue
btech,https://btech.com/en/p/3019594a-e01d-41b1-8cb8-283de212c6c5,2/4/6/d/246dd48e9aa9a563c0e1fc580e3c149678a5edd0_imgi_222_209a8130_60db_41ac_8c85_5f8179b6eee0.jpg,Itel,3019594a-e01d-41b1-8cb8-283de212c6c5,323510c5-8d2a-4798-98d3-94c0cc030398,5330.0,5330.0,True,False,False,yalla-tager,Smart Phones,Itel A90,64.0,3.0,4G,Dual-SIM,Starlit Black
btech,https://btech.com/en/p/e9cfd561-1f8c-40ac-ac8a-c496e98e803f,6/7/1/3/671327a8e2b2d28d4f5b4e4f29c971f2952d8335_1.jpg,Itel,e9cfd561-1f8c-40ac-ac8a-c496e98e803f,ff7449b3-09d7-4541-aabb-6bafc07b4c92,5777.0,5777.0,True,False,False,ISM Mobile Shop,Smart Phones,Itel A100C,128.0,3.0,4G,Dual-SIM,Pure Black
btech,https://btech.com/en/p/vivo-v60-256gb-12gb-ram-5g-dual-sim-auspicious-gold,c/3/b/4/c3b40ee650fa58b84c764fec2f00b3426ac7fb90_imgi_2_27de381f2c4b02be727fafe355e46b453a9814e0eaab95b25254a79c628b28f5.jpg,Vivo,6d8719bd-c30e-47ed-823a-6566df8d6b53,69684af3-b0fb-44be-8ee1-171fbbc70293,25246.0,25246.0,True,False,False,B.TECH,Smart Phones,Vivo V60,256.0,12.0,5G,Dual-SIM,Auspicious Gold
btech,https://btech.com/en/p/e8a47486-9a42-46f9-9781-9586b0611afa,d/8/2/b/d82b033851f7633b721dc990c8ebb121c6d0c2e0_51ce83d7_cd27_48a2_8c88_cb9ece302d45.jpg,Infinix,e8a47486-9a42-46f9-9781-9586b0611afa,903d1096-9f0e-40ed-be1b-48b7325036ba,8919.0,8919.0,True,False,False,yalla-tager,Smart Phones,Infinix Hot 60,128.0,6.0,5G,Dual-SIM,Caramel Glow
btech,https://btech.com/en/p/vivo-y04-256gb-4gb-4g-dual-sim-gold,0/1/9/9/0199cbf11b864dd6410c6b0f70435c55dd4f7715_44fd1385b6b821e0d68433574ee5e86da9e6a54c7394060d5759bcf10d05bd9b.jpeg,Vivo,e8feff50-59c1-45aa-b7e5-aaf00262785e,c3303898-493c-40af-adfb-23704035e06c,8500.0,8500.0,True,False,False,888mobilestore,Smart Phones,Vivo Y04,256.0,4.0,4G LTE,Dual-SIM,Gold
btech,https://btech.com/en/p/realme-c75-128gb-8gb-4g-lte-dual-sim-black,2/4/d/9/24d9f8a473190964d5edc8e128d9cf1e92d73c5e_0a526ae77a1460cbe38023bafc4f1c137c4752340212f3bb032dc336def70f21.jpeg,Realme,d9c09b2b-a89e-40e8-a1f3-b0ac1dba17e9,1802d8e4-efc7-4d6c-9a0c-6253fe502e7e,11123.0,11123.0,True,False,False,yalla-tager,Smart Phones,Realme C75,128.0,8.0,4G LTE,Dual-SIM,Black
btech,https://btech.com/en/p/4a29dddb-ce71-42be-b8c5-300cd60cb142,d/b/e/d/dbed173495b5692f59b5dcafd766ea3664dbff82_xiaomi_redmi_note_15_4g_6gb_128gb_6_77_amoled_5800mah_purpura.jpg,Xiaomi,4a29dddb-ce71-42be-b8c5-300cd60cb142,23387a55-9c18-46bb-91be-91126d008991,11539.0,11539.0,True,False,False,Elhashim Store,Smart Phones,Xiaomi Redmi Note 15,128.0,6.0,4G,Dual-SIM,Purple
btech,https://btech.com/en/p/211fdf46-0b96-4d3b-8b3e-af8ec1f2f3c0,7/a/2/c/7a2c5046821011c94150ec92b11744205398ee2e_ma102_1_1_1_exs3q0anebdtb4it.jpg,Apple,211fdf46-0b96-4d3b-8b3e-af8ec1f2f3c0,aded1c0e-0d78-4f91-8b0b-083f61fba3af,80099.0,80099.0,True,False,False,2B For Information Technology Systems,Smart Phones,Apple iPhone 16 Plus,256.0,8.0,5G,Single SIM,White
btech,https://btech.com/en/p/1930916a-eb76-4851-a7d6-8118e30a81d8,5/5/d/9/55d92fe7f99f4331d7b2edaed17c9a4b57cd6daf_honor_x5c_plus_ocean_cyan.jpg,Honor,1930916a-eb76-4851-a7d6-8118e30a81d8,e03f3279-5f2a-461a-b8d5-0f4f272392f9,7800.0,7800.0,True,False,False,Aymen elsoudy,Smart Phones,Honor X5C Plus,128.0,4.0,,,Ocean Cyan
btech,https://btech.com/en/p/realme-note-60x-64gb-3gb-ram-4g-dual-sim-black-middle-east,8/f/0/5/8f05ac8981fb00cefd5b26ccef1a54b332cd1992_9ad573ee23850a98462c526c24951a1b6fe1a0abfdb66abd2bc48c314ef3598f.jpeg,Realme,4c00eb30-b4e0-48a2-9ca3-b3c7e60aa19c,d175b59b-f4b2-46a5-9e70-7b096d51b485,7293.0,7293.0,True,False,False,Elhashim Store,Smart Phones,Realme Note 60x,64.0,3.0,4G LTE,Dual-SIM,Marble Black
btech,https://btech.com/en/p/29220253-5fac-4df7-9f56-8a0ec7965438,d/8/f/9/d8f9edfcea6a603f45deabbfdea66c2ef721ca25_Martin_Identity_Pictures_Reddish_Brown________HQ_PNG_RGB_20250721_1_.jpg,Honor,29220253-5fac-4df7-9f56-8a0ec7965438,2d811852-0d37-42a5-8d92-b7a591dd871c,23111.0,23111.0,True,False,False,ISM Mobile Shop,Smart Phones,Honor X9d,256.0,12.0,5G,Dual-SIM,Reddish Brown
btech,https://btech.com/en/p/664d17ed-64a5-43c2-a744-edfeee3971d0,e/f/d/5/efd5b32e004599e4680a7d4c37fdc63e0fc17d4f_Martin_Identity_Pictures_Forest_Green________HQ_PNG_RGB_20250721_1_.jpg,Honor,664d17ed-64a5-43c2-a744-edfeee3971d0,2d811852-0d37-42a5-8d92-b7a591dd871c,23111.0,23111.0,True,False,False,ISM Mobile Shop,Smart Phones,Honor X9d,256.0,12.0,5G,Dual-SIM,Forest Green
btech,https://btech.com/en/p/2e3dc458-b66e-4030-803c-549077e4f28d,c/4/5/4/c4547d9bbb8bc3c6e842bae670631db39dc36b8a_Martin_Identity_Pictures_Sunrise_Gold________HQ_PNG_RGB_20250721_1_.jpg,Honor,2e3dc458-b66e-4030-803c-549077e4f28d,2d811852-0d37-42a5-8d92-b7a591dd871c,23222.0,23222.0,True,False,False,Ehab Group,Smart Phones,Honor X9d,256.0,12.0,5G,Dual-SIM,Sunrise Gold
btech,https://btech.com/en/p/5501e703-137f-468c-9c2e-b0d1255b5ec5,8/e/f/f/8effef3f32a8f9e838367631c373102dad0ac341_imgi_42_Realme_15_pro_5g_velvet_green_12gb_256gb_Front_Back_View.jpg,Realme,5501e703-137f-468c-9c2e-b0d1255b5ec5,92a78738-8157-4145-9a4f-15b583c0fc51,26670.0,26670.0,True,False,False,Elhashim Store,Smart Phones,Realme 15 Pro,256.0,12.0,5G,Dual-SIM,Velvet Green
btech,https://btech.com/en/p/683c273d-0f0d-412e-8e8c-acc7664de78f,8/7/7/f/877f2cefc7c4b9519269b9f9be4c88f2fd565e12_gray2.jpg,Tecno,683c273d-0f0d-412e-8e8c-acc7664de78f,d5096c16-a126-4690-b56d-576c20f335a7,6111.0,6111.0,True,False,False,Aymen elsoudy,Smart Phones,Tecno Spark Go 3,64.0,4.0,4G,Dual-SIM,Titanium Grey
btech,https://btech.com/en/p/417689b7-a42e-4aa0-bdc5-2b41e762f887,9/c/1/3/9c13c651387a965fba8272e0ed7776267ce2b5ac_black.jpg,Tecno,417689b7-a42e-4aa0-bdc5-2b41e762f887,d5096c16-a126-4690-b56d-576c20f335a7,6599.0,6599.0,True,False,False,ISM Mobile Shop,Smart Phones,Tecno Spark Go 3,128.0,4.0,4G,Dual-SIM,Ink Black
btech,https://btech.com/en/p/38a6e8dd-7bef-4f24-a5fd-1f7052f96f11,3/9/c/1/39c1504bd6f44c6ef34b6ff355557e3a2c85d508_20240705_140126_removebg_preview_16_10_removebg_preview.png,Itel,38a6e8dd-7bef-4f24-a5fd-1f7052f96f11,04def4a2-fdc1-4699-a0fe-d654f327a63a,5162.0,5162.0,True,False,False,yalla-tager,Smart Phones,Itel A50C,64.0,2.0,4G LTE,Dual-SIM,Dawn Blue
btech,https://btech.com/en/p/c1f42e52-6329-4cba-bb1c-35dc1dc10dc5,b/5/c/6/b5c666b8b63f110e4f7b1e2f7793605226349919_imgi_618_9e78facd_614e_4987_86b4_b6811e04c4cc.jpg,Nokia,c1f42e52-6329-4cba-bb1c-35dc1dc10dc5,ae896fe0-c449-49e9-85f9-3ce9fe9b4bd7,1127.0,1127.0,True,False,False,Jana_store,Feature Phones,Nokia 150,,,,Middle East Version 2023 Dual-SIM,
btech,https://btech.com/en/p/6e343a40-8c4a-4bdc-85e2-e5074e2c36e0,9/2/7/e/927e8026a96e276052ca9e5a9bc359dcc96074b5_n51044862a_1_gt170eotjduljuni.jpg,Hope,6e343a40-8c4a-4bdc-85e2-e5074e2c36e0,22e806f2-da6c-4300-883f-2471eed4bca3,588.0,588.0,True,False,False,Jana_store,Feature Phones,Hope Bm10,,,,,
btech,https://btech.com/en/p/cf63ab61-7e52-46ee-971f-e181ec118f37,c/2/3/c/c23ce6a186edf98c283710ddbbe80986173009d4_imgi_8_1000285Hope_K19_4_SIM_Mobile_Phone_Not_Only_3_in_1_22000mAh_with_LED_Light__Black794340.jpg,Hope,cf63ab61-7e52-46ee-971f-e181ec118f37,21a2a67d-7996-4e22-b7a6-72e4629ce8dd,1323.0,1323.0,True,False,False,Jana_store,Feature Phones,Hope K19,,,,Middle East Version More than Two SIM,
btech,https://btech.com/en/p/bf11fb2e-8407-428e-923b-8a2bd4c55249,5/0/5/6/5056aaa6d137eb089c47212d3724676fa063e0c8_vivo_y73_128gb_8gb_dia_flare_1.jpg,Vivo,bf11fb2e-8407-428e-923b-8a2bd4c55249,b86e774c-231a-403a-9478-1774a6385d3a,9702.0,9702.0,True,False,False,yalla-tager,Smart Phones,Vivo Y73,128.0,8.0,4G LTE,Dual-SIM,Diamond Flare
btech,https://btech.com/en/p/68f61646-a2f5-4b4e-be25-da9a554ad086,e/c/5/5/ec55ea8f31788a58fe4de248dcce82c30aa7c1a2_CM5_GS_removebg_preview.jpg,Tecno,68f61646-a2f5-4b4e-be25-da9a554ad086,82cdf108-e03e-4805-be84-2ea1b73246af,12193.0,12193.0,True,False,False,Aymen elsoudy,Smart Phones,Tecno Camon 40,256.0,8.0,4G,Dual-SIM,Emerald Glow Green
btech,https://btech.com/en/p/2595190d-3f20-4d3a-aab3-d500c7456e3e,0/c/9/f/0c9f835a53b786af58739ab00b2d2b7c000b5c66_nokia_5310_16mb_8mb_bk_rd.jpg,Nokia,2595190d-3f20-4d3a-aab3-d500c7456e3e,7cc01494-123e-4698-af21-a4fcec2281ed,882.0,882.0,True,False,False,Jana_store,Feature Phones,Nokia 5310,,,,,
btech,https://btech.com/en/p/itel-it2160-dual-sim-2g-dark-blue,1/7/6/b/176ba302047818f968493e55a7f520f1329831bf_itel_it2160_dual_sim_2g_dark_blue_1.jpeg,Itel,230c1e48-a690-4b31-922d-e027d7878009,61514806-97ed-40b6-a36e-d15c9218dffb,725.0,725.0,True,False,False,Mobiii Market,Feature Phones,Itel it2160 Dual-SIM,,,,,
btech,https://btech.com/en/p/a06670b3-b6af-4f05-af60-47edd7930cdc,4/2/9/e/429e7f40403ec99551853650577e12aabad21f02_nokia_110_blue.2.jpg,Nokia,a06670b3-b6af-4f05-af60-47edd7930cdc,e4653ce8-9b6d-43e7-a58c-aaf7fce97b02,865.0,865.0,True,False,False,Jana_store,Feature Phones,Nokia 110,,,,,
btech,https://btech.com/en/p/c8b3b85e-4961-4737-9f24-2cc3f4d90e00,1/9/e/9/19e9a4bd4e055ad1319bdfd863ec7f5f62494558_nokia_110_bk.jpg,Nokia,c8b3b85e-4961-4737-9f24-2cc3f4d90e00,e4653ce8-9b6d-43e7-a58c-aaf7fce97b02,852.0,852.0,True,False,False,Jana_store,Feature Phones,Nokia 110,,,,,
btech,https://btech.com/en/p/8fb6001b-06a6-4918-adbf-ffdaa3481378,d/5/9/7/d5971a9be85d63f1bebf94c5ac664cca410f12ff_imgi_20_S26_ultra_white_4_rfas_ff.jpg,Samsung,8fb6001b-06a6-4918-adbf-ffdaa3481378,30646fc8-23ba-46f9-b762-b09ea2af3a5a,80660.0,80660.0,True,False,False,B.TECH,Smart Phones,Samsung Galaxy S26 Ultra,512.0,12.0,5G,Dual-SIM,White
btech,https://btech.com/en/p/9caec8d4-9688-4727-80f9-509a3ba9b010,d/e/6/3/de631afb263e4b5e265f77199d36da2a9a61f852_iPhone_16_White_PDP_Image_Position_1__en_ME.jpg,Apple,9caec8d4-9688-4727-80f9-509a3ba9b010,dd946752-d0dd-4a45-84a0-739407a4ea7d,62000.0,62000.0,True,False,False,vxstore,Smart Phones,Apple iPhone 16,128.0,6.0,5G,Single SIM,White
btech,https://btech.com/en/p/3b02d66f-b7d1-4328-8906-1b7144142d3f,f/3/0/3/f303d92f4336eb02039adae6fd05ef8a79c7ff1b_imgi_140_s_l1600.jpg,Realme,3b02d66f-b7d1-4328-8906-1b7144142d3f,814e3099-f8d8-456c-ac91-91a9e841ced1,20149.0,20149.0,True,False,False,Elhashim Store,Smart Phones,Realme 15,256.0,12.0,5G,Dual-SIM,Flowing Silver
btech,https://btech.com/en/p/apple-iphone-17-air-256gb-8gb-ram-5g-space-black,2/3/0/b/230bc5ea5de2088be6190556225a7303f3c383fa_iPhone_Air_Space_Black_PDP_Image_Position_1__en_ME.jpg,Apple,758ee2eb-9487-44a6-8370-782e5d0c5921,3cde8f71-ee53-4500-9fe8-7bc7e72bc28d,112859.0,112859.0,True,False,False, Salem Group ,Smart Phones,Apple iPhone Air,256.0,8.0,5G,Dual-SIM,Space Black
btech,https://btech.com/en/p/6e5f0620-ecce-4d2d-a174-03dcaaba54c5,5/a/4/9/5a49a1f789da2ee42678fbe81aa51608cfbad8c1_61Bta7AEezL._AC_SL1500_.jpg,Apple,6e5f0620-ecce-4d2d-a174-03dcaaba54c5,d764b55c-22e5-49c9-9120-f39d74c39ecf,55999.0,55999.0,True,False,False,Ehab Group,Smart Phones,Apple iPhone 17e,256.0,8.0,5G,Dual-SIM,White
btech,https://btech.com/en/p/953239a7-6b34-45d9-bea5-1cac998cf794,d/a/d/a/dada12d504aab572ea4de1b3957131f6cced9f92_2lz4cgjlrewrjfsbnrtqc40ufw6owg667173.jpg,Motorola,953239a7-6b34-45d9-bea5-1cac998cf794,d5a369e2-cd4f-4a6e-ba13-3304851293d2,44780.0,44780.0,True,False,False,yalla-tager,Smart Phones,Motorola Edge 60 Pro,512.0,12.0,5G,Dual-SIM,Sparkling Grape
btech,https://btech.com/en/p/apple-iphone-15-128gb-6gb-single-sim-5g-pink-9,8/4/f/f/84ffe94ffead93358096140ad39fd0d612fc7885_iPhone_15_Pink_PDP_Image_Position_1__en_ME.jpg,Apple,bc22f745-d125-46e6-9300-522d6f5f4f50,32b26f1c-3ff2-4020-a88a-920f7cc5041b,98548.0,98548.0,True,False,False, Salem Group ,Smart Phones,Apple iPhone 15,128.0,6.0,5G,Single SIM,Pink
btech,https://btech.com/en/p/apple-iphone-17-pro-1tb-12gb-ram-5g-silver,4/7/9/f/479f702f63887cb31c7e0fbd68487f2221140112_iPhone_17_Pro_Silver_PDP_Image_Position_1__en_ME.jpg,Apple,c25030eb-2b77-495b-97bc-86c009762624,51afb35d-1c65-4fa7-88f3-8fcc5e549608,118732.0,118732.0,True,False,False,Radio. Talaat ,Smart Phones,Apple iPhone 17 Pro,1024.0,12.0,5G,Dual-SIM,Silver
btech,https://btech.com/en/p/nokia-5310-dual-sim-gsm-white-red,5/5/7/4/55746cf6665ba0d5c2682d7c096cc7d4a5d7ce9f_1_1_p9yoft6orfray84j.jpg,Nokia,accc2b8a-d891-4dc2-af26-f21306ce13fa,27bc15f6-0380-441a-89e5-c494dfe61157,999.0,999.0,True,False,False,Mobiii Market,Feature Phones,Nokia 5310 Dual-SIM,,,,,
btech,https://btech.com/en/p/fbfcab60-150e-4695-992d-46899c6bb23c,6/0/6/7/6067a93d1af36c0b28a34e6e4b904cae7a816f45_imgi_242_c8e326c7_5768_4e1f_938e_489c5ec3eaa7.jpg,Itel,fbfcab60-150e-4695-992d-46899c6bb23c,407a0dde-eab1-4f09-860d-9dae0332904e,666.0,666.0,True,False,False,Mobiii Market,Feature Phones,Itel it2165 Dual-SIM,,,,,
btech,https://btech.com/en/p/a10c32e0-ab59-4ac6-9426-aaa6ff52f7cf,6/9/f/9/69f925172e3366a1f14ebc054d0a645f3e18e35b_Honor_600_5G_Golden_White_1.jpg,Honor,a10c32e0-ab59-4ac6-9426-aaa6ff52f7cf,609ecdae-2293-46e2-9c0d-14296e9cc483,28130.0,28130.0,True,False,False,drmobile,Smart Phones,Honor 600,256.0,8.0,5G,Dual-SIM,Light Gold
btech,https://btech.com/en/p/ae3222fc-9de5-45e0-9bb0-20c0a42dc831,7/0/f/5/70f5ce7d8d396d7c2687241bcbbd47238dbe9cc8_55478bcb_a7e3_42e7_8a9c_7534aa81eda1.jpg,Infinix,ae3222fc-9de5-45e0-9bb0-20c0a42dc831,b202b8ee-2bb2-4303-b20e-593bccfc0fc5,6888.0,6888.0,True,False,False,ISM Mobile Shop,Smart Phones,Infinix Smart 10,128.0,4.0,4G LTE,Dual-SIM,Twilight Gold
btech,https://btech.com/en/p/c31406cc-bfa5-452d-8702-d792412ebb14,8/b/8/1/8b818bdf22081b52286b1c17f936b3d648f91f35_Honor_600_5G_black_2.jpg,Honor,c31406cc-bfa5-452d-8702-d792412ebb14,609ecdae-2293-46e2-9c0d-14296e9cc483,30510.0,30510.0,True,False,False,Aymen elsoudy,Smart Phones,Honor 600,256.0,12.0,5G,Dual-SIM,Black
btech,https://btech.com/en/p/7b9c1900-94ab-4d9b-ab5c-01f8a0b2862e,0/c/9/7/0c978f674ec3f3feb20ff82b4b659a76bca62c3e_Honor_600_5G_Orange_3.jpg,Honor,7b9c1900-94ab-4d9b-ab5c-01f8a0b2862e,609ecdae-2293-46e2-9c0d-14296e9cc483,30222.0,30222.0,True,False,False,ISM Mobile Shop,Smart Phones,Honor 600,256.0,12.0,5G,Dual-SIM,Orange
btech,https://btech.com/en/p/samsung-galaxy-a36-128gb-8gb-ram-4g-dual-sim-awesome-black,6/9/3/f/693ffbedd87f44cc0adc7c02da0612690a2bd661_c87b8da87fcd4eafc983b424a94bd64afae5b095cfe02396293e24be788e33ca.jpeg,Samsung,d24e1131-f9e9-4b72-a27f-3abd36a7eb39,7022855d-f55d-4a1d-a9f8-98cb035676e8,17844.0,17844.0,True,False,False,Elhashim Store,Smart Phones,Samsung Galaxy A36,128.0,8.0,4G,Dual-SIM,Awesome Black
btech,https://btech.com/en/p/334f2a80-b21d-4396-8a64-92073fc87bfa,6/1/c/4/61c4046523ca34efecc2413edb3a3bd4034e7ef7_42b10752b5083d5e.png.jpg,Realme,334f2a80-b21d-4396-8a64-92073fc87bfa,19860b0f-9664-4ab8-9ae3-98d6dd6badd9,27550.0,27550.0,True,False,False,drmobile,Smart Phones,Realme 16 Pro,256.0,12.0,5G,Dual-SIM,Pebble Grey
btech,https://btech.com/en/p/f9e38864-957a-42ef-b283-2ebbc0dc63bd,e/a/5/8/ea581040b7a7a9f5c61c28842510a68f05da5f8d_redmia_a7_pro___orange.jpg,Xiaomi,f9e38864-957a-42ef-b283-2ebbc0dc63bd,d6390345-7c02-4464-821f-1457c467b782,7576.0,7576.0,True,False,False,yalla-tager,Smart Phones,Xiaomi Redmi A7 Pro,128.0,4.0,4G,Dual-SIM,Sunset Orange
btech,https://btech.com/en/p/83aee8d9-deb8-473d-bd20-460457dde66f,5/a/6/5/5a654167fbd5703f360e975580695c34095dc1c2_samsunge_a37_gray_1.jpg,Samsung,83aee8d9-deb8-473d-bd20-460457dde66f,1deb4c5f-600c-41f6-adb4-0f3d3c6ef09b,24853.0,24853.0,True,False,False,yalla-tager,Smart Phones,Samsung Galaxy A37,256.0,12.0,5G,Dual-SIM,Awesome Charcoal
btech,https://btech.com/en/p/2af089e6-1972-44db-bd5d-bfd9a14f816a,6/5/4/e/654ee2bc2ec364c26e8c1b191d8e7c1010253245_Honor_600_Pro_Orange_600x600.jpg,Honor,2af089e6-1972-44db-bd5d-bfd9a14f816a,2d91e361-c899-49f2-bf8c-abdf02c51586,51999.0,51999.0,True,False,False,Ehab Group,Smart Phones,Honor 600 Pro,512.0,12.0,5G,Dual-SIM,Orange
btech,https://btech.com/en/p/a93a4a2f-8409-4a04-9eca-23158a3e9c3b,e/6/b/a/e6ba2f4c0a864e40298e9f35defebc2f515b05bf_xiaomi_redmi_note_14_pro_blue_1.jpg,Xiaomi,a93a4a2f-8409-4a04-9eca-23158a3e9c3b,7512c894-856c-4d22-bf11-efc269b9c51c,18852.0,18852.0,True,False,False,Aymen elsoudy,Smart Phones,Xiaomi Redmi Note 14 Pro,512.0,12.0,4G LTE,Dual-SIM,Ocean Blue
btech,https://btech.com/en/p/e132ed10-a03a-4c1a-9d2a-6dfe09e5e4a0,d/0/4/3/d0430dc3893d056ca0c204e1a882f59333d2809e_xiaomi_redmi_note_15_4g_6gb_128gb_6_77_amoled_5800mah_purpura.jpg,Xiaomi,e132ed10-a03a-4c1a-9d2a-6dfe09e5e4a0,23387a55-9c18-46bb-91be-91126d008991,13039.0,13039.0,True,False,False,Elhashim Store,Smart Phones,Xiaomi Redmi Note 15,256.0,8.0,4G,Dual-SIM,Purple
btech,https://btech.com/en/p/0729e77c-7aca-41bf-aed1-841bf810ab3a,9/3/2/b/932b471c3edf56c1bdba975f61edabd3e0b9a0a4_eg_galaxy_a37_5g_sm_a376_sm_a376bdgpmea_552260812.jpg,Samsung,0729e77c-7aca-41bf-aed1-841bf810ab3a,1deb4c5f-600c-41f6-adb4-0f3d3c6ef09b,25575.0,25575.0,True,False,False,yalla-tager,Smart Phones,Samsung Galaxy A37,256.0,12.0,5G,Dual-SIM,Awesome Green Grey
btech,https://btech.com/en/p/100ae4ac-61e6-4a7c-a307-45e0bbf01855,8/e/d/3/8ed343b6ea936be625938e9cba4b03c4af507e04_2233.jpg,Honor,100ae4ac-61e6-4a7c-a307-45e0bbf01855,789ff49b-ca44-4e29-bff7-b186eb41d837,17025.0,17025.0,True,False,False,yalla-tager,Smart Phones,Honor X8d,512.0,8.0,4G,Dual-SIM,Velvet Black
btech,https://btech.com/en/p/ec07de95-2e11-4309-a271-cfa43809e178,9/3/8/0/938062835dd677f10c7396c143b1c2981b00f5a2_659539_main.jpg,Infinix,ec07de95-2e11-4309-a271-cfa43809e178,843ac8c1-150e-46a9-911e-0e9318340ea1,15645.0,15645.0,True,False,False,drmobile,Smart Phones,Infinix Note 50s,256.0,8.0,5G,Dual-SIM,Ruby Red
btech,https://btech.com/en/p/infinix-smart-10-128gb-4gb-ram-4g-dual-sim-titanium-silver,6/b/4/3/6b43f3390e586b4b35f0b67a391ca3adf4fe6d90_imgi_2_1c623f8dce1713acb5d8b3dfb6dbff2096b1fcaf04278c194035cd40ec4461b1.jpg,Infinix,1d88b022-2c36-4df0-ae6f-1da2d88b5d74,b202b8ee-2bb2-4303-b20e-593bccfc0fc5,6888.0,6888.0,True,False,False,ISM Mobile Shop,Smart Phones,Infinix Smart 10,128.0,4.0,4G LTE,Dual-SIM,Titanium Silver
btech,https://btech.com/en/p/67e749f8-bcfb-4a93-8542-1e12d560e219,6/4/9/8/64986b741ecd18a77329a5977b359a75ddbe9bac_xiaomi_redmi_15_purpal.jpg,Xiaomi,67e749f8-bcfb-4a93-8542-1e12d560e219,3fad7d5e-30f9-4a56-be7d-a12eb495a366,11311.0,11311.0,True,False,False,yalla-tager,Smart Phones,Xiaomi Redmi 15,256.0,8.0,,,Purple
btech,https://btech.com/en/p/8a4f27b8-07dd-48d1-b305-f3272525716f,b/e/3/6/be36ecfe1cfc332eeacdd10b17b8a75abad3b097_imgi_146_4e386a75_fbcb_41dc_bda1_768e83c3daff.jpg,Infinix,8a4f27b8-07dd-48d1-b305-f3272525716f,7d7be6fa-f414-4ca3-9095-742ed7d94749,10010.0,10010.0,True,False,False,B.TECH,Smart Phones,Infinix Hot 60 Pro,256.0,8.0,4G LTE,Dual-SIM,Coral Tides
btech,https://btech.com/en/p/815de0d9-ce3b-42ab-9434-cd8a2d389318,a/d/8/3/ad839289fb59bbc5a789e160248f760b04c528cb_0b25c802_ad04_4332_a505_7b2d16e4176b.jpg,Infinix,815de0d9-ce3b-42ab-9434-cd8a2d389318,c6d08379-2599-440f-a5d9-1ca9a30f4c5f,7840.0,7840.0,True,False,False,First mobile,Smart Phones,Infinix Hot 60i,128.0,6.0,4G,Dual-SIM,Shadow Blue
btech,https://btech.com/en/p/2b5ea937-14fc-43e1-bea4-caf2a7f1cd98,c/2/6/d/c26d4d11ff613c4e3a83a47f6e5049d9ebb2821f_c737dbefa001d6e0b179e5d94e89ee551106fe5f_imgi_176_HOT_60_PRO_PLUS_BLACK__1__copy.jpg,Infinix,2b5ea937-14fc-43e1-bea4-caf2a7f1cd98,7b773172-a2f4-457d-84d1-8cc57fa0481f,12610.0,12610.0,True,False,False,Ehab Group,Smart Phones,Infinix Hot 60 Pro Plus,256.0,8.0,4G,Dual-SIM,Sleek Black
btech,https://btech.com/en/p/6484ef42-b04d-491c-b2d1-3e7760555460,2/6/6/e/266ebf9b75a5977809a1991714b84c9465e8923a_1__1_.jpg,Infinix,6484ef42-b04d-491c-b2d1-3e7760555460,7d7be6fa-f414-4ca3-9095-742ed7d94749,11499.0,11499.0,True,False,False,drmobile,Smart Phones,Infinix Hot 60 Pro,256.0,8.0,4G LTE,Dual-SIM,Titanium Silver
btech,https://btech.com/en/p/d458c7db-2819-4011-9460-844341efbadf,1/f/0/1/1f0126409457102f3a0cd6fa90ff7528871586ec_black.jpg,Infinix,d458c7db-2819-4011-9460-844341efbadf,d95eebda-eff6-4d98-b0a8-f5206269ae97,19250.0,19250.0,True,False,False,Ehab Group,Smart Phones,Infinix Note 60,256.0,8.0,5G,Dual-SIM,Midnight Black
btech,https://btech.com/en/p/958dfc51-02a5-455c-ae91-06b417face41,2/6/8/c/268c918b4110b2a31525b3210b228355a5b020bf_rose.jpg,Infinix,958dfc51-02a5-455c-ae91-06b417face41,d95eebda-eff6-4d98-b0a8-f5206269ae97,19130.0,19130.0,True,False,False,Ehab Group,Smart Phones,Infinix Note 60,256.0,8.0,5G,Dual-SIM,Rose Gold
btech,https://btech.com/en/p/b54c804e-5508-493b-bf00-1d7967db23a2,0/2/8/e/028ec77fdf96ccbd917118f75e6e26854b51af5a_4d5c01104c84c301cdf826e6cfdbcb15_removebg_preview.jpg,Vivo,b54c804e-5508-493b-bf00-1d7967db23a2,14cf6136-5044-457a-9b2f-c85fe3f36cc8,19186.0,19186.0,True,False,False,B.TECH,Smart Phones,Vivo V60 Lite,256.0,12.0,5G,Dual-SIM,Black
btech,https://btech.com/en/p/vivo-y04-128gb-4gb-ram-4g-lte-dual-sim-titanium-gold,6/2/a/f/62af4c409734f6cab4e6dcbf745b129e91bacb90_df4f8f08d313e58c8701668bda727b4b96c1774fe8624494c86c4b84e45ad670.jpeg,Vivo,e3ef0f3d-8e14-4adb-8d4a-e59768380667,c3303898-493c-40af-adfb-23704035e06c,7950.0,7950.0,True,False,False,888mobilestore,Smart Phones,Vivo Y04,128.0,4.0,4G LTE,Dual-SIM,Gold
btech,https://btech.com/en/p/xiaomi-note-14-128gb-8gb-4g-dual-sim-ice-blue-local-version,a/7/9/e/a79ead6aeb21b8d827188a7178713b84d8da04c4_52334ab7cd80de91ab81ba8fb69650c260cbeb39c4f00d200ec8a2bf8b59a056.jpg,Xiaomi,8b2f68f9-cbe6-4d0e-a7e1-9c3c8cc8b234,7b4549ac-0e2b-46f3-8436-0c9457c9b40e,8833.0,8833.0,True,False,False,B.TECH,Smart Phones,Xiaomi Note 14,128.0,8.0,4G,Dual-SIM,Ice Blue
btech,https://btech.com/en/p/d558df35-b1fa-4a57-8716-facc18984a54,7/3/8/a/738ae276a34d3ebc86a84866f8335288cef4ebb3_Vivo_V60_Lite_Dual_Sim_256GB_8GB_Ram_5G__6318_1.jpg,Vivo,d558df35-b1fa-4a57-8716-facc18984a54,a696f229-eb64-414a-b656-8d59ef50133f,16156.0,16156.0,True,False,False,B.TECH,Smart Phones,Vivo V60 Lite,256.0,8.0,4G,Dual-SIM,Blue
btech,https://btech.com/en/p/vivo-y04-128gb-4gb-4g-dual-sim-dark-green,3/6/e/9/36e93081885f4620c2e5e1e9dd3e650ac0dde326_b17dbdd6f5aec33e9475524d5dab1cd970ee78c4c75051b86b1ec99bf961c6b8.jpeg,Vivo,f7695213-de6f-454a-b1f5-5edda4cb2e6f,c3303898-493c-40af-adfb-23704035e06c,8799.0,8799.0,True,False,False,Elhashim Store,Smart Phones,Vivo Y04,128.0,4.0,4G LTE,Dual-SIM,Green
btech,https://btech.com/en/p/samsung-galaxy-a56-256gb-8gb-ram-5g-dual-sim-olive,f/1/6/e/f16e8203ddd0e306ea8b9fd01dd30b2c4923ba8e_cfa5388c235cd64a282d7b0bbc91799533409f284d15dd9341837db4627d4fbc.jpg,Samsung,9db0a38f-ffa8-49a8-85a3-777032e2fe43,f0d6ef3c-8e89-40a3-a374-8aad74a2e0c3,25190.0,25190.0,True,False,False,Elhashim Store,Smart Phones,Samsung Galaxy A56,256.0,8.0,5G,Dual-SIM,Awesome Olive
btech,https://btech.com/en/p/1b1d4b74-855f-436a-96c1-221568a53de5,1/8/9/5/189527959c85d6101dcaccaf429eb521863417d2_realme_15t_titnahim_1.jpg,Realme,1b1d4b74-855f-436a-96c1-221568a53de5,8a500222-0bec-4206-be84-c1cf5e84d0a2,16657.0,16657.0,True,False,False,Elhashim Store,Smart Phones,Realme 15T,256.0,8.0,4G,Dual-SIM,Suit Titanium
btech,https://btech.com/en/p/e48440ad-5367-4b0a-bb9a-798d71dd7ccd,1/c/9/d/1c9d0b928112843c6681eae8a008e25bce3d0102_imgi_218_d2c5e8a7_ab94_401d_a130_8071ac4b1b6c.jpg,Realme,e48440ad-5367-4b0a-bb9a-798d71dd7ccd,814e3099-f8d8-456c-ac91-91a9e841ced1,19852.0,19852.0,True,False,False,Elhashim Store,Smart Phones,Realme 15,256.0,12.0,5G,Dual-SIM,Titanium
btech,https://btech.com/en/p/90a5660a-b2c0-469c-9ddc-62960c8e3459,d/b/2/1/db2140992757bd97da61ada6c32e8a4404c60f7e_vivo_v70_fe_silver.jpg,Vivo,90a5660a-b2c0-469c-9ddc-62960c8e3459,0e2b7499-6ea6-49a3-90a0-451e24c23d02,22780.0,22780.0,True,False,False,First mobile,Smart Phones,Vivo V70 FE,256.0,8.0,5G,Dual-SIM,Titanium Silver
btech,https://btech.com/en/p/oppo-a5i-64gb-4gb-4g-lte-dual-sim-starry-purple-cph2641,b/a/e/9/bae994a654ac15e2a6b5ad987ab0a61a3026ff46_oppo_a5i_dual_sim_mobile_128_gb_memory_4_gb_ra_5_dpuy5l8fdrgeqszf_copy.jpg,Oppo,6dd2dd17-8ee8-41e9-afb9-c3a74598295a,97688616-1e2e-4bdb-bf28-b9878fc6fa65,8358.0,8358.0,True,False,False,yalla-tager,Smart Phones,Oppo A5i,64.0,4.0,4G LTE,Dual-SIM,Purple
btech,https://btech.com/en/p/oppo-a5x-128gb-4gb-4g-lte-dual-sim-midnight-blue-cph2725,9/1/b/0/91b0dafd9ca9f6ca02c9eccd65831d5421ff3975_8d974a327a6215ff883f4cd46980e79aa4913a571b821f7bd26fed9d4dbc870a.jpg,Oppo,76ddf648-f7c9-4e4c-892b-72fa5a6780d7,8476a7b0-aebf-4c36-a549-087b1be2e67c,9896.0,9896.0,True,False,False,yalla-tager,Smart Phones,Oppo A5x,128.0,4.0,4G LTE,Dual-SIM,Blue
btech,https://btech.com/en/p/f7ac08a1-60a9-4836-b414-910eda85b8c2,b/7/9/e/b79ef89c026980fffb7999d9c4cff8fe344fb0d3_xiaomi_redmi_note_15_pro_5g_8gb_256gb_6_83_amoled_6500mah_azul_glaciar.jpg,Xiaomi,f7ac08a1-60a9-4836-b414-910eda85b8c2,f362db7c-141e-48e4-b121-ac3b35a0c5c2,30799.0,30799.0,True,False,False,2B For Information Technology Systems,Smart Phones,Xiaomi Redmi Note 15 Pro Plus,512.0,12.0,5G,Dual-SIM,Glacier Blue
btech,https://btech.com/en/p/12853fc3-69cf-4fc2-95a3-0c63fcc262e7,b/3/5/6/b35662f460aa6e6376d6f4def178e10b7cbeefa4_xiaomi_redmi_note_15_pro_5g_8gb_256gb_6_83_amoled_6500mah_azul_glaciar.jpg,Xiaomi,12853fc3-69cf-4fc2-95a3-0c63fcc262e7,f362db7c-141e-48e4-b121-ac3b35a0c5c2,27888.0,27888.0,True,False,False,Elhashim Store,Smart Phones,Xiaomi Redmi Note 15 Pro Plus,256.0,12.0,5G,Dual-SIM,Glacier Blue
btech,https://btech.com/en/p/honor-magic-v5-512gb-16gb-ram-5g-dual-sim-ivory-white,1/6/c/a/16cabc726bf8348422252e044927bf1be4591278_77784970229bf106781859e3e1fd35cc84bee45522f9c557731b1ffea10f6ebe.jpeg,Honor,773772b4-f6e0-40d4-8623-9ede49eeedfc,50207947-a123-4b5f-9a91-865ded48c6cd,94699.0,94699.0,True,False,False,2B For Information Technology Systems,Smart Phones,Honor Magic V5,512.0,16.0,5G,Dual-SIM,Ivory White
btech,https://btech.com/en/p/0674ed90-a125-4a10-889f-45469d3559cc,3/e/d/2/3ed2da1abe0a7b61764e2409e984392b73275802_20240705_140138_removebg_preview_14_30_removebg_preview.png,Itel,0674ed90-a125-4a10-889f-45469d3559cc,04def4a2-fdc1-4699-a0fe-d654f327a63a,5173.0,5173.0,True,False,False,yalla-tager,Smart Phones,Itel A50C,64.0,2.0,4G LTE,Dual-SIM,Sapphire Black
btech,https://btech.com/en/p/3cfee7f4-0d68-417b-af0f-a816828309cc,c/4/5/6/c4567d1a777db6450f1a8bd6fa44d9d49465b794_imgi_256_d06a1b90_2788_41cf_9b77_d95737a7e192.jpg,Itel,3cfee7f4-0d68-417b-af0f-a816828309cc,323510c5-8d2a-4798-98d3-94c0cc030398,6261.0,6261.0,True,False,False,yalla-tager,Smart Phones,Itel A90,128.0,3.0,4G,Dual-SIM,Space Titanium
btech,https://btech.com/en/p/infinix-smart-10-64gb-3gb-ram-4g-dual-sim-titanium-silver,e/5/2/1/e521d219e2d931dfc512ed38c2b494b1cbb3ad0a_imgi_2_1c623f8dce1713acb5d8b3dfb6dbff2096b1fcaf04278c194035cd40ec4461b1.jpg,Infinix,b322b120-c987-4dda-bcfa-881b7b4a4ac4,b202b8ee-2bb2-4303-b20e-593bccfc0fc5,6169.0,6169.0,True,False,False,Elhashim Store,Smart Phones,Infinix Smart 10,64.0,3.0,4G LTE,Dual-SIM,Titanium Silver
btech,https://btech.com/en/p/oppo-a5-256gb-8gb-ram-4g-dual-sim-mist-white,a/3/3/6/a33608759f92187efba3e70dcf6983352d547b29_imgi_2_f8b6bc518d37ee97c8ba311a8eaa9dc7d1a00c56e14117ff1e09b628a46d4e62.jpg,Oppo,95a82e16-b658-4ec1-9ace-1121448aa0b4,17344b24-e2ee-4d84-adf8-59765cb4849f,9990.0,9990.0,True,False,False,B.TECH,Smart Phones,Oppo A5,256.0,8.0,4G LTE,Dual-SIM,Mist White
btech,https://btech.com/en/p/6364aab0-3be5-442c-8369-6321c2a01f11,c/c/1/4/cc1473977e71a4a36bb660fb6bb85a535c0a073a_0b25c802_ad04_4332_a505_7b2d16e4176b.jpg,Infinix,6364aab0-3be5-442c-8369-6321c2a01f11,c6d08379-2599-440f-a5d9-1ca9a30f4c5f,8999.0,8999.0,True,False,False,ISM Mobile Shop,Smart Phones,Infinix Hot 60i,256.0,8.0,4G,Dual-SIM,Shadow Blue
btech,https://btech.com/en/p/b9560027-d2ba-4918-8348-200bb3b7b47b,6/c/c/6/6cc64247903fcb2f170be969fc93ef79cc3e6cca_Infinix_Note_Edge_Dual_Sim_256GB8GB_Ram5G_7351_1_990x990.jpg,Infinix,b9560027-d2ba-4918-8348-200bb3b7b47b,2203692e-60b4-443e-9178-fdf739a4eefe,15750.0,15750.0,True,False,False,drmobile,Smart Phones,Infinix Note Edge,256.0,8.0,5G,Dual-SIM,Stellar Blue
btech,https://btech.com/en/p/7f02a7df-26f6-44a7-8db6-fb9d7b501d6b,c/e/0/c/ce0c0ddd467a776b8ed573e803e9498ad8f59325_Silk_Green_1.jpg,Infinix,7f02a7df-26f6-44a7-8db6-fb9d7b501d6b,2203692e-60b4-443e-9178-fdf739a4eefe,15750.0,15750.0,True,False,False,drmobile,Smart Phones,Infinix Note Edge,256.0,8.0,5G,Dual-SIM,Silk Green
btech,https://btech.com/en/p/98dd37d3-7fd4-46ef-863c-5e209c7beccd,8/9/d/8/89d8222c4216f290cb486ffeb6220573979eea3f_bb578432_2d84_420b_8b11_7f838fe79b6c.jpg,Infinix,98dd37d3-7fd4-46ef-863c-5e209c7beccd,7b773172-a2f4-457d-84d1-8cc57fa0481f,12849.0,12849.0,True,False,False,Ehab Group,Smart Phones,Infinix Hot 60 Pro Plus,256.0,8.0,4G,Dual-SIM,Silver
btech,https://btech.com/en/p/ed717d25-b130-4d6d-89e1-e5cb08b8be79,c/c/e/c/ccecc27dd7511215ca430f1a80931b34e961dc05_mf246.jpg,Infinix,ed717d25-b130-4d6d-89e1-e5cb08b8be79,7d7be6fa-f414-4ca3-9095-742ed7d94749,11495.0,11495.0,True,False,False,drmobile,Smart Phones,Infinix Hot 60 Pro,256.0,8.0,4G LTE,Dual-SIM,Sapphire Blue
btech,https://btech.com/en/p/5077144e-c58d-495b-91f0-8ef411aaf686,2/1/e/b/21eb500349b5cfd5daa3945e3daddbc26b56ff4e_533f72c2_b693_4b89_bd2e_140850876572.jpg,Infinix,5077144e-c58d-495b-91f0-8ef411aaf686,7b773172-a2f4-457d-84d1-8cc57fa0481f,12888.0,12888.0,True,False,False,Ehab Group,Smart Phones,Infinix Hot 60 Pro Plus,256.0,8.0,4G,Dual-SIM,Coral Tides
btech,https://btech.com/en/p/9e1b2e34-8a41-45bb-a15b-ed9ba1fb07b9,8/8/5/c/885c5e00c92ff3394f962dbd2134ff027029b0c6_Screenshot_2026_01_15_120555.png,Honor,9e1b2e34-8a41-45bb-a15b-ed9ba1fb07b9,c946bce5-a99f-4fe2-aa1e-e463929f15a9,69975.0,69975.0,True,False,False,yalla-tager,Smart Phones,Honor Magic8 Pro,512.0,12.0,5G,Dual-SIM,Sky Cyan
btech,https://btech.com/en/p/182be06a-625a-4020-b360-4ee6f7278447,f/0/f/6/f0f6d36962a5b2c2823b16a8a297fcd27a6f442d_xiaomi_redmi_note_15_pro_5g_8gb_256gb_6_83_amoled_6500mah_negro.jpg,Xiaomi,182be06a-625a-4020-b360-4ee6f7278447,f362db7c-141e-48e4-b121-ac3b35a0c5c2,30799.0,30799.0,True,False,False,2B For Information Technology Systems,Smart Phones,Xiaomi Redmi Note 15 Pro Plus,512.0,12.0,5G,Dual-SIM,Black
btech,https://btech.com/en/p/e8dbf881-808f-4a01-aa3e-296b9cb9dbe6,7/f/6/4/7f645512d2cf2febcb2e2bfcf2d243612d4f95a2_e6b7fb8a_1645_48df_b0d9_3aaf4389d18f.jpg,Infinix,e8dbf881-808f-4a01-aa3e-296b9cb9dbe6,c6d08379-2599-440f-a5d9-1ca9a30f4c5f,9102.0,9102.0,True,False,False,Elhashim Store,Smart Phones,Infinix Hot 60i,128.0,6.0,4G,Dual-SIM,Neon Red
btech,https://btech.com/en/p/2e3cd2fb-b86e-475f-8097-008057deb03d,0/c/9/c/0c9c96dfe6fcd8cf72ab731d269518ad5db135b1_imgi_67_S26_Cobult_Vilot4.jpg,Samsung,2e3cd2fb-b86e-475f-8097-008057deb03d,f2eaf769-8153-4e04-8687-5dac96d263e5,59000.0,59000.0,True,False,False,B.TECH,Smart Phones,Samsung Galaxy S26 Plus,256.0,12.0,5G,Dual-SIM,Cobalt Violet
btech,https://btech.com/en/p/a854511d-1f2e-4b78-9ef0-48b8f8922e44,3/8/3/5/3835cd836f595b08957e0eca27df11a0b230558a_imgi_88_S26_Black4.jpg,Samsung,a854511d-1f2e-4b78-9ef0-48b8f8922e44,f2eaf769-8153-4e04-8687-5dac96d263e5,58764.0,58764.0,True,False,False,K&M The Future Makers,Smart Phones,Samsung Galaxy S26 Plus,256.0,12.0,5G,Dual-SIM,Black
btech,https://btech.com/en/p/5438d8e0-5052-4984-ba21-d59ce91a1e28,8/6/9/d/869ddecb6835fd7a3e0d4268feb21e7f228faa3a_imgi_67_S26_Cobult_Vilot4.jpg,Samsung,5438d8e0-5052-4984-ba21-d59ce91a1e28,aae6fdcb-bb27-4724-84a7-0c2cf10c5b22,49940.0,49940.0,True,False,False,K&M The Future Makers,Smart Phones,Samsung Galaxy S26,256.0,12.0,5G,Dual-SIM,Cobalt Violet
btech,https://btech.com/en/p/e37ad718-381b-4c73-9d88-02415bd29d03,1/b/9/3/1b932e0e01c23def9d9aa0352f50dfa16b0d9430_1__1_.jpg,Samsung,e37ad718-381b-4c73-9d88-02415bd29d03,b34b0a40-c379-498f-b653-947090136a05,46388.0,46388.0,True,False,False,K&M The Future Makers,Smart Phones,Samsung Galaxy S25 FE,512.0,8.0,5G,Dual-SIM,Jet Black
btech,https://btech.com/en/p/b26de24d-0254-4655-9f15-66c685095b2c,4/b/1/1/4b11f4311909c31cf9cfd8e50dc203b578f292a9_Tecno_Camon_40_Pro_Dual_Sim_256GB_12GB_RAM_5G__6595_1.jpg,Tecno,b26de24d-0254-4655-9f15-66c685095b2c,bb31e2ef-d2f7-4ab7-892c-bea253a3775b,18111.0,18111.0,True,False,False,ISM Mobile Shop,Smart Phones,Tecno Camon 40 Pro,256.0,12.0,,,Emerald Lake Green
btech,https://btech.com/en/p/fb6e5096-99c6-43fe-9c61-1ba8fec4dbe1,9/1/7/5/91750bd05449a5409e04659c4f39afde0cc8988c_Vivo_V60_Lite_Dual_Sim_256GB_8GB_Ram_5G__6318_1.jpg,Vivo,fb6e5096-99c6-43fe-9c61-1ba8fec4dbe1,14cf6136-5044-457a-9b2f-c85fe3f36cc8,19090.0,19090.0,True,False,False,B.TECH,Smart Phones,Vivo V60 Lite,256.0,12.0,5G,Dual-SIM,Blue
btech,https://btech.com/en/p/apple-iphone16-128gb-5g-teal,1/8/6/5/1865ef220b73404cdd0f439345e28962bc775742_iPhone_16_Teal_PDP_Image_Position_1__en_ME.jpg,Apple,f11d16b6-364f-4650-928b-f1800f8b9962,dd946752-d0dd-4a45-84a0-739407a4ea7d,103579.0,103579.0,True,False,False, Salem Group ,Smart Phones,Apple iPhone 16,128.0,8.0,5G,Single SIM,Teal
btech,https://btech.com/en/p/apple-iphone-16-128gb-5g-white,d/4/0/5/d405cb9308f04fd1ba339003c05bb893732db2e4_iPhone_16_White_PDP_Image_Position_1__en_ME.jpg,Apple,dacb239a-4338-4422-83a7-c0b2101cfbb9,dd946752-d0dd-4a45-84a0-739407a4ea7d,61999.0,61999.0,True,False,False,K&M The Future Makers,Smart Phones,Apple iPhone 16,128.0,8.0,5G,Single SIM,White
btech,https://btech.com/en/p/apple-iphone-16-plus-128gb-5g-teal,2/d/2/a/2d2a4a0a2e2cd30c52f72e5dfa68345cf9dce7d3_iPhone_16_Plus_Teal_PDP_Image_Position_1__en_ME.jpg,Apple,4dce6dab-5294-4d32-8536-c5ab6f0d2975,aded1c0e-0d78-4f91-8b0b-083f61fba3af,71399.0,71399.0,True,False,False,2B For Information Technology Systems,Smart Phones,Apple iPhone 16 Plus,128.0,8.0,5G,Single SIM,Teal
btech,https://btech.com/en/p/3d6d7f50-f502-4564-8d20-098cec557a6d,2/e/a/5/2ea5df8a05004f3433cfe341e4a1d111fe4b62ea_eg_galaxy_a37_5g_sm_a376_sm_a376blvpmea_552260869.jpg,Samsung,3d6d7f50-f502-4564-8d20-098cec557a6d,1deb4c5f-600c-41f6-adb4-0f3d3c6ef09b,21468.0,21468.0,True,False,False,yalla-tager,Smart Phones,Samsung Galaxy A37,128.0,8.0,5G,Dual-SIM,Awesome Lavender
btech,https://btech.com/en/p/tecno-camon-30-256gb-8gb-4g-dual-sim-uyuni-salt-white,c/4/e/f/c4ef7bdec18a4250423bb0bbc19d38127feb3b0b_1.jpeg,Tecno,af7fcd22-6cfd-4d85-91c0-1154e6f7543a,18e5a3cb-7328-4d3b-ad45-89e9e1f0a78b,11350.0,11350.0,True,False,False,888mobilestore,Smart Phones,Tecno Camon 30,256.0,8.0,4G LTE,Dual-SIM,Salt White
btech,https://btech.com/en/p/tecno-camon-30-256gb-8gb-5g-dual-sim-iceland-basaltic-dark,d/9/b/6/d9b6b774328b3c47d671b3239cde9e2a505fecbc_1.jpeg,Tecno,fc5adc32-4766-46ce-9ad6-b33fbc8f9be6,18e5a3cb-7328-4d3b-ad45-89e9e1f0a78b,11350.0,11350.0,True,False,False,888mobilestore,Smart Phones,Tecno Camon 30,256.0,8.0,4G LTE,Dual-SIM,Iceland Basaltic Dark
btech,https://btech.com/en/p/01e9d44e-3bb3-4b5d-8153-a439b9749b3e,4/a/b/3/4ab31a2d74f0e024a6ae61dc2047bd6aad47d97f_1.jpeg,Tecno,01e9d44e-3bb3-4b5d-8153-a439b9749b3e,2597d295-0836-45d2-a8f1-329fed9f1dcb,11350.0,11350.0,True,False,False,888mobilestore,Smart Phones,Tecno Camon 30,256.0,8.0,4G LTE,Dual-SIM,Sand Brown
btech,https://btech.com/en/p/oppo-a96-dual-sim-128gb-8gb-ram-4g-lte-sunset-blue,6/0/1/5/601589a121dd4db595a12a525223fb44805d8a8c_0720fb85df3730387c76a1625180d60d92a60c207d794c16ecb66bfa9223da8c.jpg,Oppo,15cad61d-d131-465f-ab4c-03300b81cc6d,55c5bf5d-1963-454a-bbae-741a7680a123,9950.0,9950.0,True,False,False,yalla-tager,Smart Phones,Oppo A96,128.0,8.0,4G LTE,Dual-SIM,Sunset Blue
btech,https://btech.com/en/p/oppo-a96-dual-sim-128gb-8gbram-4g-lte-starry-black,3/4/d/0/34d086d7a947a431599d8f41fcec8515d0fe1cc1_1.jpeg,Oppo,69ced099-5caa-428f-97a8-4b6c99357499,55c5bf5d-1963-454a-bbae-741a7680a123,9950.0,9950.0,True,False,False,yalla-tager,Smart Phones,Oppo A96,128.0,8.0,4G LTE,Dual-SIM,Starry Black
btech,https://btech.com/en/p/554d7819-e1d4-47d7-821d-9088bb5e8e9b,f/d/9/7/fd9780aaa7096a4a570422a321ccb6a4d871fbac_black2.jpg,Tecno,554d7819-e1d4-47d7-821d-9088bb5e8e9b,22fe499a-7f89-4e41-b251-d450c548f3c7,11259.0,11259.0,True,False,False,Aymen elsoudy,Smart Phones,Tecno Spark 40 Pro,256.0,8.0,4G,Dual-SIM,Ink Black
btech,https://btech.com/en/p/ff39624f-e12f-4221-85ca-d93fc8b83443,2/c/d/4/2cd495058f8d5fdfad25801a0b7019564643514b_tecno_spark_30_kl6___black.jpg,Tecno,ff39624f-e12f-4221-85ca-d93fc8b83443,4f90f3c5-597d-40d1-90db-6bb348ed25d4,8777.0,8777.0,True,False,False,ISM Mobile Shop,Smart Phones,Tecno Spark 30 KL6,256.0,8.0,4G,Dual-SIM,Stellar Shadow
btech,https://btech.com/en/p/a2e90a50-92fe-48fc-b3f3-8adc51ba29be,1/1/d/c/11dc35b9187696333660d00a004889505ffcbd93_CM5_B_removebg_preview.jpg,Tecno,a2e90a50-92fe-48fc-b3f3-8adc51ba29be,82cdf108-e03e-4805-be84-2ea1b73246af,12111.0,12111.0,True,False,False,ISM Mobile Shop,Smart Phones,Tecno Camon 40,256.0,8.0,4G,Dual-SIM,Galaxy Black
btech,https://btech.com/en/p/xiaomi-redmi-note-14-pro-256gb-8gb-4g-lte-dual-sim-blue,b/a/c/a/bacaaba76042b1bf96aee0682a26664ad825701e_b625faccfb6874068ae51030aee34c6b407baa4552bc4c45feb347770972f4d6.jpeg,Xiaomi,f3b4868a-4410-4962-a7ac-6783e1974564,7512c894-856c-4d22-bf11-efc269b9c51c,15888.0,15888.0,True,False,False,ISM Mobile Shop,Smart Phones,Xiaomi Redmi Note 14 Pro,256.0,8.0,4G LTE,Dual-SIM,Ocean Blue
btech,https://btech.com/en/p/d4d1b997-8d05-4965-b090-138346af684e,2/4/0/4/240470716e1dcd0171b1d8d467b2a1622663f139_81eqrz2tkkl._ac_sl1500_.jpg,Samsung,d4d1b997-8d05-4965-b090-138346af684e,02603e17-02b6-417c-b3e7-cdeea85ca6f6,15583.0,15583.0,True,False,False,yalla-tager,Smart Phones,Samsung Galaxy A73,256.0,8.0,5G,Dual-SIM,Awesome Mint
btech,https://btech.com/en/p/9b2ff53b-f5d5-481a-9737-c737fcb54f06,5/8/8/e/588ee283dae07ff32abadc8d0a00d5753a10db63_81L_vHXWLZL._AC_SL1500_.jpg,Samsung,9b2ff53b-f5d5-481a-9737-c737fcb54f06,859a71d1-adc8-491c-aa05-9f26eba0714e,15583.0,15583.0,True,False,False,yalla-tager,Smart Phones,Samsung Galaxy A73,256.0,8.0,5G,Dual-SIM,Gray
btech,https://btech.com/en/p/samsung-galaxy-a04s-128gb-4gb-black,0/3/d/d/03dd53796d220758f513d03fdc3add4a69416e91_6df939af92e1c9f795be30ee02e1f9fc252d14c5e638b0f94a70d16cd2eb978c.jpg,Samsung,21078988-fffd-4843-b698-8e54aeae40a4,e76cd298-6d77-41c5-84d8-c3ec724ba2f9,7315.0,7315.0,True,False,False,yalla-tager,Smart Phones,Samsung Galaxy A04s,128.0,4.0,4G LTE,Dual-SIM,Black
btech,https://btech.com/en/p/ce1123f5-2c41-42b9-8f29-a97e670f6865,a/5/f/d/a5fd9565e27b0c92968f0afc708aa6e600105e20_samsunge_a37_gray_1.jpg,Samsung,ce1123f5-2c41-42b9-8f29-a97e670f6865,1deb4c5f-600c-41f6-adb4-0f3d3c6ef09b,21301.0,21301.0,True,False,False,yalla-tager,Smart Phones,Samsung Galaxy A37,128.0,8.0,5G,Dual-SIM,Awesome Charcoal
btech,https://btech.com/en/p/dc85d2cd-e0a5-4648-997d-42a21e72de7c,2/d/9/4/2d942c1b0d100c9d1dabddc53141160bad00ae71_eg_galaxy_a37_5g_sm_a376_sm_a376bdgpmea_552260812.jpg,Samsung,dc85d2cd-e0a5-4648-997d-42a21e72de7c,1deb4c5f-600c-41f6-adb4-0f3d3c6ef09b,21357.0,21357.0,True,False,False,yalla-tager,Smart Phones,Samsung Galaxy A37,128.0,8.0,5G,Dual-SIM,Awesome Green Grey
btech,https://btech.com/en/p/31cdef3d-cd1c-4cb1-be1a-983d29209e9d,8/c/2/c/8c2cf3a896a9be8489bec8ecca18d2746b02fb15_274d1026_8f19_4433_af73_a7cbe65bbcfa.jpg,Motorola,31cdef3d-cd1c-4cb1-be1a-983d29209e9d,8bc0dc76-90d2-4c6e-87ab-1128e860b145,20499.0,20499.0,True,False,False,2B For Information Technology Systems,Smart Phones,Motorola Edge 60,512.0,12.0,5G,Dual-SIM,Blue
btech,https://btech.com/en/p/5c8506ae-3802-4b4d-a2ae-23fcc0b5e0b8,0/2/6/2/0262233cd24c472a00af453680c327196c35d52d_1d00f718_df71_4fcc_a3ab_2f77664fe926.jpg,Motorola,5c8506ae-3802-4b4d-a2ae-23fcc0b5e0b8,8bc0dc76-90d2-4c6e-87ab-1128e860b145,20666.0,20666.0,True,False,False,Ehab Group,Smart Phones,Motorola Edge 60,512.0,12.0,5G,Dual-SIM,Green
btech,https://btech.com/en/p/realme-note-60x-128gb-4gb-4g-dual-sim-wilderness-green,a/4/3/3/a4335aab201f32e25203a553532f5a9ae9a65f61_04794b7b0b29f27c5fd4635594a20af1201a4effdcd280c6b33d6342f4045e8c.jpeg,Realme,acbbf371-21f5-453f-abae-6fbeb778be58,d175b59b-f4b2-46a5-9e70-7b096d51b485,8145.0,8145.0,True,False,False,Radio. Talaat ,Smart Phones,Realme Note 60x,128.0,4.0,4G LTE,Dual-SIM,Green
btech,https://btech.com/en/p/a1d59e68-78df-4260-b5a3-644da7582098,6/d/b/d/6dbd9645b6b527fad59ffaa4156bbc05add0614b____2025_11_08t124657.463.jpg,Xiaomi,a1d59e68-78df-4260-b5a3-644da7582098,b25f7a0b-8e37-4240-9e2e-c1c711a7f0a6,8555.0,8555.0,True,False,False,drmobile,Smart Phones,Xiaomi POCO C85,256.0,8.0,4G,Dual-SIM,Green
btech,https://btech.com/en/p/f39eb8de-7755-4eb1-8394-ff25a9657cde,7/3/7/b/737bb1db353eb618fd37ab6cfc23032985f289da_l000002_1749712595_removebg_preview_4.png,Realme,f39eb8de-7755-4eb1-8394-ff25a9657cde,2c1cc287-7f41-4136-875d-a7b84c46f437,8968.0,8968.0,True,False,False,Elhashim Store,Smart Phones,Realme C71,256.0,4.0,4G,Dual-SIM,Forest Owl
btech,https://btech.com/en/p/d81cbafa-6bf7-4674-a1e3-88df701aa059,9/5/d/1/95d1f213b12a3ae7cf0fcd7326fd19fa5af49495_Screenshot_2026_04_23_093711.png,Realme,d81cbafa-6bf7-4674-a1e3-88df701aa059,2c1cc287-7f41-4136-875d-a7b84c46f437,8968.0,8968.0,True,False,False,Elhashim Store,Smart Phones,Realme C71,256.0,4.0,4G,Dual-SIM,White Swan
btech,https://btech.com/en/p/5b1a69b5-f8ae-476a-ba07-5a6915261639,1/3/9/4/13948978a3cd28244ce3ca993c0cdb1f9d6a9f88_1_4__2_7.jpg,Realme,5b1a69b5-f8ae-476a-ba07-5a6915261639,4daba5a7-5679-4c3f-853c-814cd83df8ef,11646.0,11646.0,True,False,False,Elhashim Store,Smart Phones,Realme C75x,256.0,8.0,4G,Dual-SIM,Coral Pink
btech,https://btech.com/en/p/realme-c75x-256gb-8gb-4g-dual-sim-oceanic-blue,f/e/8/8/fe88d8d3bbfa4f31bc655aa22428bda83f0033c2_be005f6fb8ff3ee2ba3e0df36553fe612dcfa8a05656b2eb8051fade4722e016_1.jpeg,Realme,26055c6a-3f6d-4a4e-9c02-d17528027dd2,4daba5a7-5679-4c3f-853c-814cd83df8ef,10104.0,10104.0,True,False,False,B.TECH,Smart Phones,Realme C75x,256.0,8.0,4G,Dual-SIM,Oceanic Blue
btech,https://btech.com/en/p/fa792674-e1d2-49ae-a271-cebbb4149c08,a/2/d/9/a2d91d4ce477f00fa0b8ddbdb4c5cb3d43dcc6f6_R__1_.jpg,Samsung,fa792674-e1d2-49ae-a271-cebbb4149c08,b34b0a40-c379-498f-b653-947090136a05,38500.0,38500.0,True,False,False,B.TECH,Smart Phones,Samsung Galaxy S25 FE,256.0,8.0,5G,Dual-SIM,Navy
btech,https://btech.com/en/p/xiaomi-redmi-note-14-pro-256gb-8gb-4g-lte-dual-sim-purple,e/d/6/f/ed6fd2e8761721ea19fed66a3d3ce44693cbee39_9ad983b5df7bf2c3a313341167b89e44fde3dcb3c68c9c668e7e93340f40de12.jpeg,Xiaomi,7831cbaf-e81a-4d21-9b13-2f8dd94e86cf,7512c894-856c-4d22-bf11-efc269b9c51c,16278.0,16278.0,True,False,False,yalla-tager,Smart Phones,Xiaomi Redmi Note 14 Pro,256.0,8.0,4G LTE,Dual-SIM,Aurora Purple
btech,https://btech.com/en/p/motorola-moto-g35-256gb-8gb-5g-dual-sim-leaf-green,c/d/f/7/cdf7e31c772703431f0e8d0d201d1aed75c28b38_1d97f4b129145816b861a658dba6d928f050e5df3ee63dbed20b65ddba40b9d8.png,Motorola,7f3cc30d-5df2-4224-93ab-d0d3fbd63cbf,1014e5b7-5d34-4e73-9ff0-ebcc3f08fea7,9098.0,9098.0,True,False,False,Remoz,Smart Phones,Motorola Moto G35,256.0,8.0,5G,Dual-SIM,Leaf Green
btech,https://btech.com/en/p/29f1a5be-1e65-400c-91f1-46aaee7fb621,b/d/7/6/bd769c4e5929bfa4a1d37c3d9ff567095baaac67_4aae9947_a96b_467d_8d71_fc310f635323.jpg,Infinix,29f1a5be-1e65-400c-91f1-46aaee7fb621,785ad16b-2b22-4ed2-bc15-c8deb9f05708,22888.0,22888.0,True,False,False,K&M The Future Makers,Smart Phones,Infinix GT 30 Pro,512.0,12.0,5G,Dual-SIM,Dark Flare
btech,https://btech.com/en/p/4788b9de-2759-4182-9700-eeb2c4507050,9/9/6/f/996f97de15685e55c62eec5a2ec14929756107e4_c238e97b_fe7a_42e0_9270_cb9fdfcfbf6d.jpg,Infinix,4788b9de-2759-4182-9700-eeb2c4507050,c6d08379-2599-440f-a5d9-1ca9a30f4c5f,7840.0,7840.0,True,False,False,First mobile,Smart Phones,Infinix Hot 60i,128.0,6.0,4G,Dual-SIM,Titanium Silver
btech,https://btech.com/en/p/4cdbc351-bf18-448f-ae89-d466f588e4db,f/3/c/5/f3c5b51c776b7d9f7bfb57718f8b97f0e4ae3e30_71QH9fO0xCL._AC_SL1500_.jpg,Infinix,4cdbc351-bf18-448f-ae89-d466f588e4db,903d1096-9f0e-40ed-be1b-48b7325036ba,8499.0,8499.0,True,False,False,ISM Mobile Shop,Smart Phones,Infinix Hot 60,128.0,6.0,5G,Dual-SIM,Sleek Black
btech,https://btech.com/en/p/3005a4f4-f665-4080-b863-4be31b3fd63c,2/1/b/a/21ba81c133c2fbac03975f5d12c48b9ec1767d54_c238e97b_fe7a_42e0_9270_cb9fdfcfbf6d.jpg,Infinix,3005a4f4-f665-4080-b863-4be31b3fd63c,c6d08379-2599-440f-a5d9-1ca9a30f4c5f,8999.0,8999.0,True,False,False,ISM Mobile Shop,Smart Phones,Infinix Hot 60i,256.0,8.0,4G,Dual-SIM,Titanium Silver
btech,https://btech.com/en/p/48097214-7e14-4a82-aba8-695a10b315ed,6/2/2/e/622ee0dc33cd0896181989346907f79516ccc596_blye.jpg,Tecno,48097214-7e14-4a82-aba8-695a10b315ed,d5096c16-a126-4690-b56d-576c20f335a7,6138.0,6138.0,True,False,False,yalla-tager,Smart Phones,Tecno Spark Go 3,64.0,4.0,4G,Dual-SIM,Galaxy Blue
btech,https://btech.com/en/p/b0a81015-87ca-4522-9a83-b8b192713c5d,a/f/6/a/af6a77b6a2ec4d7814387b62bcbd9277986b87a5_ppule.jpg,Tecno,b0a81015-87ca-4522-9a83-b8b192713c5d,d5096c16-a126-4690-b56d-576c20f335a7,6144.0,6144.0,True,False,False,ISM Mobile Shop,Smart Phones,Tecno Spark Go 3,64.0,4.0,4G,Dual-SIM,Aurora Purple
btech,https://btech.com/en/p/b7012f83-bd4b-4606-9803-9c796a231bfb,9/5/b/3/95b30931553821053a6775530d4e1df4233996af_black2.jpg,Tecno,b7012f83-bd4b-4606-9803-9c796a231bfb,22fe499a-7f89-4e41-b251-d450c548f3c7,10144.0,10144.0,True,False,False,yalla-tager,Smart Phones,Tecno Spark 40 Pro,128.0,8.0,4G,Dual-SIM,Ink Black
btech,https://btech.com/en/p/0be99225-c778-4402-b7aa-874c24993d21,9/2/2/3/9223d2a810ff95f6f9b4703f8c4f115f274f5fdc_mmon.jpg,Tecno,0be99225-c778-4402-b7aa-874c24993d21,22fe499a-7f89-4e41-b251-d450c548f3c7,10444.0,10444.0,True,False,False,ISM Mobile Shop,Smart Phones,Tecno Spark 40 Pro,128.0,8.0,4G,Dual-SIM,Moon Titanium
btech,https://btech.com/en/p/12564517-9f2a-4389-99e6-9790c3b5a3db,e/7/e/d/e7ed280a68d885ef44de2344c371fe27ecd4ad82_bluw2.jpg,Tecno,12564517-9f2a-4389-99e6-9790c3b5a3db,22fe499a-7f89-4e41-b251-d450c548f3c7,10300.0,10300.0,True,False,False,888mobilestore,Smart Phones,Tecno Spark 40 Pro,128.0,8.0,4G,Dual-SIM,Lake Blue
btech,https://btech.com/en/p/c69459e9-6d88-4cab-86aa-96b17d39bc11,8/c/3/e/8c3e0521c9e9ef086475492ab2dbd84a50efba28_gray2.jpg,Tecno,c69459e9-6d88-4cab-86aa-96b17d39bc11,d5096c16-a126-4690-b56d-576c20f335a7,6610.0,6610.0,True,False,False,yalla-tager,Smart Phones,Tecno Spark Go 3,128.0,4.0,4G,Dual-SIM,Titanium Grey
btech,https://btech.com/en/p/c9359926-784f-429f-b99b-2d91ad10073a,0/7/9/2/0792ba712cc7446bc002ebd561da8e6bc0f32db7_blye.jpg,Tecno,c9359926-784f-429f-b99b-2d91ad10073a,d5096c16-a126-4690-b56d-576c20f335a7,6617.0,6617.0,True,False,False,Aymen elsoudy,Smart Phones,Tecno Spark Go 3,128.0,4.0,4G,Dual-SIM,Galaxy Blue
btech,https://btech.com/en/p/e2d1e1e2-79f0-45ed-9494-cd642b7039cf,5/5/e/7/55e7631b0eb898ee2b520b02bebb809f08279050_ppule.jpg,Tecno,e2d1e1e2-79f0-45ed-9494-cd642b7039cf,d5096c16-a126-4690-b56d-576c20f335a7,6617.0,6617.0,True,False,False,Aymen elsoudy,Smart Phones,Tecno Spark Go 3,128.0,4.0,4G,Dual-SIM,Aurora Purple
btech,https://btech.com/en/p/ba72e278-7255-4802-9b09-e6b46ec48dba,0/5/3/e/053ea4286eff2d737cadbee66c840f127f55a8d7_black.jpg,Tecno,ba72e278-7255-4802-9b09-e6b46ec48dba,d5096c16-a126-4690-b56d-576c20f335a7,6111.0,6111.0,True,False,False,Aymen elsoudy,Smart Phones,Tecno Spark Go 3,64.0,4.0,4G,Dual-SIM,Ink Black
btech,https://btech.com/en/p/8af15212-1a89-4eda-8186-78ebf4a171e6,e/7/6/5/e7659a94f04d3694281012ccb1e40201855de8ae_mmon.jpg,Tecno,8af15212-1a89-4eda-8186-78ebf4a171e6,22fe499a-7f89-4e41-b251-d450c548f3c7,11259.0,11259.0,True,False,False,Aymen elsoudy,Smart Phones,Tecno Spark 40 Pro,256.0,8.0,4G,Dual-SIM,Moon Titanium
btech,https://btech.com/en/p/87622375-fddd-4ed5-b4a6-45097f841acd,b/d/8/d/bd8decfbf8fdb6f7670ed3a512c6d79e23f46147_bluw2.jpg,Tecno,87622375-fddd-4ed5-b4a6-45097f841acd,22fe499a-7f89-4e41-b251-d450c548f3c7,11259.0,11259.0,True,False,False,Aymen elsoudy,Smart Phones,Tecno Spark 40 Pro,256.0,8.0,4G,Dual-SIM,Lake Blue
btech,https://btech.com/en/p/a2c453a9-1f1b-4a27-a750-0ccf9f3512c2,6/1/9/f/619f59fd16787bebe09a678ee505a5208e3ecc97_white_removebg_preview.jpg,Tecno,a2c453a9-1f1b-4a27-a750-0ccf9f3512c2,fc63658a-23b4-4e1c-9d3c-9001ef3fe9c0,12629.0,12629.0,True,False,False,Aymen elsoudy,Smart Phones,Tecno Spark Slim,256.0,8.0,4G,Dual-SIM,Slim White
btech,https://btech.com/en/p/c96c9878-77c4-4982-84a4-7f319f2e83ec,a/4/2/7/a427dfec9ba194e1e49a0d8b264767349d1c9f74_black_removebg_preview.jpg,Tecno,c96c9878-77c4-4982-84a4-7f319f2e83ec,fc63658a-23b4-4e1c-9d3c-9001ef3fe9c0,12629.0,12629.0,True,False,False,Aymen elsoudy,Smart Phones,Tecno Spark Slim,256.0,8.0,4G,Dual-SIM,Cool Black
btech,https://btech.com/en/p/96c29d90-dd6a-43dd-9c11-a1ae9535b4ae,c/9/a/e/c9aea764543ecf21f3d2fbe5209527714472ec42_KM4_grey_removebg_preview.jpg,Tecno,96c29d90-dd6a-43dd-9c11-a1ae9535b4ae,ea63b0ca-3815-4c70-b8ef-1e32c62e58a1,6250.0,6250.0,True,False,False,ISM Mobile Shop,Smart Phones,Tecno Spark Go 2,128.0,4.0,4G,Dual-SIM,Titanium Grey
btech,https://btech.com/en/p/c9686c52-5f63-4ab2-a45b-73fc905cedca,2/9/a/9/29a99c71d7080760eeda98a7ef539d1055fcba98_8585a66f828b42494481563feb1dad1df4dd07c9484f2909c327877e2287532c__1_.jpeg,Realme,c9686c52-5f63-4ab2-a45b-73fc905cedca,0a85570c-c042-46e6-bd83-1c71b67adfb2,8175.0,8175.0,True,False,False,Radio. Talaat ,Smart Phones,Realme C71,128.0,4.0,4G,Dual-SIM,White Swan
btech,https://btech.com/en/p/443c6296-e68f-47d3-b119-f937c48fa542,d/8/9/f/d89fe52a5a13c00797e3bb932a08e7f759802eaa_spark_go2_gray_1.jpg,Tecno,443c6296-e68f-47d3-b119-f937c48fa542,e015e664-c6ca-4f29-b5b7-c7b11788a7e1,6250.0,6250.0,True,False,False,ISM Mobile Shop,Smart Phones,Tecno Spark Go 2,128.0,4.0,4G,Dual-SIM,Titanium Grey
btech,https://btech.com/en/p/478686d2-d34f-45d2-9516-4f6a8f3df96c,7/f/1/2/7f128564c7651d364248bcf7967e62ecbe6fdc93_spark_go2_gray_1.jpg,Tecno,478686d2-d34f-45d2-9516-4f6a8f3df96c,e015e664-c6ca-4f29-b5b7-c7b11788a7e1,5527.0,5527.0,True,False,False,Aymen elsoudy,Smart Phones,Tecno Spark Go 2,64.0,3.0,4G,Dual-SIM,Titanium Grey
btech,https://btech.com/en/p/3187a539-61e3-468e-89bf-eba13ae1bc6a,3/8/0/5/3805f5d65f2936b73dc3a55755fb63d71e8b9a0a_Screenshot_2026_04_22_162758.png,Tecno,3187a539-61e3-468e-89bf-eba13ae1bc6a,e015e664-c6ca-4f29-b5b7-c7b11788a7e1,5527.0,5527.0,True,False,False,Aymen elsoudy,Smart Phones,Tecno Spark Go 2,64.0,3.0,4G,Dual-SIM,Ink Black
btech,https://btech.com/en/p/realme-c75-256gb-8gb-4g-lte-dual-sim-lightning-gold,f/8/d/a/f8da140cb9ac3a1ce51236eaa70a6db03d18c819_1.jpeg,Realme,a41ecd77-0c10-4c18-8532-aa5d93fe94db,1802d8e4-efc7-4d6c-9a0c-6253fe502e7e,10999.0,10999.0,True,False,False,ISM Mobile Shop,Smart Phones,Realme C75,256.0,8.0,4G LTE,Dual-SIM,Gold
btech,https://btech.com/en/p/cdc812b5-c124-4f4a-bb6a-8abfc253cadd,b/2/a/9/b2a986132e0bfa855203ed817a65ab941f2f7727_39516448_880a_4339_aea6_014beee9eb5a.jpg,Infinix,cdc812b5-c124-4f4a-bb6a-8abfc253cadd,c6d08379-2599-440f-a5d9-1ca9a30f4c5f,8999.0,8999.0,True,False,False,ISM Mobile Shop,Smart Phones,Infinix Hot 60i,256.0,8.0,4G,Dual-SIM,Sleek Black
btech,https://btech.com/en/p/5751c572-c461-4d7a-a18b-aac5cf0ed566,b/7/f/5/b7f5877e650edf09649607ad857b0575d10b65f9_imgi_96_73ea4931708f_cjhzjtgcbigue85m.jpg,Honor,5751c572-c461-4d7a-a18b-aac5cf0ed566,6ba47a08-9d63-4dc4-a620-4294de370843,21500.0,21500.0,True,False,False,Aymen elsoudy,Smart Phones,Honor 600 Lite,256.0,8.0,5G,Dual-SIM,Velvet Grey
btech,https://btech.com/en/p/faa413ca-b266-4f5a-9ed3-36a09665f753,0/6/1/8/06181df4cb4d33d9d8010fc4f6acfab28481363b_ad022296f5915fdf81d14445891ca4174d480b937f25a002ad5cd770e4bc5606.jpeg,Xiaomi,faa413ca-b266-4f5a-9ed3-36a09665f753,ef7a2e8e-d568-4627-858d-ea338c0c4aeb,7070.0,7070.0,True,False,False,yalla-tager,Smart Phones,Xiaomi Redmi A5,64.0,4.0,4G LTE,Dual-SIM,Sandy Gold
btech,https://btech.com/en/p/c4340dd0-c6e7-434e-aed0-62f3861356bf,e/7/5/f/e75f1d1734b833976c6cf8c5586c8e03a41ae802_imgi_20_S26_ultra_black4_eg4s_qa.jpg,Samsung,c4340dd0-c6e7-434e-aed0-62f3861356bf,30646fc8-23ba-46f9-b762-b09ea2af3a5a,95666.0,95666.0,True,False,False,B.TECH,Smart Phones,Samsung Galaxy S26 Ultra,1024.0,16.0,5G,Dual-SIM,Black
btech,https://btech.com/en/p/samsung-galaxy-s25-ultra-256gb-12gb-5g-dual-sim-titanium-white-silver-warranty,1/2/8/0/1280426f31ad273fd32cb5d4673215c5a4069d02_2b380280e667b051c0d8e34329ae6bbe5e614e88153a26d18347186c5721a416.jpg,Samsung,2c2b7880-fdb5-4e41-8d14-18d8309ee9f8,26f753fb-18fb-4f93-8cea-6b3ca7c2f480,65444.0,65444.0,True,False,False,Elhashim Store,Smart Phones,Samsung Galaxy S25 Ultra,256.0,12.0,5G,Dual-SIM,Titanium White Silver
btech,https://btech.com/en/p/samsung-galaxy-a36-128gb-8gb-5g-dual-sim-awesome-lavender,3/9/6/d/396d36bf398a08a402bc52c5a65ab8b7bc921ff8_b6f7bf01c557476fbc8afc30c0271a8c781e9ad07dbbcee5441ba91c2e72466c.jpeg,Samsung,6697d8de-8a9b-4d0f-a699-a754c18f2097,d71f566a-07b4-4235-aff1-415b5e36655d,18124.0,18124.0,True,False,False,Elhashim Store,Smart Phones,Samsung Galaxy A36,128.0,8.0,5G,Dual-SIM,Lavender
btech,https://btech.com/en/p/cab00fc6-5d70-4a0f-aa31-1ae259d87729,4/c/4/b/4c4becc8bcaeaee1738fa45bfe717e1f97c7f229_Xiaomi_Redmi_15_Dual_Sim_____256GB_8GB_Ram_4G__6440_1.jpg,Xiaomi,cab00fc6-5d70-4a0f-aa31-1ae259d87729,9b0046fe-22c4-4d0c-9caf-da39c5b2d8e4,9754.0,9754.0,True,False,False,Remoz,Smart Phones,Xiaomi Redmi 15,128.0,6.0,4G,Dual-SIM,Midnight Black
btech,https://btech.com/en/p/d5430957-ece7-411d-8959-9f16137300ba,4/8/c/3/48c3f5a78b39eac5c48ba078db33169bd9d8b767_Xiaomi_Redmi_15_Dual_Sim_____256GB_8GB_Ram_4G__6438_1.jpg,Xiaomi,d5430957-ece7-411d-8959-9f16137300ba,9b0046fe-22c4-4d0c-9caf-da39c5b2d8e4,10799.0,10799.0,True,False,False,2B For Information Technology Systems,Smart Phones,Xiaomi Redmi 15,128.0,6.0,4G,Dual-SIM,Purple
btech,https://btech.com/en/p/apple-iphone-16-pro-max-256gb-8gb-5g-single-sim-natural-titanium,2/f/2/d/2f2da2d6e49edca33d90e19ebf28e2c5966fb146_0a953c4f6a4904e3133147872c05c4af2a63dffbe4ecd3ea91d66126d2360b1f.jpeg,Apple,5bb95567-5a95-4b97-9337-440b030c0075,1dfd2d38-70af-4b1a-b39e-c61a301da6a2,127999.0,127999.0,True,False,False, Salem Group ,Smart Phones,Apple iPhone 16 Pro Max,256.0,8.0,5G,Single SIM,Natural Titanium
btech,https://btech.com/en/p/apple-iphone-16-pro-max-256gb-8gb-5g-lte-single-sim-white-titanium,9/6/8/c/968ccc3b04c15ba642d7cba8bc6fa5d7b0692d5b_a027c226b329f519dd4c1621072a70fe127e9dcc4fd4ecb993e8220a80dcabf7_copy.jpg,Apple,4689de0e-ddd6-4006-827b-5dc52a8717d6,1dfd2d38-70af-4b1a-b39e-c61a301da6a2,127999.0,127999.0,True,False,False, Salem Group ,Smart Phones,Apple iPhone 16 Pro Max,256.0,8.0,5G,Single SIM,White Titanium
btech,https://btech.com/en/p/honor-400-512gb-12gb-ram-4g-lte-dual-sim-desert-gold,5/c/d/5/5cd5e0d879016657dc4054d2399d75c9937a7424_db8cc4bfdb0a5ee9683dd03ce7d91f6837301b2dae3c5e435233bc69225682b3.jpeg,Honor,39bf4b27-5e22-42cb-9671-35aa838fa306,66ff735e-7126-4ea7-840f-db84acfa93b5,33000.0,33000.0,True,False,False,VOOC,Smart Phones,Honor 400,512.0,12.0,4G LTE,Dual-SIM,Desert Gold
btech,https://btech.com/en/p/999003ae-603c-4d89-9733-7f75893859d4,6/8/2/b/682bab10af7c9a841ab1c7a7fbfbac1e354b9598_imgi_83_ec60347699d8_2fl0hmj2qlbogosb.jpg,Honor,999003ae-603c-4d89-9733-7f75893859d4,6ba47a08-9d63-4dc4-a620-4294de370843,20999.0,20999.0,True,False,False,Ehab Group,Smart Phones,Honor 600 Lite,256.0,8.0,5G,Dual-SIM,Sprout Green
btech,https://btech.com/en/p/cdc36458-14a1-4030-b71a-b75671730385,4/7/1/2/4712acf848d1e9fe2223d878f099c27da36b4a31_41b44b25abee76bfe5182f46b56770a343398823add6b98b026bfe1653ddad90_1.jpg,Itel,cdc36458-14a1-4030-b71a-b75671730385,d4abb1ac-da7b-4f29-9e59-cf71a616d4a8,5350.0,5350.0,True,False,False,Dragon Store,Smart Phones,Itel P65,128.0,8.0,4G LTE,Dual-SIM,Cyber Titanium
btech,https://btech.com/en/p/85b510f4-4408-46c8-85c0-b88cd71f5e0f,f/6/6/f/f66fdf514804a671844c11321989a7f3ba6d7811_imgi_220_2273ac73_3791_4d87_99fd_f28ba2582e22.jpg,Vivo,85b510f4-4408-46c8-85c0-b88cd71f5e0f,2d0a4fe6-4f4a-4af8-872f-d8218b9ec190,8781.0,8781.0,True,False,False,B.TECH,Smart Phones,Vivo Y21D,128.0,4.0,4G,Dual-SIM,Coral Red
btech,https://btech.com/en/p/3ef29c15-0242-48fd-ba85-02b152cd09c9,d/4/f/8/d4f87f53de0c40a6501598c6fbb9c252505bb76b_Find_X9_WHITE_01.jpg,Oppo,3ef29c15-0242-48fd-ba85-02b152cd09c9,8a954ecf-46e0-40ea-a180-fd6544e40658,69999.0,69999.0,True,False,False,B.TECH,Smart Phones,Oppo Find X9 Pro,512.0,16.0,5G,Dual-SIM,Silk White
btech,https://btech.com/en/p/d914f95b-7825-4d01-aeaa-70fe41021103,7/4/e/6/74e69c3ca3ef3529eb374e4c79ffdc23a6b9d5a3_Find_X9_CHARC_01.jpg,Oppo,d914f95b-7825-4d01-aeaa-70fe41021103,8a954ecf-46e0-40ea-a180-fd6544e40658,69999.0,69999.0,True,False,False,B.TECH,Smart Phones,Oppo Find X9 Pro,512.0,16.0,5G,Dual-SIM,Titanium Charcoal
btech,https://btech.com/en/p/samsung-galaxy-a36-128gb-8gb-ram-4g-lte-dual-sim-lime,1/7/1/5/17157713a2ac344d20d58c8eb44eaaf65902a901_imgi_2_3684f73ae7aeed3928c8823abcb022617164f27aceef2a90a9f286b834dcb5ab.jpg,Samsung,f30ee324-20ac-43a5-9748-36beeef55dfd,7022855d-f55d-4a1d-a9f8-98cb035676e8,17864.0,17864.0,True,False,False,Elhashim Store,Smart Phones,Samsung Galaxy A36,128.0,8.0,4G,Dual-SIM,Awesome Lime
btech,https://btech.com/en/p/samsung-galaxy-s25-ultra-1tb-12gb-4g-titanium-black,9/2/5/2/9252f6b9e1924786c2c79d02118e35401d91908f_imgi_2_3b325b9febf142c246dc5e917f97583b54603d65f0128a6970697ce550258366.jpg,Samsung,e578888f-57d6-48ab-944b-e449c64c13e0,fa767e95-d50a-4a39-b86e-8452c023c9b2,80999.0,80999.0,True,False,False,Ehab Group,Smart Phones,Samsung Galaxy S25 Ultra,1024.0,12.0,4G LTE,Dual-SIM,Titanium Black
btech,https://btech.com/en/p/57dd15ca-8ae9-4102-bd8a-5b3a34392ee7,d/0/6/9/d069a08b4a7f082a358f7f989c5ac6a299e66492_xiaomi_redmi_note_15_4g_6gb_128gb_6_77_amoled_5800mah_verde_bosque.jpg,Xiaomi,57dd15ca-8ae9-4102-bd8a-5b3a34392ee7,23387a55-9c18-46bb-91be-91126d008991,10999.0,10999.0,True,False,False,Mobile plus 1,Smart Phones,Xiaomi Redmi Note 15,128.0,6.0,4G,Dual-SIM,Forest Green
btech,https://btech.com/en/p/samsung-galaxy-a56-256gb-8gb-ram-5g-dual-sim-light-grey,4/e/7/c/4e7c6862403e0b76adfe0a38d7a2a1dc0a9b1f63_92f69314b12eef290f438d425c1d5e6324413c47ec62ca05cf48cedc88419497.jpeg,Samsung,97cd21a8-618e-41a6-90b9-1bbef8c678ee,f0d6ef3c-8e89-40a3-a374-8aad74a2e0c3,24444.0,24444.0,True,False,False,ISM Mobile Shop,Smart Phones,Samsung Galaxy A56,256.0,8.0,5G,Dual-SIM,Light Grey
btech,https://btech.com/en/p/5ebb06c4-7c36-40c9-9b83-11fe2fbcc689,c/6/e/f/c6ef4b17c62bf1730b6d40199479fe6445d09031_4229911_1.jpg,Samsung,5ebb06c4-7c36-40c9-9b83-11fe2fbcc689,4eb8fc22-32f4-4778-bd6d-dbd50fc41ce1,11900.0,11900.0,True,False,False,Elhashim Store,Smart Phones,Samsung Galaxy A17,128.0,6.0,5G,Dual-SIM,Blue
btech,https://btech.com/en/p/27e67c58-ae62-49ae-915d-a14b3f9744be,4/d/3/0/4d3019b0f38faa8495fc5fd7447e505ba758212d_710khiM_s2L._AC_SL1500_.jpeg,Samsung,27e67c58-ae62-49ae-915d-a14b3f9744be,d8396342-0ea6-4ddc-a7b2-c4eecba327ed,33500.0,33500.0,True,False,False,VOOC,Smart Phones,Samsung Galaxy A57,512.0,12.0,5G,Dual-SIM,Light Blue
btech,https://btech.com/en/p/apple-iphone-16-pro-max-256gb-5g-black-titanium,4/8/1/8/4818837f81ae1f84a7c152374a3af0c323baf9e6_f3e778ba24f3cf37c0ffbe9da73e92368d5e616a83d114e11d9f000589c863a7.jpeg,Apple,b2ae43c8-06b5-4bbb-981d-ccba710ac07e,1dfd2d38-70af-4b1a-b39e-c61a301da6a2,130999.0,130999.0,True,False,False, Salem Group ,Smart Phones,Apple iPhone 16 Pro Max,256.0,8.0,5G,Single SIM,Black Titanium
btech,https://btech.com/en/p/7cbc0882-e022-4ce3-a257-c7ec7511ef69,5/e/2/4/5e24762c10fa243f099503435b458d551fde31e3_imgi_150_c0a9b6ae_006f_4edf_93e1_906defb780a4.jpg,Vivo,7cbc0882-e022-4ce3-a257-c7ec7511ef69,2d0a4fe6-4f4a-4af8-872f-d8218b9ec190,10888.0,10888.0,True,False,False,Elhashim Store,Smart Phones,Vivo Y21D,128.0,6.0,4G,Dual-SIM,Emerald Green
btech,https://btech.com/en/p/ab65ac0f-7116-435b-982f-d149f1c75863,8/c/2/3/8c2363b3ea7babf8861081684692dc0ad0b4417a_imgi_220_2273ac73_3791_4d87_99fd_f28ba2582e22.jpg,Vivo,ab65ac0f-7116-435b-982f-d149f1c75863,2d0a4fe6-4f4a-4af8-872f-d8218b9ec190,10444.0,10444.0,True,False,False,Elhashim Store,Smart Phones,Vivo Y21D,128.0,6.0,4G,Dual-SIM,Coral Red
btech,https://btech.com/en/p/apple-iphone16-plus-128gb-5g-black,9/6/a/c/96ac71074943d6c38658c8eb0be68b745bdc7bf2_iPhone_16_Plus_Black_PDP_Image_Position_1__en_ME.jpg,Apple,e1584c02-faee-494e-bc04-df676a840720,aded1c0e-0d78-4f91-8b0b-083f61fba3af,69899.0,69899.0,True,False,False,K&M The Future Makers,Smart Phones,Apple iPhone 16 Plus,128.0,8.0,5G,Single SIM,Black
btech,https://btech.com/en/p/01cab794-af90-47cc-ad8b-3c545cbd5016,0/c/7/3/0c731822ff5b662eeff4dad97148e573472113b4_eg_galaxy_a37_5g_sm_a376_sm_a376blvpmea_552260869.jpg,Samsung,01cab794-af90-47cc-ad8b-3c545cbd5016,1deb4c5f-600c-41f6-adb4-0f3d3c6ef09b,22730.0,22730.0,True,False,False,drmobile,Smart Phones,Samsung Galaxy A37,256.0,8.0,5G,Dual-SIM,Awesome Lavender
btech,https://btech.com/en/p/b1375393-5be9-43b1-a324-7ea4c540bcfb,6/7/b/d/67bd0783ab69912fc200683b8520aaadbca3847f_eg_galaxy_a37_5g_sm_a376_sm_a376bzwpmea_552261010.jpg,Samsung,b1375393-5be9-43b1-a324-7ea4c540bcfb,1deb4c5f-600c-41f6-adb4-0f3d3c6ef09b,24999.0,24999.0,True,False,False,Ehab Group,Smart Phones,Samsung Galaxy A37,256.0,12.0,5G,Dual-SIM,Awesome White
btech,https://btech.com/en/p/90a9555d-0881-49c4-90db-274030ad7af1,5/6/7/b/567b362f44a26d94af5d85d2e697a4835729e4f3_eg_galaxy_a37_5g_sm_a376_sm_a376bdgpmea_552260812.jpg,Samsung,90a9555d-0881-49c4-90db-274030ad7af1,1deb4c5f-600c-41f6-adb4-0f3d3c6ef09b,22730.0,22730.0,True,False,False,drmobile,Smart Phones,Samsung Galaxy A37,256.0,8.0,5G,Dual-SIM,Awesome Green Grey
btech,https://btech.com/en/p/406f6106-3c7e-4e75-8df5-c2aabaef2ea4,6/5/1/a/651ab8978a44a7c449e3fd9710fb33710b37e13f_64986b741ecd18a77329a5977b359a75ddbe9bac_xiaomi_redmi_15_purpal.jpg,Xiaomi,406f6106-3c7e-4e75-8df5-c2aabaef2ea4,9b0046fe-22c4-4d0c-9caf-da39c5b2d8e4,11502.0,11502.0,True,False,False,Elhashim Store,Smart Phones,Xiaomi Redmi 15,256.0,8.0,4G,Dual-SIM,Purple
btech,https://btech.com/en/p/7dc5b692-7170-4020-90ac-b44a747ed502,5/9/b/a/59ba311d3a4c20891d0929fd7401df1dfef36e18_eee.jpg,Honor,7dc5b692-7170-4020-90ac-b44a747ed502,789ff49b-ca44-4e29-bff7-b186eb41d837,18653.0,18653.0,True,False,False,Elhashim Store,Smart Phones,Honor X8d,256.0,8.0,4G,Dual-SIM,Light Blue
btech,https://btech.com/en/p/83a0fb8f-f5dd-4b93-b49f-10cfa25217e2,b/7/e/1/b7e1307c37ce69416ce32a4a306db48bcbb9b21e_Screenshot_2026_04_22_162758.png,Tecno,83a0fb8f-f5dd-4b93-b49f-10cfa25217e2,e015e664-c6ca-4f29-b5b7-c7b11788a7e1,6250.0,6250.0,True,False,False,ISM Mobile Shop,Smart Phones,Tecno Spark Go 2,128.0,4.0,4G,Dual-SIM,Ink Black
btech,https://btech.com/en/p/733de384-760a-411c-8f7e-3314036e3417,7/2/b/6/72b6155f641dd1e7744fab82a93ade1c2e30c662_nothing_phone__3a_pro___gray.jpg,Nothing,733de384-760a-411c-8f7e-3314036e3417,e093ab74-d695-482c-864b-ac9d77a5e4db,33999.0,33999.0,True,False,False,2B For Information Technology Systems,Smart Phones,Nothing Phone 3A Pro,256.0,12.0,5G,Dual-SIM,Gray
btech,https://btech.com/en/p/959e5361-a757-48d4-926c-50c95ace0d5b,0/f/f/c/0ffcd675aef88961162fdc2d43b0f057a470fa0c_eg_galaxy_a37_5g_sm_a376_sm_a376bzwpmea_552261010.jpg,Samsung,959e5361-a757-48d4-926c-50c95ace0d5b,1deb4c5f-600c-41f6-adb4-0f3d3c6ef09b,22865.0,22865.0,True,False,False,Elhashim Store,Smart Phones,Samsung Galaxy A37,256.0,8.0,5G,Dual-SIM,Awesome White
btech,https://btech.com/en/p/eb7b1997-ed19-47b8-9ad6-da27d1412d3d,a/a/5/6/aa5655bb4b8cf378688c03b34b3eeb8265a3e282_xiaomi_redmi_note_15_pro_5g_8gb_256gb_6_83_amoled_6580mah_azul__1_.jpg,Xiaomi,eb7b1997-ed19-47b8-9ad6-da27d1412d3d,2e697484-3c98-4b4e-83a5-8f4155038a32,23555.0,23555.0,True,False,False,drmobile,Smart Phones,Xiaomi Redmi Note 15 Pro,512.0,12.0,5G,Dual-SIM,Glacier Blue
btech,https://btech.com/en/p/4424e15f-9810-482d-874e-fa4b6e013c58,9/d/0/7/9d07629f6502b7eb391ca9f13aac6303ab9a40f0_0637d4fd_1e65_46d3_af62_c2b78e6d65d1new.jpg,Realme,4424e15f-9810-482d-874e-fa4b6e013c58,19860b0f-9664-4ab8-9ae3-98d6dd6badd9,27490.0,27490.0,True,False,False,Elhashim Store,Smart Phones,Realme 16 Pro,256.0,12.0,5G,Dual-SIM,Master Gold
btech,https://btech.com/en/p/samsung-galaxy-a56-256gb-8gb-4g-dual-sim-grey,8/9/5/c/895ce29be987861394f99b35e6f7ddc7d7027533_1055e6e368e8472b1924a4a0fe7f8c7941dc787afca02b262a8eab15a2c610a0.jpeg,Samsung,65593538-8ae6-40d0-ac0f-8fff33eec2ea,f1239fab-7373-4639-ac67-4be978e95afd,23299.0,23299.0,True,False,False,Brand shop Samsung  Brand shop Samsung ,Smart Phones,Samsung Galaxy A56,256.0,8.0,4G LTE,Dual-SIM,Light Grey
btech,https://btech.com/en/p/honor-x6c-128gb-6gb-ram-4g-dual-sim-midnight-black,e/4/a/f/e4af0f3ddd9cdfa50d1cff08c9f6311236ab0eee_108c215b1c6ac9a46706a0ea7ac46eb23520431eb2d042f8f50fe5fdb9e44288.jpg,Honor,09167139-00cf-4e46-92dc-0bb644f0523f,0e9e8009-eb7c-4918-aae3-dc7f22aa9e89,7614.0,7614.0,True,False,False,B.TECH,Smart Phones,Honor X6c,128.0,6.0,4G LTE,Dual-SIM,Midnight Black
btech,https://btech.com/en/p/9d9192ee-6e10-4712-b9c5-06f138172770,2/f/d/6/2fd62ba060d1f7cbb204aaf310ef3f61c3df57aa_in_galaxy_a56_5g_sm_a566_sm_a566ezkhins_545211361.jpg,Samsung,9d9192ee-6e10-4712-b9c5-06f138172770,f0d6ef3c-8e89-40a3-a374-8aad74a2e0c3,27333.0,27333.0,True,False,False,Elhashim Store,Smart Phones,Samsung Galaxy A56,256.0,12.0,5G,Dual-SIM,Awesome Graphite
btech,https://btech.com/en/p/apple-iphone-15-128gb-6gb-single-sim-5g-black,1/9/0/5/190582cf9d51f0689b8ce1ca2f6a1a13041d39ac_iPhone_15_Black_PDP_Image_Position_1__en_ME.jpg,Apple,ac093500-8afb-4a01-b057-e6d4eabc1b14,32b26f1c-3ff2-4020-a88a-920f7cc5041b,114974.0,114974.0,True,False,False, Salem Group ,Smart Phones,Apple iPhone 15,128.0,6.0,5G,Single SIM,Black
btech,https://btech.com/en/p/samsung-galaxy-a36-128gb-8gb-ram-5g-dual-sim-awesome-white,2/5/0/c/250ced695ed1728a0f3115abe4fce43b7c06c486_51b74c4859e63db36266280642a8ae4c4c323b8b4ff166ace5afaf5b0203d01d.jpeg,Samsung,a41ea449-13ee-45d2-811c-7fd3b2b55b97,d71f566a-07b4-4235-aff1-415b5e36655d,17937.0,17937.0,True,False,False,Elhashim Store,Smart Phones,Samsung Galaxy A36,128.0,8.0,5G,Dual-SIM,Awesome White
btech,https://btech.com/en/p/51c21b4a-ed70-441e-b5d6-da6383bb68b4,2/b/1/2/2b12d5c8ec81d2dfc782a7dd8d5cd1fd3bf5479a_55478bcb_a7e3_42e7_8a9c_7534aa81eda1.jpg,Infinix,51c21b4a-ed70-441e-b5d6-da6383bb68b4,b202b8ee-2bb2-4303-b20e-593bccfc0fc5,6169.0,6169.0,True,False,False,Elhashim Store,Smart Phones,Infinix Smart 10,64.0,3.0,4G LTE,Dual-SIM,Twilight Gold
btech,https://btech.com/en/p/8da468d5-1f0a-4672-a930-39984025ce80,0/0/e/7/00e794a1be69cc1f49b2b54128a5d092851accc4_c76ab87e_d5b1_4b7a_8762_11aca4e1e58b.jpg,Infinix,8da468d5-1f0a-4672-a930-39984025ce80,b202b8ee-2bb2-4303-b20e-593bccfc0fc5,6888.0,6888.0,True,False,False,ISM Mobile Shop,Smart Phones,Infinix Smart 10,128.0,4.0,4G LTE,Dual-SIM,Sleek Black
btech,https://btech.com/en/p/apple-iphone-17-pro-512b-12gb-ram-5g-cosmic-orange,a/2/a/9/a2a99550ccbd4086aa62f7738ba9da0dac00c141_iPhone_17_Pro_Cosmic_Orange_PDP_Image_Position_1__en_ME.jpg,Apple,2cff5f04-4bed-4cdd-8bd2-3b4e995985ee,51afb35d-1c65-4fa7-88f3-8fcc5e549608,107777.0,107777.0,True,False,False,Ehab Group,Smart Phones,Apple iPhone 17 Pro,512.0,12.0,5G,Dual-SIM,Cosmic Orange
btech,https://btech.com/en/p/apple-iphone-17-air-256gb-8gb-ram-5g-sky-blue,b/d/5/4/bd544560ca86447a1b8ff452935f573301d43dae_iPhone_Air_Sky_Blue_PDP_Image_Position_1__en_ME.jpg,Apple,f3b8a314-d6ca-4082-b7b5-cb9748f3f33c,3cde8f71-ee53-4500-9fe8-7bc7e72bc28d,76381.0,76381.0,True,False,False,B.TECH,Smart Phones,Apple iPhone Air,256.0,8.0,5G,Dual-SIM,Sky Blue
btech,https://btech.com/en/p/apple-iphone-17-pro-max-1tb-12gb-ram-5g-orange,4/3/e/1/43e158500e8491431a164c170e26b9cb8ba8c71c_iPhone_17_Pro_Max_Cosmic_Orange_PDP_Image_Position_1__en_ME.jpg,Apple,8839ed5f-6c24-400f-a600-a181a1bdd7c5,696e6dfe-8f1d-4a02-941f-3f37a4739081,144444.0,144444.0,True,False,False,Ehab Group,Smart Phones,Apple iPhone 17 Pro Max,1024.0,12.0,5G,Dual-SIM,Cosmic Orange
btech,https://btech.com/en/p/xiaomi-redmi-a5-128gb-4gb-ram-4g-dual-sim-midnight-black,1/a/e/c/1aec4fdb98bb8a35fb1b1229edae5ccb6462f510_639d0b19ce278008c575c602202cf338e55fe3b823777c448ab69bd15f8976fb.jpeg,Xiaomi,a67c8992-3eb7-4110-b7d8-96c3813c3734,ef7a2e8e-d568-4627-858d-ea338c0c4aeb,7144.0,7144.0,True,False,False,Elhashim Store,Smart Phones,Xiaomi Redmi A5,128.0,4.0,4G LTE,Dual-SIM,Midnight Black
btech,https://btech.com/en/p/4ae9e589-4232-48b3-8d57-f87c586ce3ac,8/e/4/5/8e45c24bd4d9d977324f81bbf48206f5a1c8ab3d_imgi_220_2273ac73_3791_4d87_99fd_f28ba2582e22.jpg,Vivo,4ae9e589-4232-48b3-8d57-f87c586ce3ac,2d0a4fe6-4f4a-4af8-872f-d8218b9ec190,11200.0,11200.0,True,False,False,VOOC,Smart Phones,Vivo Y21D,256.0,6.0,4G,Dual-SIM,Coral Red
btech,https://btech.com/en/p/58f60e59-2562-44f2-997c-05eb57729b4f,6/6/b/8/66b8d54aaf16a5e19de6f7d8eab657a28c0f8e0f_redmia_a7_pro___orange.jpg,Xiaomi,58f60e59-2562-44f2-997c-05eb57729b4f,d6390345-7c02-4464-821f-1457c467b782,6981.0,6981.0,True,False,False,Elhashim Store,Smart Phones,Xiaomi Redmi A7 Pro,64.0,4.0,4G,Dual-SIM,Sunset Orange
btech,https://btech.com/en/p/ec2d60a2-350d-4a51-bc67-2d8bb45aad1d,1/4/9/6/14969833a927308c9ceb0c265a28d50f8bed95f4_redmia_a7_pro___green.jpg,Xiaomi,ec2d60a2-350d-4a51-bc67-2d8bb45aad1d,d6390345-7c02-4464-821f-1457c467b782,6760.0,6760.0,True,False,False,Elhashim Store,Smart Phones,Xiaomi Redmi A7 Pro,64.0,4.0,4G,Dual-SIM,Palm Green
btech,https://btech.com/en/p/4207ed73-3e95-4b5d-8064-71bacaf3f04d,a/5/6/e/a56e37a623e4c0863cb583c4361ace85266b687b_Vivo_V60_Lite_Dual_Sim_256GB_8GB_Ram_5G__6318_1.jpg,Vivo,4207ed73-3e95-4b5d-8064-71bacaf3f04d,14cf6136-5044-457a-9b2f-c85fe3f36cc8,18176.0,18176.0,True,False,False,B.TECH,Smart Phones,Vivo V60 Lite,256.0,8.0,5G,Dual-SIM,Blue
btech,https://btech.com/en/p/84df8366-bcd2-4714-acb7-e6cf3b8718d8,f/7/7/4/f774edca44995e1107d8d26ba9f25550e60d8ffb_vivo_y21d_dual_sim_mobile_6gb_internal_memory_128gb_ram_4g_lte_green_1_nocx6lv7df47evjh_1_1_1.jpg,Vivo,84df8366-bcd2-4714-acb7-e6cf3b8718d8,2d0a4fe6-4f4a-4af8-872f-d8218b9ec190,10700.0,10700.0,True,False,False,VOOC,Smart Phones,Vivo Y21D,128.0,6.0,4G,Dual-SIM,Jade Green
btech,https://btech.com/en/p/5cb32285-afc5-4366-b1cc-b10ced4fc0a9,f/e/4/c/fe4cfc36d70b4819167f57137b104fdc793f119c_Pre_Order_Oppo_Reno_15F_Dual_Sim_256GB_12GB_Ram5G__6991_1.jpg,Oppo,5cb32285-afc5-4366-b1cc-b10ced4fc0a9,7425bd7d-4075-452c-8bd3-8a0a081091b6,24799.0,24799.0,True,False,False,K&M The Future Makers,Smart Phones,Oppo Reno 15 F,256.0,12.0,5G,Dual-SIM,Twilight Blue
btech,https://btech.com/en/p/infinix-smart-10-64gb-3gb-ram-4g-lte-dual-sim-iris-blue,2/c/a/d/2cad7ac219feddcde5b7ae408ec9437ceabe9372_748833.jpg,Infinix,1d96ed73-ab6e-4d92-843d-7303db4d1697,b202b8ee-2bb2-4303-b20e-593bccfc0fc5,5970.0,5970.0,True,False,False,Elhashim Store,Smart Phones,Infinix Smart 10,64.0,3.0,4G LTE,Dual-SIM,Iris Blue
btech,https://btech.com/en/p/infinix-smart-10-64gb-3gb-ram-4g-lte-dual-sim-sleek-black,d/2/a/1/d2a11d7faf59ea48ee882d96731a8bc36eb4fd29_imgi_2_e6c58e74d88b4e72d860113e19e6bad377ac19e92077b6a9ad6fb2d59caae554.jpg,Infinix,50e1f8d4-0032-436d-97ad-fc39fc5a7d85,b202b8ee-2bb2-4303-b20e-593bccfc0fc5,5209.0,5209.0,True,False,False,B.TECH,Smart Phones,Infinix Smart 10,64.0,3.0,4G LTE,Dual-SIM,Sleek Black
btech,https://btech.com/en/p/infinix-smart-10-128gb-4gb-ram-4g-lte-dual-sim-iris-blue,c/0/e/6/c0e6d8fb9f46ff33bc2893f1d2afc80258664c10_748833.jpg,Infinix,e5c7add4-2a73-478d-89b3-8738211aaaed,b202b8ee-2bb2-4303-b20e-593bccfc0fc5,7368.0,7368.0,True,False,False,yalla-tager,Smart Phones,Infinix Smart 10,128.0,4.0,4G LTE,Dual-SIM,Iris Blue
btech,https://btech.com/en/p/0195166d-be55-4cb6-bbc3-e50cc90dff10,b/b/3/5/bb35d57c1f6a196a468f6f3db2397bb7a1c8d2b9_Honor_600_Pro_Black.jpg,Honor,0195166d-be55-4cb6-bbc3-e50cc90dff10,2d91e361-c899-49f2-bf8c-abdf02c51586,51999.0,51999.0,True,False,False,Ehab Group,Smart Phones,Honor 600 Pro,512.0,12.0,5G,Dual-SIM,Black
btech,https://btech.com/en/p/905873d1-bb39-41bb-9a1e-26c639217abc,1/b/3/8/1b38a6f9d1f5f9f67c27e23189052581cdc56608_xiaomi_redmi_note_15_pro_5g_8gb_256gb_6_83_amoled_6580mah_titanio__1_.jpg,Xiaomi,905873d1-bb39-41bb-9a1e-26c639217abc,2e697484-3c98-4b4e-83a5-8f4155038a32,23555.0,23555.0,True,False,False,drmobile,Smart Phones,Xiaomi Redmi Note 15 Pro,512.0,12.0,5G,Dual-SIM,Titanium
btech,https://btech.com/en/p/e6695557-864a-48b3-a12e-f17cf58ef01d,c/0/0/9/c009b49e78d0a64b59a73ce7cde6d3d091061a58_xiaomi_redmi_note_15_5g_8gb_256gb_6_77_amoled_5520mah_negro.jpg,Xiaomi,e6695557-864a-48b3-a12e-f17cf58ef01d,d042d46d-4356-4be6-9f2c-c1131673cf10,19581.0,19581.0,True,False,False,yalla-tager,Smart Phones,Xiaomi Redmi Note 15,512.0,12.0,5G,Dual-SIM,Black
btech,https://btech.com/en/p/c765d020-83a0-4069-b912-489efba974e7,c/b/a/a/cbaa3bf1b73633cf78fb727256865dcbe37a4041_iPhone_16_Pro_Max_Black_Titanium_PDP_Image_Position_1__en_ME.jpg,Apple,c765d020-83a0-4069-b912-489efba974e7,1dfd2d38-70af-4b1a-b39e-c61a301da6a2,127999.0,127999.0,True,False,False, Salem Group ,Smart Phones,Apple iPhone 16 Pro Max,512.0,8.0,5G,Single SIM,Black Titanium
btech,https://btech.com/en/p/32d65959-1179-4b03-a2b5-e97a6397ade7,f/a/6/d/fa6dae2b4525b8b12c2fd526e16cd76fcc380677_xiaomi_redmi_15_gray_1.jpg,Xiaomi,32d65959-1179-4b03-a2b5-e97a6397ade7,9b0046fe-22c4-4d0c-9caf-da39c5b2d8e4,10023.0,10023.0,True,False,False,yalla-tager,Smart Phones,Xiaomi Redmi 15,128.0,6.0,4G,Dual-SIM,Titan Gray
btech,https://btech.com/en/p/honor-400-256gb-12gb-ram-4g-lte-dual-sim-desert-gold,d/8/9/b/d89bfd1a8999f5c7bd334b285dfbe876ab5663f0_db8cc4bfdb0a5ee9683dd03ce7d91f6837301b2dae3c5e435233bc69225682b3.jpeg,Honor,23b693ad-1fdd-449d-9f26-c2e68b830554,66ff735e-7126-4ea7-840f-db84acfa93b5,29887.0,29887.0,True,False,False,yalla-tager,Smart Phones,Honor 400,256.0,12.0,4G LTE,Dual-SIM,Desert Gold
btech,https://btech.com/en/p/honor-400-256gb-12gb-ram-4g-lte-dual-sim-meteor-silver,2/5/7/6/257671b7511cfc314fb4122f44a3af48b23f8097_53a3a823e516ab99db04ae3d261c4ac78a85b79628dccdc702cd9f289477478e.jpeg,Honor,0d689dc4-2dd1-4f43-bf57-83fc2b0bea40,66ff735e-7126-4ea7-840f-db84acfa93b5,23678.0,23678.0,True,False,False,B.TECH,Smart Phones,Honor 400,256.0,12.0,4G LTE,Dual-SIM,Meteor Silver
btech,https://btech.com/en/p/honor-400-512gb-12gb-ram-4g-lte-dual-sim-midnight-black,3/f/2/9/3f291aaeedf70a38a9fba781a6c04ee57e8af1ed_e41c376d705a49151e00f3d47893f93b731f82a4851a421a74c21ac6283e1d66.jpeg,Honor,e5ce0a38-89f8-41bc-8a8d-6abcae71165f,66ff735e-7126-4ea7-840f-db84acfa93b5,28888.0,28888.0,True,False,False,Elhashim Store,Smart Phones,Honor 400,512.0,12.0,4G LTE,Dual-SIM,Midnight Black
btech,https://btech.com/en/p/honor-400-lite-256gb-8gb-4g-dual-sim-mars-green,a/2/b/7/a2b754a599a42c6bffd27d353e971a41dba8b1e0_ffa964575e6f3e6fbf4caa4c5437bd7793f8faa910b5da710c094b741ffc5770.jpeg,Honor,877bd97d-e124-4789-a6f7-d2bc94181c25,efbdd1a9-c631-497a-b2f9-35c0bd0a20f8,20346.0,20346.0,True,False,False,yalla-tager,Smart Phones,Honor 400 Lite,256.0,8.0,4G LTE,Dual-SIM,Mars Green
btech,https://btech.com/en/p/honor-400-lite-256gb-8gb-4g-dual-sim-velvet-black,f/1/b/3/f1b37a960b3ec4bd1433b5b8a48519283403fd23_820d1ca7b8a896fb256b6c439d9ebd210777ed1a4a05e1892a30015427acb1bb.jpeg,Honor,55192508-8877-4afd-9d6b-1c14d8faab2e,efbdd1a9-c631-497a-b2f9-35c0bd0a20f8,22866.0,22866.0,True,False,False,yalla-tager,Smart Phones,Honor 400 Lite,256.0,8.0,4G LTE,Dual-SIM,Velvet Black
btech,https://btech.com/en/p/honor-400-pro-512gb-12gb-ram-5g-dual-sim-lunar-grey,9/d/6/6/9d66747222386b30fe56b8113d45fcd78ecde6ed_91ba4b113dae639aa96ca4bc8870e4a733ffe089d0703bd3fbaf3aa43063ff20.jpeg,Honor,2bb11c0d-faf4-46c8-b66a-3bc4dbd562b3,67a24888-1e46-4b5e-998e-02d7c49715dc,39399.0,39399.0,True,False,False,2B For Information Technology Systems,Smart Phones,Honor 400 Pro,512.0,12.0,5G,Dual-SIM,Lunar Grey
btech,https://btech.com/en/p/honor-magic-v5-512gb-16gb-ram-5g-dual-sim-reddish-brown,e/0/8/a/e08abafa62f96b31eda3171c37198356c7d356c4_b86dfd0e9ee019d12b58d205db560bbf6cdaf02039cfc9e46fc7cad182d7a0e0.jpeg,Honor,bc63ae41-a40c-4d78-ad98-b01f87d6f854,50207947-a123-4b5f-9a91-865ded48c6cd,94699.0,94699.0,True,False,False,2B For Information Technology Systems,Smart Phones,Honor Magic V5,512.0,16.0,5G,Dual-SIM,Reddish Brown
btech,https://btech.com/en/p/41d966dd-e616-4bc5-998b-e299c1f2008a,d/c/a/c/dcac8e21cf492eabebddf5dee10cfce3409ef4c3_Designer__6_.png,Honor,41d966dd-e616-4bc5-998b-e299c1f2008a,1e09a55c-3103-4f5a-85de-8be523a61a15,72714.0,72714.0,True,False,False,B.TECH,Smart Phones,Honor Magic8 Pro,512.0,12.0,5G,Dual-SIM,Sky Cyan
btech,https://btech.com/en/p/7fe007fa-0421-4ca3-bda7-df92969ad2e4,2/c/d/1/2cd187d41f48f1d6a43c6bedcc8911efd164e872_Screenshot_2026_01_15_115842.png,Honor,7fe007fa-0421-4ca3-bda7-df92969ad2e4,c946bce5-a99f-4fe2-aa1e-e463929f15a9,70599.0,70599.0,True,False,False,2B For Information Technology Systems,Smart Phones,Honor Magic8 Pro,512.0,12.0,5G,Dual-SIM,Sunrise Gold
btech,https://btech.com/en/p/honor-x8c-512gb-8gb-ram-4g-lte-dual-sim-moonlight-white,9/b/7/6/9b763477a45ad05c05616a2398881cfbbde6d48b_5b865c2646cb3c419f805c4f2f78e5232253416594273b07212a56cd5bf50614_1.jpeg,Honor,7ba3e196-0fcf-41da-946f-ca58496c332e,96e7fe02-ef4d-49e4-85bf-c47bdb7c517e,15505.0,15505.0,True,False,False,B.TECH,Smart Phones,Honor X8C,512.0,8.0,4G LTE,Dual-SIM,Moonlight White
btech,https://btech.com/en/p/nothing-phone-3a-256gb-12gb-ram-5g-dual-sim-black,f/0/e/b/f0eb0b3118b23490da8cdf1807530ff2db1d183a_1222090a6cde657cff180bd73a3b377eb299fec64bf97405467fe8880f324e7c.jpeg,Nothing,ed22e609-f4ae-4c36-9fa9-e9cc01cb1bc6,ec9b768a-2ee1-4e75-93e9-5bbc9d3534d9,24625.0,24625.0,True,False,False,B.TECH,Smart Phones,Nothing Phone 3A,256.0,12.0,5G,Dual-SIM,Black
btech,https://btech.com/en/p/nothing-phone-3a-256gb-12gb-ram-5g-dual-sim-blue,b/9/e/f/b9ef44899e7cf813bd3f1b827c0e0caebe68bd27_7ec580eaeeda953de87b3cb6bb92992cf4dc72290f23e09955dcdab4f0f4edab.jpg,Nothing,b2f84618-db19-4360-9426-e4c19bc0e33d,ec9b768a-2ee1-4e75-93e9-5bbc9d3534d9,24999.0,24999.0,True,False,False,2B For Information Technology Systems,Smart Phones,Nothing Phone 3A,256.0,12.0,5G,Dual-SIM,Blue
btech,https://btech.com/en/p/nothing-phone-3a-256gb-12gb-ram-5g-dual-sim-white,6/8/2/0/6820829685d12cb8cd38707bc9faa4b1ed9c4cf7_55e7be9fffb5b9178eef35ef354868798f8dca48bcefb193b1d5a3e08bda31f4.jpeg,Nothing,cf3ea80f-31d2-4e0a-9b37-71f7fb03f9a0,ec9b768a-2ee1-4e75-93e9-5bbc9d3534d9,24999.0,24999.0,True,False,False,2B For Information Technology Systems,Smart Phones,Nothing Phone 3A,256.0,12.0,5G,Dual-SIM,White
btech,https://btech.com/en/p/vivo-y04-256gb-4gb-ram-4g-lte-dual-sim-dark-green,a/b/1/b/ab1b5c56b46019b54a0e02c9a38f3f78ceee6c6a_imgi_2_c285bd969f58019e3145bfcf1ec123d2e0ba8cafad177efba43e6448818f3c20.jpg,Vivo,3064b9b8-5cba-4e3b-a93f-df01a4531f01,c3303898-493c-40af-adfb-23704035e06c,8450.0,8450.0,True,False,False,888mobilestore,Smart Phones,Vivo Y04,256.0,4.0,4G LTE,Dual-SIM,Dark Green
btech,https://btech.com/en/p/vivo-y04-64gb-4gb-ram-4g-lte-dual-sim-titanium-gold,0/4/9/1/049132345206a8aa5c1fbb6e8aefd799d02ccdf1_7d7eb83b9034e5ed311183c4d7af7f502c257c7abad1a953fa964381e165ce67.jpeg,Vivo,39048b6d-ee49-4a24-b0fc-8f400f71343a,c3303898-493c-40af-adfb-23704035e06c,5756.0,5756.0,True,False,False,B.TECH,Smart Phones,Vivo Y04,64.0,4.0,4G LTE,Dual-SIM,Titanium Gold
btech,https://btech.com/en/p/257eff3e-6bb1-4663-91b5-68bccc224351,9/4/b/0/94b0fb49911a7148ea5561f6493ca59852a51f68_vivo_y19s_pro_black_1_1.jpg,Vivo,257eff3e-6bb1-4663-91b5-68bccc224351,496336be-b8aa-4910-a66d-bace98dac3af,12450.0,12450.0,True,False,False,yalla-tager,Smart Phones,Vivo Y19S Pro,128.0,6.0,4G LTE,Dual-SIM,Black
btech,https://btech.com/en/p/xiaomi-note-14-256gb-8gb-4g-dual-sim-ice-blue-local-version,9/d/4/3/9d43899c2f3003063ae3cf51c7ce2bd3b5af9e35_52334ab7cd80de91ab81ba8fb69650c260cbeb39c4f00d200ec8a2bf8b59a056.jpg,Xiaomi,a36dabaa-c8d3-4881-81ea-453ad6c6836e,7b4549ac-0e2b-46f3-8436-0c9457c9b40e,9787.0,9787.0,True,False,False,B.TECH,Smart Phones,Xiaomi Note 14,256.0,8.0,4G,Dual-SIM,Ice Blue
btech,https://btech.com/en/p/87a3e01c-41b2-49b3-a8cc-c012709ae8f5,7/3/6/2/7362376327cf54bb379efe32e0145ff71ed28217_Tecno_Camon_40_Pro_Dual_Sim_256GB_12GB_RAM_5G__6594_1.jpg,Tecno,87a3e01c-41b2-49b3-a8cc-c012709ae8f5,bb31e2ef-d2f7-4ab7-892c-bea253a3775b,18111.0,18111.0,True,False,False,ISM Mobile Shop,Smart Phones,Tecno Camon 40 Pro,256.0,12.0,,,Galaxy Black
btech,https://btech.com/en/p/honor-x6c-128gb-6gb-ram-4g-dual-sim-ocean-cyan,0/5/a/9/05a9e633669d564ca972c7fa544a951869eae0ad_d27f16f187ddebc68b5305b7bc5fc7fb8e7fbc994bd74a7e36c19f4a26016420.jpeg,Honor,0e85389e-84a1-47e1-853f-b4f485c81265,0e9e8009-eb7c-4918-aae3-dc7f22aa9e89,9699.0,9699.0,True,False,False,Remoz,Smart Phones,Honor X6c,128.0,6.0,4G LTE,Dual-SIM,Ocean Cyan
btech,https://btech.com/en/p/apple-iphone-17-256gb-8gb-ram-5g-white,0/d/1/7/0d17e031163439a9523043946c8103c1a1477713_iPhone_17_White_PDP_Image_Position_1__en_ME.jpg,Apple,283c579d-88a4-49be-9dae-a06d72fe0bf5,6cbe14d6-89fc-40cf-93e6-d32d67b5022e,69499.0,69499.0,True,False,False,K&M The Future Makers,Smart Phones,Apple iPhone 17,256.0,8.0,5G,Dual-SIM,White
btech,https://btech.com/en/p/62455c42-8ab2-4ede-bbf3-dde316b59954,b/3/c/7/b3c71927bf27ef8dc179e475885ff441f3b00323_Honor_600_5G_Golden_White_1.jpg,Honor,62455c42-8ab2-4ede-bbf3-dde316b59954,609ecdae-2293-46e2-9c0d-14296e9cc483,31699.0,31699.0,True,False,False,drmobile,Smart Phones,Honor 600,256.0,12.0,5G,Dual-SIM,Light Gold
btech,https://btech.com/en/p/18cb604e-cc9d-4383-b3fb-5df3a0e91c87,6/d/e/e/6deebb65f60f8358c16bcc1145d95ea8c503182d_imgi_256_d06a1b90_2788_41cf_9b77_d95737a7e192.jpg,Itel,18cb604e-cc9d-4383-b3fb-5df3a0e91c87,323510c5-8d2a-4798-98d3-94c0cc030398,5373.0,5373.0,True,False,False,yalla-tager,Smart Phones,Itel A90,64.0,3.0,4G,Dual-SIM,Space Titanium
btech,https://btech.com/en/p/oppo-reno-14f-256gb-12gb-5g-dual-sim-opal-blue-cph2743,8/b/5/9/8b5906d74200a066f337661cac6f420057bdf9d5_2a08d648cae04b235d0b30c97247398e5e0620bdba0b5f138917778d8ce57f76.jpg,Oppo,57f1e943-f2e3-4926-9a0e-aca68c06aec7,8d93dea3-8a2a-48cd-be9d-ae4818671a9a,24222.0,24222.0,True,False,False,ISM Mobile Shop,Smart Phones,Oppo Reno 14F,256.0,12.0,5G,Dual-SIM,Blue
btech,https://btech.com/en/p/realme-note-60x-128gb-4gb-4g-dual-sim-marble-black,8/9/d/c/89dc785804707806b992793c5d156fbcacb06ec8_4ea74ceb4837ea9677ff46472c8c0bf2baa90c9749251fb6473cb1fc3b71169d.jpg,Realme,739f5add-ca9b-4a52-8e69-f61c567942a5,d175b59b-f4b2-46a5-9e70-7b096d51b485,8090.0,8090.0,True,False,False,Radio. Talaat ,Smart Phones,Realme Note 60x,128.0,4.0,4G LTE,Dual-SIM,Black
btech,https://btech.com/en/p/samsung-galaxy-a56-128gb-8gb-4g-dual-sim-grey,1/2/5/2/1252555c7905c304fa2e804c2866e7a2ca7f8e3c_d6a6a37a472d0e4eae2958d4c064a41145389e040e7bbcdf17e20aa8f1caf32a.jpg,Samsung,63dc8400-94fb-41b3-8109-c239283e31dc,f1239fab-7373-4639-ac67-4be978e95afd,23599.0,23599.0,True,False,False,2B For Information Technology Systems,Smart Phones,Samsung Galaxy A56,128.0,8.0,4G LTE,Dual-SIM,Light Grey
btech,https://btech.com/en/p/samsung-galaxy-s25-ultra-256gb-12gb-5g-dual-sim-titanium-grey1,0/c/3/a/0c3ac9da5fe201f35197a03c3318465b7ff946ad_f818e6c606dcad6f55aa4b1c7686d14a7fb5dade79e0221cbc4f3475d9feb5d7.jpeg,Samsung,e0f74daa-3c16-4dba-862d-95d797d0dd7a,26f753fb-18fb-4f93-8cea-6b3ca7c2f480,65444.0,65444.0,True,False,False,Elhashim Store,Smart Phones,Samsung Galaxy S25 Ultra,256.0,12.0,5G,Dual-SIM,Titanium Grey
btech,https://btech.com/en/p/vivo-v50-lite-256gb-8gb-4g-lte-dual-sim-green,d/2/3/4/d234931fa3ff5281dec79705df5dc606b464c3ed_8ace364a5688e1e7aaa4481deebddd6b0c512f7e5fb3ff6f99ffec4029c31411.jpg,Vivo,b977e677-94e2-4865-9c14-2908922d1e0a,8dfd037d-e84c-4af2-b5f9-47ef08ca5c5c,15226.0,15226.0,True,False,False,Aymen elsoudy,Smart Phones,Vivo V50 Lite,256.0,8.0,4G,Dual-SIM,Silk Green
btech,https://btech.com/en/p/xiaomi-redmi-note-10s-128gb-6gb-gy,7/6/d/2/76d2945669fdcd0143dd326ae77ec48c97d19906_redmi_note_10s_bk_4.jpg,Xiaomi,5e1c3327-8925-4cc5-b545-cb573ddbb249,cb2be274-ce36-4888-ade8-2ff489940363,9305.0,9305.0,True,False,False,iq shop ,Smart Phones,Xiaomi Redmi Note 10s,128.0,6.0,4G LTE,Dual-SIM,Onyx Gray
btech,https://btech.com/en/p/f4d2a694-7e9a-45be-b508-07f6a858e274,d/5/4/b/d54bdc96b942294f74712c788b8b3f327d6152f9_17e9a189_514c_477b_9daf_e48412b1fbf6.jpg,Infinix,f4d2a694-7e9a-45be-b508-07f6a858e274,903d1096-9f0e-40ed-be1b-48b7325036ba,8880.0,8880.0,True,False,False,yalla-tager,Smart Phones,Infinix Hot 60,128.0,6.0,5G,Dual-SIM,Tundra Green
btech,https://btech.com/en/p/5cdab7d8-9613-4ac8-b869-451d8960521b,b/8/6/6/b8663bff59bed9d15a17a192f601480b0df53085_800_800_90Percent_79A29F2FC6693AD0A278C6253A984AEE472F5EA5C449648Fmp.jpg,Honor,5cdab7d8-9613-4ac8-b869-451d8960521b,fabad48f-cc87-42c1-abff-1190c7979af0,16000.0,16000.0,True,False,False,VOOC,Smart Phones,Honor X7d,256.0,8.0,5G,Dual-SIM,Velvet Black
btech,https://btech.com/en/p/9afea965-0a1f-42d6-ae22-a618d6b41ba1,d/4/c/4/d4c4058cf9d7b32c30fd6fc980e102fccbe818e8_a566bc09_9c63_41c9_b460_36ca48c61094.jpg,Infinix,9afea965-0a1f-42d6-ae22-a618d6b41ba1,903d1096-9f0e-40ed-be1b-48b7325036ba,8919.0,8919.0,True,False,False,yalla-tager,Smart Phones,Infinix Hot 60,128.0,6.0,5G,Dual-SIM,Shadow Blue
btech,https://btech.com/en/p/65973ad9-358f-4b08-b97b-a91611b23159,3/c/a/0/3ca07c480c43119c638d99b1a01e4794766aa624_54194a38_5f37_4ae0_b2d5_04b4c201104f.jpg,Infinix,65973ad9-358f-4b08-b97b-a91611b23159,a5a9e774-7ffa-49ae-9ed5-99e17eb82f3a,15150.0,15150.0,True,False,False,Mobile plus 1,Smart Phones,Infinix Note 50S,256.0,8.0,5G,Dual-SIM,Mystic Plum
btech,https://btech.com/en/p/apple-iphone-16-pro-max-256gb-5g-desert-titanium,7/d/1/a/7d1a1a5755d97230d477c2af1e42ad89af2f6668_740610447af83c712fe61786f7c6965bcf0b721a27c1744edc2296a57fa6004d.jpeg,Apple,7cf082c5-a68b-496c-935f-1b034e5bc0d4,1dfd2d38-70af-4b1a-b39e-c61a301da6a2,127999.0,127999.0,True,False,False, Salem Group ,Smart Phones,Apple iPhone 16 Pro Max,256.0,8.0,5G,Single SIM,Desert Titanium
btech,https://btech.com/en/p/apple-iphone16-plus-128gb-5g-ultramarine,4/d/0/c/4d0cd824b622c7455a67d621d0a24f141f23e06c_iPhone_16_Plus_Ultramarine_PDP_Image_Position_1__en_ME.jpg,Apple,571d41d7-9e39-43ea-a87a-a6e5aa753a60,aded1c0e-0d78-4f91-8b0b-083f61fba3af,71399.0,71399.0,True,False,False,2B For Information Technology Systems,Smart Phones,Apple iPhone 16 Plus,128.0,8.0,5G,Single SIM,Ultramarine
btech,https://btech.com/en/p/oppo-reno-14f-256gb-12gb-5g-dual-sim-green-cph2743,a/9/b/f/a9bf8a0998b24b558b9caa9db1ebe5cbab551d72_8e1d2a40617c57416d36981df2978345c92a72e95e3318bcaf81457d281d30ff.jpg,Oppo,1689af0d-46a0-4a9d-af8a-4979ec281aa4,8d93dea3-8a2a-48cd-be9d-ae4818671a9a,24222.0,24222.0,True,False,False,ISM Mobile Shop,Smart Phones,Oppo Reno 14F,256.0,12.0,5G,Dual-SIM,Green
btech,https://btech.com/en/p/20c5be7e-dc9a-4765-a764-58a176d5863a,2/8/c/6/28c6b502bce0e42de4c5578b14d6eeacbae36e16_xiaomi_redmi_note_15_pro_5g_8gb_256gb_6_83_amoled_6580mah_azul__1_.jpg,Xiaomi,20c5be7e-dc9a-4765-a764-58a176d5863a,2e697484-3c98-4b4e-83a5-8f4155038a32,20999.0,20999.0,True,False,False,drmobile,Smart Phones,Xiaomi Redmi Note 15 Pro,256.0,12.0,5G,Dual-SIM,Glacier Blue
btech,https://btech.com/en/p/5bb6267c-6bd1-4bb0-8928-57d626b430b0,d/a/a/f/daafc2233c554eaa2bf817cf5eb84aff11ed58b2_imgi_9_gray_1_3_1.jpg,Honor,5bb6267c-6bd1-4bb0-8928-57d626b430b0,789ff49b-ca44-4e29-bff7-b186eb41d837,17850.0,17850.0,True,False,False,B.TECH,Smart Phones,Honor X8d,512.0,8.0,4G,Dual-SIM,Velvet Grey
btech,https://btech.com/en/p/apple-iphone-13-128gb-4gb-starlight-jap,9/4/9/c/949c87e8dcd35e24bff4f53bd4adfa448189cf19_iPhone_13_Starlight_PDP_Image_position_1_EN.jpg,Apple,ecf80460-c756-4831-b4a3-49fbb06196d3,40537272-0e77-4454-97ca-f8ded865674a,40409.0,40409.0,True,False,False,Elhashim Store,Smart Phones,Apple iPhone 13,128.0,4.0,5G,Single SIM,Starlight
btech,https://btech.com/en/p/motorola-moto-g35-256gb-8gb-5g-dual-sim-guava-red,c/e/6/3/ce6391729b8e809880dfa4966e94425ce52cf21d_11.png,Motorola,b0e3c0df-6f9a-407f-85f1-908c37c2d567,1014e5b7-5d34-4e73-9ff0-ebcc3f08fea7,8989.0,8989.0,True,False,False,Remoz,Smart Phones,Motorola Moto G35,256.0,8.0,5G,Dual-SIM,Guava Red
btech,https://btech.com/en/p/xiaomi-redmi-a5-128gb-4gb-ram-4g-lte-dual-sim-sandy-gold,a/3/c/3/a3c3bc884c36cf9828743c796f609527a5f28842_bf412872ae8189266710d811f6ae15db0b967f40fadda920c289749ba0c51e2e.jpeg,Xiaomi,2cc34b8e-319c-469e-b590-aabf8dbb3213,ef7a2e8e-d568-4627-858d-ea338c0c4aeb,9500.0,9500.0,True,False,False,VOOC,Smart Phones,Xiaomi Redmi A5,128.0,4.0,4G LTE,Dual-SIM,Sandy Gold
btech,https://btech.com/en/p/3aa3f81c-e866-4bce-897b-d1d469cd9906,4/c/7/2/4c72e2904036a36f189a11d401b8fd8f7bb7413f_0bf9af11d66442ef2d36d40dcae1e46f75d72fd7203216082dfbca8d5bf7ddd2.jpeg,Xiaomi,3aa3f81c-e866-4bce-897b-d1d469cd9906,ef7a2e8e-d568-4627-858d-ea338c0c4aeb,7890.0,7890.0,True,False,False,Elhashim Store,Smart Phones,Xiaomi Redmi A5,128.0,4.0,4G LTE,Dual-SIM,Lake Green
btech,https://btech.com/en/p/ec99d4aa-de98-468f-a879-b16f938780ae,b/9/d/7/b9d78f37659ce596a23a392a13633047c3aea439_eg_galaxy_a37_5g_sm_a376_sm_a376blvpmea_552260869.jpg,Samsung,ec99d4aa-de98-468f-a879-b16f938780ae,1deb4c5f-600c-41f6-adb4-0f3d3c6ef09b,24999.0,24999.0,True,False,False,Ehab Group,Smart Phones,Samsung Galaxy A37,256.0,12.0,5G,Dual-SIM,Awesome Lavender
btech,https://btech.com/en/p/realme-c75-128gb-8gb-4g-lte-dual-sim-lightning-gold,2/4/9/4/2494d2ecd343eda3f0d05affc73ef6bbf5e75f60_f03d8d7bc0e19b5d0f5645f7ad170820aab715b93eee24b9722a28013a4b9d92.jpeg,Realme,c34415d7-e623-4554-920d-7865289eeada,1802d8e4-efc7-4d6c-9a0c-6253fe502e7e,9800.0,9800.0,True,False,False,B.TECH,Smart Phones,Realme C75,128.0,8.0,4G LTE,Dual-SIM,Gold
btech,https://btech.com/en/p/f9666e5c-1ba6-4bd1-be76-ad0d2fb45a27,5/0/1/c/501cf29acfc14bdc7aa664ac8c5ab446be291e32_Screenshot_2026_04_12_142420.png,Vivo,f9666e5c-1ba6-4bd1-be76-ad0d2fb45a27,0e2b7499-6ea6-49a3-90a0-451e24c23d02,22999.0,22999.0,True,False,False,B.TECH,Smart Phones,Vivo V70 FE,256.0,8.0,5G,Dual-SIM,Northern Lights Purple
btech,https://btech.com/en/p/91f6660e-e6d5-464b-908e-e2539b72a4df,2/f/d/2/2fd20a7b496828882bd753e0eb69069f9a46e337_72998536756.jpg,Oppo,91f6660e-e6d5-464b-908e-e2539b72a4df,89ec565b-1663-465c-8814-26a6d05c89f4,32780.0,32780.0,True,False,False,drmobile,Smart Phones,Oppo Reno 15,512.0,12.0,5G,Dual-SIM,Aurora Blue
btech,https://btech.com/en/p/apple-iphone-16-128gb-5g-black,5/3/c/0/53c04168b14e73444ce35bccdd9a45e7ebabefd7_iPhone_16_Black_PDP_Image_Position_1__en_ME.jpg,Apple,9771b9e8-4d39-45af-a947-4abac4d7e434,dd946752-d0dd-4a45-84a0-739407a4ea7d,59555.0,59555.0,True,False,False,drmobile,Smart Phones,Apple iPhone 16,128.0,8.0,5G,Single SIM,Black
btech,https://btech.com/en/p/5b5567af-5d02-4b93-beec-33b113d4ddde,1/9/f/9/19f9b1074d341182b75ab787d7b7c27c694fcf64_Designer__51_.png,Oppo,5b5567af-5d02-4b93-beec-33b113d4ddde,0615a91f-5b2e-425c-a879-8f43663c1cb9,15198.0,15198.0,True,False,False,Remoz,Smart Phones,Oppo A6,256.0,8.0,4G,Dual-SIM,Aurora Gold
btech,https://btech.com/en/p/samsung-galaxy-a56-256gb-12gb-ram-5g-dual-sim-pink,3/9/c/a/39ca96e70ae9551687d2e306e7e82d46d7e87139_5313feacfb34c83ee7502ba878ff6b4f6afcc4a9519eec6b6cfabc4ecce4a3fd.jpeg,Samsung,0bed6f3c-da3a-450b-97be-f542f25cd417,f0d6ef3c-8e89-40a3-a374-8aad74a2e0c3,27388.0,27388.0,True,False,False,Elhashim Store,Smart Phones,Samsung Galaxy A56,256.0,12.0,5G,Dual-SIM,Awesome Pink
btech,https://btech.com/en/p/bf472e23-d56b-4ef1-8ce0-1116a7514f24,8/1/7/3/81731352914259fecbd1d7143651e00290cd9fce_8585a66f828b42494481563feb1dad1df4dd07c9484f2909c327877e2287532c.jpeg,Realme,bf472e23-d56b-4ef1-8ce0-1116a7514f24,0a85570c-c042-46e6-bd83-1c71b67adfb2,9495.0,9495.0,True,False,False,drmobile,Smart Phones,Realme C71,128.0,6.0,4G,Dual-SIM,White Swan
btech,https://btech.com/en/p/eaee1cca-1f57-4748-bf14-bfcc07e73eee,b/7/c/f/b7cff98033942010a65d1bea9340172088f9ef59_04794b7b0b29f27c5fd4635594a20af1201a4effdcd280c6b33d6342f4045e8c.jpeg,Realme,eaee1cca-1f57-4748-bf14-bfcc07e73eee,d175b59b-f4b2-46a5-9e70-7b096d51b485,6064.0,6064.0,True,False,False,B.TECH,Smart Phones,Realme Note 60x,64.0,3.0,4G LTE,Dual-SIM,Green
btech,https://btech.com/en/p/samsung-galaxy-a26-256gb-8gb-ram-4g-lte-dual-sim-black,c/6/6/c/c66ca04553ff9182d00eae6a3d93730595bf9fbc_a52aa1074a47c92ba3d327882f960485c1e3ec32b940989cfceb75d6d2c16c9a.jpeg,Samsung,b9cbbc18-8083-4e51-88b7-b62971c8acfd,a7c519ec-18b0-4c28-9af1-70880abec191,16899.0,16899.0,True,False,False,Ehab Group,Smart Phones,Samsung Galaxy A26,256.0,8.0,4G LTE,Dual-SIM,Black
btech,https://btech.com/en/p/xiaomi-redmi-a5-64gb-4gb-ram-4g-lte-dual-sim-midnight-black,4/c/a/6/4ca6cd5d093b5cd7620ecf72cdba484570ddb7df_639d0b19ce278008c575c602202cf338e55fe3b823777c448ab69bd15f8976fb.jpg,Xiaomi,b90807b3-e689-4600-ad3c-7e7adeaaefe5,ef7a2e8e-d568-4627-858d-ea338c0c4aeb,7031.0,7031.0,True,False,False,yalla-tager,Smart Phones,Xiaomi Redmi A5,64.0,4.0,4G LTE,Dual-SIM,Midnight Black
btech,https://btech.com/en/p/samsung-galaxy-a56-128gb-8gb-5g-dual-sim-graphite,0/0/5/7/00571e2229446eb7f49ae21f1c93ecc8a8a398a6_3fbb2bf25170307d7e283edf665d7a9fbab27c4cb32526c68dd3d78aca38d35e.jpeg,Samsung,799a103e-1293-4b69-a269-ec443798ef12,f0d6ef3c-8e89-40a3-a374-8aad74a2e0c3,21555.0,21555.0,True,False,False,ISM Mobile Shop,Smart Phones,Samsung Galaxy A56,128.0,8.0,5G,Dual-SIM,Awesome Graphite
btech,https://btech.com/en/p/oppo-a5-pro-256gb-8gb-ram-5g-dual-sim-mocha-brown,4/0/f/7/40f7e67322549f289b4e6985bb08654e6b2f6b25_51bb7dc5312276ae30fd1d6331461781d7d09a35f12bd4b96fa1cf36cfc1dd47.jpeg,Oppo,32a25682-9d61-4663-88d8-ae93da6de710,ce609c08-a7d4-4644-9a47-f7e178635326,17900.0,17900.0,True,False,False,yalla-tager,Smart Phones,Oppo A5 Pro,256.0,8.0,4G LTE,Dual-SIM,Mocha Brown
btech,https://btech.com/en/p/oppo-a16-dual-sim-64gb-4gb-ram-4g-lte-crystal-black,1/3/a/3/13a309d27f257d87ca0940226ad5c1888b354828_oppo_a16_6gb_4gb_black_4.jpg,Oppo,eb61a224-4997-4003-9ba3-dc04f1cee359,fe083203-6daa-48d6-8409-5c3f499e2365,7260.0,7260.0,True,False,False,yalla-tager,Smart Phones,Oppo A16,64.0,4.0,4G LTE,Dual-SIM,Crystal Black
btech,https://btech.com/en/p/samsung-galaxy-a56-128gb-8gb-ram-5g-dual-sim-pink,1/7/3/9/17396b86cae5bb749e5bbd5476744aeb92d7ad82_5313feacfb34c83ee7502ba878ff6b4f6afcc4a9519eec6b6cfabc4ecce4a3fd.jpeg,Samsung,5b46daad-affc-42ba-abbd-bc2d180a229d,f0d6ef3c-8e89-40a3-a374-8aad74a2e0c3,22411.0,22411.0,True,False,False,yalla-tager,Smart Phones,Samsung Galaxy A56,128.0,8.0,5G,Dual-SIM,Awesome Pink
btech,https://btech.com/en/p/apple-iphone-16-128gb-5g-ultramarine,b/3/a/9/b3a9e2666d2d624a6cb372b72aa89b907bb8a34a_c9ffb17f533c200d7328b27749791017a28ee55d_a3dff4b3e6ebabd3623e22345afd72605c6ac5644e3b26557edf99.jpg,Apple,166102dd-6ba0-4270-9927-26c9d76036cf,dd946752-d0dd-4a45-84a0-739407a4ea7d,59555.0,59555.0,True,False,False,drmobile,Smart Phones,Apple iPhone 16,128.0,8.0,5G,Single SIM,Blue
btech,https://btech.com/en/p/motorola-moto-g35-256gb-8gb-5g-dual-sim-midnight-black,3/a/a/0/3aa05f494d3f3606474acb050104c62bca69671c_fea9fb9178f755973539f8425b795968f29403ef6df8492239fd45c689c5acd9.png,Motorola,7cae896e-15b6-4aec-957d-3a4c82a4b6bf,1014e5b7-5d34-4e73-9ff0-ebcc3f08fea7,9222.0,9222.0,True,False,False,Ehab Group,Smart Phones,Motorola Moto G35,256.0,8.0,5G,Dual-SIM,Midnight Black
btech,https://btech.com/en/p/samsung-galaxy-a56-128gb-8gb-ram-5g-dual-sim-olive,5/2/c/d/52cd72814e8fe96a68e9939fbc7a8d8eaf77c85a_759b7285ba05f945c81315529ea633e1f1bb821f1f5a36ff12cdbf6c3a19401f.jpeg,Samsung,41adddc2-027d-407f-940a-c35de4a38c5e,f0d6ef3c-8e89-40a3-a374-8aad74a2e0c3,22356.0,22356.0,True,False,False,yalla-tager,Smart Phones,Samsung Galaxy A56,128.0,8.0,5G,Dual-SIM,Awesome Olive
btech,https://btech.com/en/p/honor-x6c-128gb-6gb-ram-4g-dual-sim-moonlight-white,f/d/0/0/fd00fa381b494f9c92f3422d02d37d2d319d07c6_0a61b447151a6d3c8c9e5b28e08344b9c097216a6f6d147e36ac9bbb0f5d21b1.jpeg,Honor,a1a4a1a8-1d17-4291-8d44-c83d11360b07,0e9e8009-eb7c-4918-aae3-dc7f22aa9e89,7614.0,7614.0,True,False,False,B.TECH,Smart Phones,Honor X6c,128.0,6.0,4G LTE,Dual-SIM,Moonlight White
btech,https://btech.com/en/p/be29f5e3-c8f2-4b47-a014-9999da9dbccf,0/e/6/e/0e6eee78be623c8eb51caf550eb02ba321de27b5_Designer__2_.png,Oppo,be29f5e3-c8f2-4b47-a014-9999da9dbccf,6cb1583f-fcbd-4497-bacf-390552d8875c,8999.0,8999.0,True,False,False,B.TECH,Smart Phones,Oppo A6x,128.0,4.0,4G,Dual-SIM,Ice Blue
btech,https://btech.com/en/p/samsung-galaxy-a26-256gb-8gb-ram-4g-lte-dual-sim-white,e/5/b/c/e5bc7a02b3ac7940aa6560918df16c5fa06f362a_3c43c0fab463c204994db9664948498d7106a0cb5939e00b29479c37cae42bf9.jpeg,Samsung,df135ea4-e062-40eb-9bf4-6dd646322792,a7c519ec-18b0-4c28-9af1-70880abec191,16899.0,16899.0,True,False,False,Ehab Group,Smart Phones,Samsung Galaxy A26,256.0,8.0,4G LTE,Dual-SIM,White
btech,https://btech.com/en/p/samsung-galaxy-a26-256gb-8gb-4g-dual-sim-pink,4/f/7/c/4f7c1676b738f9d96b271be9cf3b2344d03cab20_5b003e302d97e3aa55610e34856cde2550e0e629de2e4266ad3943b577a3f993.jpeg,Samsung,aa266478-7e97-4582-b7b3-ad6f7ef55667,a7c519ec-18b0-4c28-9af1-70880abec191,16827.0,16827.0,True,False,False,Ehab Group,Smart Phones,Samsung Galaxy A26,256.0,8.0,4G LTE,Dual-SIM,Peach Pink
btech,https://btech.com/en/p/16858700-25e8-467c-8d5a-a4d521d318a3,6/6/0/3/6603d8687dcf9cf4351d2f72fbc3639af0dc9681_33d058f64e63c2e8c69115416714f0f5e0e9fd569f1dd11d2c738f21af64ee99__3_.jpeg,Samsung,16858700-25e8-467c-8d5a-a4d521d318a3,c9a4d732-be6e-4ed4-bb9b-772d53e488f2,10250.0,10250.0,True,False,False,888mobilestore,Smart Phones,Samsung A07,256.0,8.0,4G LTE,Dual-SIM,Green
btech,https://btech.com/en/p/e7f83089-8ed8-4779-9cd6-e2f30c533ff6,3/a/e/6/3ae62d5837d1b7bc89d4760e67f515bf0a76d35b_079a25716421d0042ae8c6773e1502252dcfc485d855d1aa9be2ac5dd6b9fa27.jpeg,Samsung,e7f83089-8ed8-4779-9cd6-e2f30c533ff6,c9a4d732-be6e-4ed4-bb9b-772d53e488f2,10820.0,10820.0,True,False,False,First mobile,Smart Phones,Samsung A07,256.0,8.0,4G LTE,Dual-SIM,Light Violet
btech,https://btech.com/en/p/apple-iphone-16-plus-256gb-5g-black,a/e/b/a/aebac4820e56b5ca99195ca6d960a4c7d7a8fe7a_65dd9cb00382ccee185fba8920f4d4a4711b008ae4ec9a76161a7f8581bdd86c.jpg,Apple,a32b3e08-5e46-4566-8db0-34ee303af99d,aded1c0e-0d78-4f91-8b0b-083f61fba3af,77777.0,77777.0,True,False,False,K&M The Future Makers,Smart Phones,Apple iPhone 16 Plus,256.0,8.0,5G,Single SIM,Black
btech,https://btech.com/en/p/samsung-galaxy-a56-256gb-12gb-ram-5g-dual-sim-lightgrey,7/8/1/e/781ed3fcbf2ceea86c9d198f45a502b525abf38e_92f69314b12eef290f438d425c1d5e6324413c47ec62ca05cf48cedc88419497_1.jpeg,Samsung,7116df4c-07a2-4c57-87b2-7a607a42788e,f0d6ef3c-8e89-40a3-a374-8aad74a2e0c3,26090.0,26090.0,True,False,False,B.TECH,Smart Phones,Samsung Galaxy A56,256.0,12.0,5G,Dual-SIM,Light Grey
btech,https://btech.com/en/p/samsung-galaxy-a56-256gb-12gb-ram-5g-dual-sim-awesome-olive,3/c/c/8/3cc84dff6d2b79be1d3cb044fa804cebfce7e8ac_9b6730be7651c800b2e1de013d908c6dda35df9778b4b37bd76890617f0a0bd5.jpg,Samsung,968003b4-6756-4dd4-86fa-9e4ae436024c,f0d6ef3c-8e89-40a3-a374-8aad74a2e0c3,27387.0,27387.0,True,False,False,Elhashim Store,Smart Phones,Samsung Galaxy A56,256.0,12.0,5G,Dual-SIM,Awesome Olive
btech,https://btech.com/en/p/samsung-galaxy-s25-ultra-256gb-12gb-ram-5g-dual-sim-titanium-silverblue,6/b/1/6/6b16f98b556182a9ec08d468f460e990743d55fc_b1a230151f43423094cd0ca5b2568ae61b35d55485b111178c3459653673c989.jpeg,Samsung,8df091e3-fafe-4b1a-99e9-97b90b14c6cf,26f753fb-18fb-4f93-8cea-6b3ca7c2f480,65444.0,65444.0,True,False,False,Elhashim Store,Smart Phones,Samsung Galaxy S25 Ultra,256.0,12.0,5G,Dual-SIM,Titanium Silver Blue
btech,https://btech.com/en/p/04919373-6345-4dc4-915a-a6986b4149d5,f/2/9/a/f29a87177e93a3919ae1d11435bfd2023c5ac520_41p1CCmSBZL._AC_.jpg,Samsung,04919373-6345-4dc4-915a-a6986b4149d5,b34b0a40-c379-498f-b653-947090136a05,38500.0,38500.0,True,False,False,B.TECH,Smart Phones,Samsung Galaxy S25 FE,256.0,8.0,5G,Dual-SIM,Icyblue
btech,https://btech.com/en/p/8dbefe9c-f02d-42ea-bdfa-e55c5405a8a4,4/0/4/4/40445c074274b3fa0496d58a834668e697586ae0_motorola_g56_grey.jpg,Motorola,8dbefe9c-f02d-42ea-bdfa-e55c5405a8a4,b39df610-0030-4ebd-983e-fdc8c7d8f8e0,12475.0,12475.0,True,False,False,yalla-tager,Smart Phones,Motorola G56,256.0,12.0,,,Black
btech,https://btech.com/en/p/ec59173e-a7ac-4c26-ae18-08b7e645feeb,3/e/6/e/3e6e89eaeb2745d1b51215e97d235fd4e74c49f2_motorola_g56_bue.jpg,Motorola,ec59173e-a7ac-4c26-ae18-08b7e645feeb,b39df610-0030-4ebd-983e-fdc8c7d8f8e0,12000.0,12000.0,True,False,False,First mobile,Smart Phones,Motorola G56,256.0,12.0,,,Blue
btech,https://btech.com/en/p/59ee28d5-8269-4892-a3a3-729398029384,6/4/6/a/646a2df92bc1d549da546a8135ca407e25233e60_motorola_g56_green.jpg,Motorola,59ee28d5-8269-4892-a3a3-729398029384,b39df610-0030-4ebd-983e-fdc8c7d8f8e0,12299.0,12299.0,True,False,False,Remoz,Smart Phones,Motorola G56,256.0,12.0,,,Green
btech,https://btech.com/en/p/ca9813d1-9115-424a-afbd-539115501ad2,2/4/7/9/24795bce22686515f3efc00e208274ebb4ac3531_71osmLqm8FL._AC_SL1500_.jpeg,Samsung,ca9813d1-9115-424a-afbd-539115501ad2,d8396342-0ea6-4ddc-a7b2-c4eecba327ed,33500.0,33500.0,True,False,False,VOOC,Smart Phones,Samsung Galaxy A57,512.0,12.0,5G,Dual-SIM,Dark Blue
btech,https://btech.com/en/p/d770d422-b91d-4d0b-a34f-35c77c66bf72,9/1/d/a/91daac1e40fd5b39cdf6eed08eadab54702892b5_71osmLqm8FL._AC_SL1500_.jpeg,Samsung,d770d422-b91d-4d0b-a34f-35c77c66bf72,d8396342-0ea6-4ddc-a7b2-c4eecba327ed,29500.0,29500.0,True,False,False,VOOC,Smart Phones,Samsung Galaxy A57,256.0,12.0,5G,Dual-SIM,Dark Blue
btech,https://btech.com/en/p/9d26ba54-8c51-4bae-9bfd-b444633f9bf8,2/3/f/8/23f846a11f05153b15092ae004da3105d80e08c6_redmia_a7_pro___black.jpg,Xiaomi,9d26ba54-8c51-4bae-9bfd-b444633f9bf8,d6390345-7c02-4464-821f-1457c467b782,6689.0,6689.0,True,False,False,Remoz,Smart Phones,Xiaomi Redmi A7 Pro,64.0,4.0,4G,Dual-SIM,Black
btech,https://btech.com/en/p/b73a41f6-bda6-4e33-8af0-cd0e07f714f8,b/5/6/7/b567b6d1dcfe1b261f88e0d3c5b2566ad70a42cc_xiaomi_redmi_note_15_pro_5g_8gb_256gb_6_83_amoled_6580mah_titanio__1_.jpg,Xiaomi,b73a41f6-bda6-4e33-8af0-cd0e07f714f8,2e697484-3c98-4b4e-83a5-8f4155038a32,20888.0,20888.0,True,False,False,drmobile,Smart Phones,Xiaomi Redmi Note 15 Pro,256.0,12.0,5G,Dual-SIM,Titanium
btech,https://btech.com/en/p/c6154ef8-de7c-4240-bbeb-b9de03148c0b,d/7/0/9/d70948291663ce040ea205c50f91344a8e9d78d2_Designer__52_.png,Oppo,c6154ef8-de7c-4240-bbeb-b9de03148c0b,0615a91f-5b2e-425c-a879-8f43663c1cb9,10321.0,10321.0,True,False,False,Remoz,Smart Phones,Oppo A6,128.0,4.0,4G,Dual-SIM,Sapphire Blue
btech,https://btech.com/en/p/613ede4c-c44f-425f-803a-08ad79b4ad56,e/7/f/f/e7ff22d2c0fb0f83b44ac7189bfbc496091566d5_imgi_65_89e911748a2c_vno7btzmws6nulsr.jpg,Vivo,613ede4c-c44f-425f-803a-08ad79b4ad56,5e98fad9-4041-4f6e-9d33-211f3bdc4b16,37199.0,37199.0,True,False,False,Elhashim Store,Smart Phones,Vivo V70,256.0,12.0,5G,Dual-SIM,Sandalwood Brown
btech,https://btech.com/en/p/562672de-74ce-48d4-a9b2-a96ddad6062b,c/b/5/d/cb5dc55fac3ee9f51e920b3f4dcf2b68d2efb2ca_Screenshot_2026_04_12_143143.png,Vivo,562672de-74ce-48d4-a9b2-a96ddad6062b,0e2b7499-6ea6-49a3-90a0-451e24c23d02,22999.0,22999.0,True,False,False,B.TECH,Smart Phones,Vivo V70 FE,256.0,8.0,5G,Dual-SIM,Monsoon Blue
btech,https://btech.com/en/p/be18b6e3-3dfd-40bc-9f1c-4d1bd8d9c04f,1/1/c/9/11c9fbda7f039930fc91eed62168a4f8569e65a5_iPhone_17_Pro_Max_Cosmic_Orange_PDP_Image_Position_1__en_ME.jpg,Apple,be18b6e3-3dfd-40bc-9f1c-4d1bd8d9c04f,b55c6c1e-f7ee-4adc-aa51-e92f5a964ed6,98998.0,98998.0,True,False,False,K&M The Future Makers,Smart Phones,Apple iPhone 17 Pro Max,256.0,12.0,,eSIM,Cosmic Orange
btech,https://btech.com/en/p/c5d8c111-5661-427d-9ba1-97eb64892beb,c/f/4/a/cf4a001b4dd2ffe12725aef9a3f1b6189623ddbe_iPhone_17_Pro_Max_Silver_PDP_Image_Position_1__en_ME.jpg,Apple,c5d8c111-5661-427d-9ba1-97eb64892beb,b55c6c1e-f7ee-4adc-aa51-e92f5a964ed6,105555.0,105555.0,True,False,False,drmobile,Smart Phones,Apple iPhone 17 Pro Max,256.0,12.0,,eSIM,Silver
btech,https://btech.com/en/p/eab2c971-05f4-41bf-9426-788df1c45825,f/1/4/e/f14ed3dd1ceea87df6ab75223add1ea554c2ee54_xiaomi_redmi_note_15_4g_6gb_128gb_6_77_amoled_5800mah_azul_glaciar__1_.jpg,Xiaomi,eab2c971-05f4-41bf-9426-788df1c45825,23387a55-9c18-46bb-91be-91126d008991,11316.0,11316.0,True,False,False,Remoz,Smart Phones,Xiaomi Redmi Note 15,128.0,6.0,4G,Dual-SIM,Glacier Blue
btech,https://btech.com/en/p/ca6aacce-5b39-4a3e-91bf-fb4407dc1b19,c/9/9/4/c99475965bde02241458da2908491b3c0942787e_iPhone_17_Pro_Max_Deep_Blue_PDP_Image_Position_1__en_ME.jpg,Apple,ca6aacce-5b39-4a3e-91bf-fb4407dc1b19,b55c6c1e-f7ee-4adc-aa51-e92f5a964ed6,105555.0,105555.0,True,False,False,drmobile,Smart Phones,Apple iPhone 17 Pro Max,256.0,12.0,,eSIM,Deep Blue
btech,https://btech.com/en/p/18205bd5-28f0-4054-bf66-6fbdd8ba8965,c/3/0/4/c30460ba55ccda01537aa8f8bb2cc201d0b875b2_28.jpg,Tecno,18205bd5-28f0-4054-bf66-6fbdd8ba8965,7e3fbc42-56f9-43be-a7f0-6d1b9b87f02d,12888.0,12888.0,True,False,False,ISM Mobile Shop,Smart Phones,Tecno Spark Slim,256.0,8.0,4G,Dual-SIM,Cool Black
btech,https://btech.com/en/p/d220703b-3565-4d96-a682-3674de91756d,0/8/7/5/0875fea6cf865bcb8a68d6b930ef1f2a4aae7edf_iPhone_17_Lavender_PDP_Image_Position_1__en_ME.jpg,Apple,d220703b-3565-4d96-a682-3674de91756d,edbc34b6-1b6d-4abe-af18-0ba54ff160f7,69000.0,69000.0,True,False,False,vxstore,Smart Phones,Apple iPhone 17,256.0,8.0,,eSIM,Lavender
btech,https://btech.com/en/p/9bb9d124-5259-4766-81ef-ff1c5f68645a,b/c/2/1/bc2149326ade66a029fb94a4cb6a9d51c6ba647e_iPhone_17_White_PDP_Image_Position_1__en_ME.jpg,Apple,9bb9d124-5259-4766-81ef-ff1c5f68645a,edbc34b6-1b6d-4abe-af18-0ba54ff160f7,69000.0,69000.0,True,False,False,vxstore,Smart Phones,Apple iPhone 17,256.0,8.0,,eSIM,White
btech,https://btech.com/en/p/4d25d8a7-5149-492e-87e2-a243167e3493,1/5/f/2/15f284b8b3880e5f0a9a430ae6f5bead4ef1690d_xiaomi_redmi_note_15_pro_5g_8gb_256gb_6_83_amoled_6580mah_negro__1_.jpg,Xiaomi,4d25d8a7-5149-492e-87e2-a243167e3493,2e697484-3c98-4b4e-83a5-8f4155038a32,20899.0,20899.0,True,False,False,drmobile,Smart Phones,Xiaomi Redmi Note 15 Pro,256.0,12.0,5G,Dual-SIM,Black
btech,https://btech.com/en/p/b3088e9a-9ef0-4953-b6df-3553ad868c0a,5/f/9/c/5f9c552ce3beae40532fd4632730164905d5d515_873be43fe53162a5781efcdc3b317aba_removebg_preview.png,Vivo,b3088e9a-9ef0-4953-b6df-3553ad868c0a,d2b645f3-71c4-4a36-9127-c403cc442ae0,12599.0,12599.0,True,False,False,Elhashim Store,Smart Phones,Vivo Y31d,128.0,8.0,4G,Dual-SIM,Starlight Grey
btech,https://btech.com/en/p/a326147b-d185-480c-a37b-ba0c51eb0e5a,3/3/1/f/331f3442f5eb88698c099d69b8fae92b7d949d98_iPhone_17_Black_PDP_Image_Position_1__en_ME.jpg,Apple,a326147b-d185-480c-a37b-ba0c51eb0e5a,edbc34b6-1b6d-4abe-af18-0ba54ff160f7,69000.0,69000.0,True,False,False,vxstore,Smart Phones,Apple iPhone 17,256.0,8.0,,eSIM,Black
btech,https://btech.com/en/p/1409fbd6-d960-4ca0-827a-a275cad81bcb,6/e/d/f/6edfa6de1890e634fdea06556454e644fe2aacae_iPhone_17_Mist_Blue_PDP_Image_Position_1__en_ME.jpg,Apple,1409fbd6-d960-4ca0-827a-a275cad81bcb,edbc34b6-1b6d-4abe-af18-0ba54ff160f7,69000.0,69000.0,True,False,False,vxstore,Smart Phones,Apple iPhone 17,256.0,8.0,,eSIM,Mist Blue
btech,https://btech.com/en/p/infinix-note-50s-256gb-8gb-5g-dual-sim-titanium-grey,f/9/8/e/f98e977aa7844fc0aa7aa07fec1befbffaa0a1d5_imgi_2_acfcf9c2d1404ed5c5fbaa207f3f48d31896b94747be1f3920c55f45b2ee91f5_1.jpg,Infinix,7ee33aba-1481-483e-8f41-685a58b2701a,843ac8c1-150e-46a9-911e-0e9318340ea1,15222.0,15222.0,True,False,False,ISM Mobile Shop,Smart Phones,Infinix Note 50s,256.0,8.0,5G,Dual-SIM,Titanium Grey
btech,https://btech.com/en/p/apple-iphone-17-pro-256gb-12gb-ram-5g-silver,6/6/d/1/66d1aa02689eaeda2ed5b413d60349dd0bcb8fe2_iPhone_17_Pro_Silver_PDP_Image_Position_1__en_ME.jpg,Apple,e7d408e7-f601-4285-858e-a8f0577d3739,51afb35d-1c65-4fa7-88f3-8fcc5e549608,94400.0,94400.0,True,False,False,B.TECH,Smart Phones,Apple iPhone 17 Pro,256.0,12.0,5G,Dual-SIM,Silver
btech,https://btech.com/en/p/honor-x6c-256gb-6gb-ram-4g-dual-sim-moonlight-white,1/a/8/e/1a8ed637bbf4948d67b6b002c383eaa0282803b7_0a61b447151a6d3c8c9e5b28e08344b9c097216a6f6d147e36ac9bbb0f5d21b1.jpeg,Honor,d5d42491-620a-4d01-a71d-e231a9576020,0e9e8009-eb7c-4918-aae3-dc7f22aa9e89,8573.0,8573.0,True,False,False,B.TECH,Smart Phones,Honor X6c,256.0,6.0,4G LTE,Dual-SIM,Moonlight White
btech,https://btech.com/en/p/apple-iphone-17-256gb-8gb-ram-5g-black,f/8/6/5/f86509f9dbf1f5696d1d00358f3e5899d4f7a590_iPhone_17_Black_PDP_Image_Position_1__en_ME.jpg,Apple,8092f37f-80c2-4cd5-bc60-c2fd93b2d4a6,6cbe14d6-89fc-40cf-93e6-d32d67b5022e,68222.0,68222.0,True,False,False,Ehab Group,Smart Phones,Apple iPhone 17,256.0,8.0,5G,Dual-SIM,Black
btech,https://btech.com/en/p/045d9b00-476d-4063-8207-c9ad7d7a4781,2/d/5/6/2d56ef616d9b02a40b42b21779ef58f4dcad9c43_iPhone_17_Sage_PDP_Image_Position_1__en_ME.jpg,Apple,045d9b00-476d-4063-8207-c9ad7d7a4781,edbc34b6-1b6d-4abe-af18-0ba54ff160f7,69000.0,69000.0,True,False,False,vxstore,Smart Phones,Apple iPhone 17,256.0,8.0,,eSIM,Sage
btech,https://btech.com/en/p/9e0d207c-427b-4a3b-8a6f-029f73cb2d8b,e/3/3/0/e330064dffebc25cdaeeae343d6c6401b775d5c9_873be43fe53162a5781efcdc3b317aba_removebg_preview.png,Vivo,9e0d207c-427b-4a3b-8a6f-029f73cb2d8b,d2b645f3-71c4-4a36-9127-c403cc442ae0,14430.0,14430.0,True,False,False,Aymen elsoudy,Smart Phones,Vivo Y31d,256.0,8.0,4G,Dual-SIM,Starlight Grey
btech,https://btech.com/en/p/realme-c75x-128gb-6gb-ram-4g-lte-dual-sim-oceanic-blue,b/4/5/f/b45f8884b23464f53a2a43180050f91d648f9077_be005f6fb8ff3ee2ba3e0df36553fe612dcfa8a05656b2eb8051fade4722e016.jpeg,Realme,939a9612-1bd5-4046-ab0a-e4c36e6afeee,4daba5a7-5679-4c3f-853c-814cd83df8ef,8888.0,8888.0,True,False,False,ISM Mobile Shop,Smart Phones,Realme C75x,128.0,6.0,4G,Dual-SIM,Oceanic Blue
btech,https://btech.com/en/p/apple-iphone13-128gb-5g-midnight,6/a/2/4/6a241291ccf2740fe6b3e8d2e1e4a65d6765e5cd_iPhone_13_Midnight_PDP_Image_position_1_EN.jpg,Apple,d1bbffd1-d09e-4ce7-990d-d4a9f78ff517,dbdee046-680a-4184-a852-bcc94edbfa64,49000.0,49000.0,True,False,False,4gstores,Smart Phones,Apple iPhone 13,128.0,4.0,5G,Single SIM,Midnight
btech,https://btech.com/en/p/apple-iphone-13-128gb-5g-starlight,e/5/f/7/e5f7468b0c322e82ed187f3772c933ea22c885c4_iPhone_13_Starlight_PDP_Image_position_1_EN.jpg,Apple,d68178f7-1de0-4c62-aeec-bf87ed842784,dbdee046-680a-4184-a852-bcc94edbfa64,40999.0,40999.0,True,False,False,Elhashim Store,Smart Phones,Apple iPhone 13,128.0,4.0,5G,Single SIM,Starlight
btech,https://btech.com/en/p/samsung-galaxy-s25-ultra-256gb-12gb-5g-dual-sim-titanium-black1,c/8/7/b/c87b57567d5dc193b7f9fc116bf08573865d84f9_3b325b9febf142c246dc5e917f97583b54603d65f0128a6970697ce550258366.jpeg,Samsung,adf62f62-2e87-478c-aab9-edd322bd626c,26f753fb-18fb-4f93-8cea-6b3ca7c2f480,65333.0,65333.0,True,False,False,Elhashim Store,Smart Phones,Samsung Galaxy S25 Ultra,256.0,12.0,5G,Dual-SIM,Titanium Black
btech,https://btech.com/en/p/b1f64014-526f-424a-b389-bfb603550332,1/e/0/c/1e0cb3f501c2eca7a482311992cfea9e78a7255e_R__1_.jpg,Samsung,b1f64014-526f-424a-b389-bfb603550332,b34b0a40-c379-498f-b653-947090136a05,48400.0,48400.0,True,False,False,B.TECH,Smart Phones,Samsung Galaxy S25 FE,512.0,8.0,5G,Dual-SIM,Navy
btech,https://btech.com/en/p/1795ff47-89de-486e-9bd3-005e05957b63,2/4/9/e/249ecdbb0c41dd0ad127e35d5f7cf0a0b8efd3ab_redmia_a7_pro___black.jpg,Xiaomi,1795ff47-89de-486e-9bd3-005e05957b63,d6390345-7c02-4464-821f-1457c467b782,6900.0,6900.0,True,False,False,First mobile,Smart Phones,Xiaomi Redmi A7 Pro,128.0,4.0,4G,Dual-SIM,Black
btech,https://btech.com/en/p/samsung-galaxy-a26-128gb-6gb-ram-4g-lte-dual-sim-white,4/6/3/f/463f2dcf1933fc4b5895c37a9351c7f464059699_3c43c0fab463c204994db9664948498d7106a0cb5939e00b29479c37cae42bf9.jpeg,Samsung,333b5bc9-ee38-4761-a65a-e9980e60b7dc,a7c519ec-18b0-4c28-9af1-70880abec191,13355.0,13355.0,True,False,False,drmobile,Smart Phones,Samsung Galaxy A26,128.0,6.0,4G LTE,Dual-SIM,White
btech,https://btech.com/en/p/0ee320fc-a819-4263-b24d-862dc0289660,d/d/7/8/dd7826c3e6fd113107fe070c2d9eb3e8585b190c_oppo_a16k_64gb_4gb_black_1_1_copy.jpg,Oppo,0ee320fc-a819-4263-b24d-862dc0289660,568eb855-752d-4edc-8fb4-8b70c66d9e1d,5138.0,5138.0,True,False,False,yalla-tager,Smart Phones,Oppo A16K,32.0,3.0,4G LTE,Dual-SIM,Black
btech,https://btech.com/en/p/84bb59ed-5423-4b63-b09f-2c97cfb37a22,e/8/1/a/e81a8d7b3600303aa5716f43ca23e9b5af836657_realme_note_70_black.jpg,Realme,84bb59ed-5423-4b63-b09f-2c97cfb37a22,d685d05f-75d4-4d5e-90b6-e74b206f7156,7635.0,7635.0,True,False,False,Radio. Talaat ,Smart Phones,Realme Note 70,128.0,4.0,,,Black
btech,https://btech.com/en/p/samsung-galaxy-a36-256gb-8gb-ram-4g-dual-sim-awesome-black,3/d/5/0/3d5035db023b3e61fd083296289629a9529d7f2c_c87b8da87fcd4eafc983b424a94bd64afae5b095cfe02396293e24be788e33ca.jpeg,Samsung,4cfc50c5-4407-4b60-8e7b-8a2e2676b3f8,7022855d-f55d-4a1d-a9f8-98cb035676e8,18099.0,18099.0,True,False,False,Brand shop Samsung  Brand shop Samsung ,Smart Phones,Samsung Galaxy A36,256.0,8.0,4G,Dual-SIM,Awesome Black
btech,https://btech.com/en/p/8683d644-2e82-40fb-9f9e-a40af5344951,0/2/6/d/026d8b4329dc31dc8b321b8e42b998fab5803101_realme_c85_4g_1.jpg,Realme,8683d644-2e82-40fb-9f9e-a40af5344951,2cf6c2bd-1fe6-461f-9d79-bfc4eab48df7,12510.0,12510.0,True,False,False,Radio. Talaat ,Smart Phones,Realme C85,256.0,8.0,4G,Dual-SIM,Kingfisher Blue
btech,https://btech.com/en/p/71eb7c80-7437-4bed-ab7d-a0eeadb3192f,e/3/4/0/e340b95ef5c8018b2d4246e9e909e4e89ad53584_Infinix_Hot_60_Pro_Plus_Sonic_Yellow.jpg,Infinix,71eb7c80-7437-4bed-ab7d-a0eeadb3192f,7b773172-a2f4-457d-84d1-8cc57fa0481f,11999.0,11999.0,True,False,False,ISM Mobile Shop,Smart Phones,Infinix Hot 60 Pro Plus,256.0,8.0,4G,Dual-SIM,Yellow Tides
btech,https://btech.com/en/p/8a9ec0d9-9e96-4e55-970c-eae03276a3fa,d/2/8/5/d285027324639dd500c303c100a1d7a2d1f20508_B6000014488T.jpg,Honor,8a9ec0d9-9e96-4e55-970c-eae03276a3fa,bf7bfa7b-1590-4676-9a73-55ea496f5eab,53869.0,53869.0,True,False,False,B.TECH,Smart Phones,Honor 600 Pro,512.0,12.0,5G,Dual-SIM,Light Gold
btech,https://btech.com/en/p/samsung-galaxy-a26-128gb-6gb-ram-4g-lte-dual-sim-black,1/1/6/d/116d642d762a444bcde35c8e5f4d51ac26763de4_a52aa1074a47c92ba3d327882f960485c1e3ec32b940989cfceb75d6d2c16c9a.jpeg,Samsung,7115173e-74a5-4bee-933d-1e8042992897,a7c519ec-18b0-4c28-9af1-70880abec191,13190.0,13190.0,True,False,False,Elhashim Store,Smart Phones,Samsung Galaxy A26,128.0,6.0,4G LTE,Dual-SIM,Black
btech,https://btech.com/en/p/b272003c-839c-4790-acd0-e4f7a6ac89e1,d/2/a/5/d2a5d435cf5f970e9bf4fdc7ffae67b9cfc7f327_xiaomi_redmi_note_15_5g_8gb_256gb_6_77_amoled_5520mah_purpura__1_.jpg,Xiaomi,b272003c-839c-4790-acd0-e4f7a6ac89e1,d042d46d-4356-4be6-9f2c-c1131673cf10,15899.0,16399.0,True,False,False,B.TECH,Smart Phones,Xiaomi Redmi Note 15,256.0,8.0,5G,Dual-SIM,Mist Purple
btech,https://btech.com/en/p/341d59db-23db-4fcd-8aac-74037585126a,8/9/8/5/898547b984676407ae461d8ed9d3adea78c8f065_Oppo_A6_Pro_Dual_Sim_256GB8GB_Ram5G_6178_1.jpg,Oppo,341d59db-23db-4fcd-8aac-74037585126a,a85b34c6-3b0a-4e6c-8db5-60d8a2810c2b,18333.0,18333.0,True,False,False,ISM Mobile Shop,Smart Phones,Oppo A6 Pro,256.0,8.0,5G,Dual-SIM,Red
btech,https://btech.com/en/p/d87d12ef-f1a1-4438-8f49-243bfd764cef,0/f/2/2/0f22ba4283cd3711332d901adc00c29b4642dabb_Martin_Identity_Pictures_Midnight_Black________HQ_PNG_RGB_20250721_1_.jpg,Honor,d87d12ef-f1a1-4438-8f49-243bfd764cef,2d811852-0d37-42a5-8d92-b7a591dd871c,23222.0,23222.0,True,False,False,Ehab Group,Smart Phones,Honor X9d,256.0,12.0,5G,Dual-SIM,Midnight Black
btech,https://btech.com/en/p/realme-c11-2021-dual-sim-32gb-2gb-ram-4g-lte-lake-blue,6/1/8/6/6186f36472ed5eadeae54aa4e77219c37ab7c3f8_c11_2021_blue.jpg,Realme,57e01607-e5ff-4df8-bb74-edd0994544ae,df02526f-8c65-431e-ab4a-ad4f22a7a195,4485.0,4485.0,True,False,False,yalla-tager,Smart Phones,Realme C11 2021,32.0,2.0,4G LTE,Dual-SIM,Lake Blue
btech,https://btech.com/en/p/01f3c753-f191-4c8f-9a5f-b35790f883b2,a/7/3/b/a73b02a922645b0dfd6347525c5c4445e383c5cc_imgi_28_S26_ultra_sky_blue4_l7kf_97.jpg,Samsung,01f3c753-f191-4c8f-9a5f-b35790f883b2,30646fc8-23ba-46f9-b762-b09ea2af3a5a,72350.0,72350.0,True,False,False,Ehab Group,Smart Phones,Samsung Galaxy S26 Ultra,256.0,12.0,5G,Dual-SIM,Sky Blue
btech,https://btech.com/en/p/85a27690-18e5-45ea-994c-d25aa53334a6,6/a/a/0/6aa03cd3547648e793157341412c24467e711bfe_motorola_g56_black.jpg,Motorola,85a27690-18e5-45ea-994c-d25aa53334a6,b39df610-0030-4ebd-983e-fdc8c7d8f8e0,12299.0,12299.0,True,False,False,Remoz,Smart Phones,Motorola G56,256.0,12.0,,,Grey
btech,https://btech.com/en/p/61d54091-a6d0-472c-84f5-79a75ad54113,a/b/2/4/ab244d14ffb930867a6ffd6ccb6efb9c0dd2edd0_oppo_reno_15_BROWN.jpg,Oppo,61d54091-a6d0-472c-84f5-79a75ad54113,18f6e689-2f3f-4a2a-a5d3-d3f524ffa0a3,43599.0,43599.0,True,False,False,Elhashim Store,Smart Phones,Oppo Reno 15 Pro,512.0,12.0,5G,Dual-SIM,Dusk Brown
btech,https://btech.com/en/p/34f8d4ea-8d8f-4fe4-bd49-e46ab3f892b1,5/d/f/d/5dfd8e364c11bc58a7a39563306ca77ac7986a51_imgi_96_73ea4931708f_cjhzjtgcbigue85m.jpg,Honor,34f8d4ea-8d8f-4fe4-bd49-e46ab3f892b1,caa29346-aec1-434b-a090-eba01420fe67,22120.0,22120.0,True,False,False,B.TECH,Smart Phones,Honor 600 Lite,256.0,8.0,5G,Dual-SIM,Velvet Grey
btech,https://btech.com/en/p/2b097555-2f90-4a01-bdc3-6e664d514dc7,5/b/f/3/5bf30a14329563c56539d33971a95bc31be03722_realme_note_70_gold.jpg,Realme,2b097555-2f90-4a01-bdc3-6e664d514dc7,d685d05f-75d4-4d5e-90b6-e74b206f7156,7635.0,7635.0,True,False,False,Aymen elsoudy,Smart Phones,Realme Note 70,128.0,4.0,,,Golden Beach
btech,https://btech.com/en/p/realme-c75-256gb-8gb-4g-lte-dual-sim-black,b/3/3/7/b3372f6ca86f759c47077b9c44cd7d24492e1e94_0a526ae77a1460cbe38023bafc4f1c137c4752340212f3bb032dc336def70f21.jpeg,Realme,8d7401a3-8043-4cb5-b8a4-160b138c6a90,1802d8e4-efc7-4d6c-9a0c-6253fe502e7e,10888.0,10888.0,True,False,False,ISM Mobile Shop,Smart Phones,Realme C75,256.0,8.0,4G LTE,Dual-SIM,Black
btech,https://btech.com/en/p/f023e05a-c794-4bd0-ab67-f23c6ae171a8,4/0/0/5/40058d5d754cc3696aed94300de3f63a90af8cc7_81Ugp4q5tML._AC_SL1500_.jpg,Motorola,f023e05a-c794-4bd0-ab67-f23c6ae171a8,86848484-4f40-4c30-a354-1d387891150c,16799.0,16799.0,True,False,False,Al Nahar ROYAL Al Nahar ROYAL,Smart Phones,Motorola Edge 60 Fusion,256.0,12.0,5G,Dual-SIM,Amazonite Blue
btech,https://btech.com/en/p/a12a7460-0df2-462f-a379-d7f18c2d0285,3/e/2/e/3e2e01144ebecbfb2e2d08c258c779cc5e05822f_xiaomi_redmi_note_15_5g_12gb_512gb_6_77_amoled_5520mah_azul.jpg,Xiaomi,a12a7460-0df2-462f-a379-d7f18c2d0285,d042d46d-4356-4be6-9f2c-c1131673cf10,15549.0,15549.0,True,False,False,Mobile plus 1,Smart Phones,Xiaomi Redmi Note 15,256.0,8.0,5G,Dual-SIM,Glacier Blue
btech,https://btech.com/en/p/7de1f0f8-9d60-4ca1-a589-4af3d291472f,4/4/1/f/441f52b40dadab8c832c63ead1eeb82583eda373_imgi_97_Realme_C85_Pro_Dual_Sim_256GB_8GB_Ram4G_6833_1.jpg,Realme,7de1f0f8-9d60-4ca1-a589-4af3d291472f,e0190e39-7bc0-413d-953d-50155f432b3a,14444.0,14444.0,True,False,False,ISM Mobile Shop,Smart Phones,Realme C85 Pro,256.0,8.0,4G LTE,Dual-SIM,Parrot Purple
btech,https://btech.com/en/p/0c255bb3-bb05-4260-b5a8-93ffe46d4ce9,3/f/6/7/3f6750e128fba49493994b99c9ca28e497fe49b3_xiaomi_redmi_note_15_4g_6gb_128gb_6_77_amoled_5800mah_azul_glaciar__1_.jpg,Xiaomi,0c255bb3-bb05-4260-b5a8-93ffe46d4ce9,23387a55-9c18-46bb-91be-91126d008991,13200.0,13200.0,True,False,False,VOOC,Smart Phones,Xiaomi Redmi Note 15,256.0,8.0,4G,Dual-SIM,Glacier Blue
btech,https://btech.com/en/p/e0e4e6bb-110f-4737-ac7a-721a86c657bb,5/3/8/f/538f1d4863537d06e0b259c2898aff9e0621445c_Screenshot_2026_04_12_142420.png,Vivo,e0e4e6bb-110f-4737-ac7a-721a86c657bb,0e2b7499-6ea6-49a3-90a0-451e24c23d02,25999.0,25999.0,True,False,False,B.TECH,Smart Phones,Vivo V70 FE,256.0,12.0,5G,Dual-SIM,Northern Lights Purple
btech,https://btech.com/en/p/8ba06e0e-b5b9-4567-ac5f-9247f1010749,1/e/f/6/1ef6e001d6efb258cab042cf4ccec8773b3481b6_honor_x9d_brown.13_1.jpg,Honor,8ba06e0e-b5b9-4567-ac5f-9247f1010749,2d811852-0d37-42a5-8d92-b7a591dd871c,22599.0,22599.0,True,False,False,2B For Information Technology Systems,Smart Phones,Honor X9d,256.0,8.0,5G,Dual-SIM,Reddish Brown
btech,https://btech.com/en/p/bb267a58-f22c-4e67-9613-125d701dcaed,0/4/a/a/04aa38fbeb73bad141afe819f35439464b8eca25_873be43fe53162a5781efcdc3b317aba_removebg_preview.png,Vivo,bb267a58-f22c-4e67-9613-125d701dcaed,d2b645f3-71c4-4a36-9127-c403cc442ae0,11888.0,11888.0,True,False,False,Elhashim Store,Smart Phones,Vivo Y31d,128.0,6.0,4G,Dual-SIM,Starlight Grey
btech,https://btech.com/en/p/74ae5ccc-24ab-4046-83aa-01d6835712cf,0/a/5/0/0a50ba783b7adad8665c54ed8794e9c5aa5e4617_imgi_2_Reno13_Luminous_Blue___Front_Back_Together_1757402397433.jpg,Oppo,74ae5ccc-24ab-4046-83aa-01d6835712cf,f6f936f5-8a2c-4411-af12-c7c881e1f18f,36882.0,36882.0,True,False,False,yalla-tager,Smart Phones,Oppo Reno 13,512.0,12.0,5G,Dual-SIM,Luminous Blue
btech,https://btech.com/en/p/b7b9dbb2-80fa-4de7-96a0-32a63d781bfb,8/4/5/b/845b7d267caf03ae8768a548ec5f2c1c5614e109_bd317b22_7aa4_499a_a183_18add624d6ab.jpg,Vivo,b7b9dbb2-80fa-4de7-96a0-32a63d781bfb,8884cb5c-f3ea-48d1-bcf9-cc1ca1434e6c,7099.0,7099.0,True,False,False,Mobiii Market,Smart Phones,Vivo Y05,64.0,4.0,4G,Dual-SIM,Light Platinum
btech,https://btech.com/en/p/f4d33b05-9b04-4113-854c-fc92871569d8,c/d/e/c/cdece5ee6bcc5c84da54a46565b9232382cf0cec_imgi_18_Realme_15_pro_5g_flowing_silver_12gb_512gb_Front_Back_View.jpg,Realme,f4d33b05-9b04-4113-854c-fc92871569d8,92a78738-8157-4145-9a4f-15b583c0fc51,26670.0,26670.0,True,False,False,Elhashim Store,Smart Phones,Realme 15 Pro,256.0,12.0,5G,Dual-SIM,Flowing Silver
btech,https://btech.com/en/p/2f919b56-1c54-4369-be56-d8b561dff183,b/2/8/9/b289950e67b08ec9f2424ea77fa47987b991a837_5461697e_887d_4d1d_bfbf_4f53f5e40ab6.jpg,Vivo,2f919b56-1c54-4369-be56-d8b561dff183,8884cb5c-f3ea-48d1-bcf9-cc1ca1434e6c,7099.0,7099.0,True,False,False,Mobiii Market,Smart Phones,Vivo Y05,64.0,4.0,4G,Dual-SIM,Black
btech,https://btech.com/en/p/07ccd93e-7a3c-4ebb-a844-100040716be9,4/a/1/c/4a1ceae0ffdc80146e754a2450c21f274e279a23_fd6f85c8df7d582af862f55621a3acfd77fccc12_imgi_76_1754564238_213_1754405991_805_realme_c71_dual_.jpg,Realme,07ccd93e-7a3c-4ebb-a844-100040716be9,0a85570c-c042-46e6-bd83-1c71b67adfb2,8388.0,8588.0,True,False,False,B.TECH,Smart Phones,Realme C71,256.0,4.0,4G,Dual-SIM,White Swan
btech,https://btech.com/en/p/1a31539e-4314-4455-a151-4fe8a8d0765a,4/d/5/4/4d54af0eb233f426da54cb6e82b96641b306e4eb_71AdvhH42vL._AC_SL1500_.jpeg,Samsung,1a31539e-4314-4455-a151-4fe8a8d0765a,d8396342-0ea6-4ddc-a7b2-c4eecba327ed,33500.0,33500.0,True,False,False,VOOC,Smart Phones,Samsung Galaxy A57,512.0,12.0,5G,Dual-SIM,Violet
btech,https://btech.com/en/p/samsung-galaxy-a16-128gb-4gb-4g-lte-dual-sim-grey-local,a/b/4/f/ab4f5b6a18f7bd461e6dd167e4157772652f757b_39ffe0676d6222540d7be4198f0621d12ba6002a394b886a7e247fb355c7573f.jpeg,Samsung,ad3cba1f-84cd-47e8-9bef-47838cc2e21a,94243c97-2360-48d6-848d-14f52d1f904c,8499.0,8499.0,True,False,False,Mobile plus 1,Smart Phones,Samsung Galaxy A16,128.0,4.0,4G LTE,Dual-SIM,Grey
btech,https://btech.com/en/p/41dcdd68-61e6-46f8-9b52-79d00ad322e7,3/1/c/7/31c7a2c9edec8c6f840df122a5893c7f95f1fb85_xiaomi_redmi_15_gray_1.jpg,Xiaomi,41dcdd68-61e6-46f8-9b52-79d00ad322e7,9b0046fe-22c4-4d0c-9caf-da39c5b2d8e4,11177.0,11177.0,True,False,False,drmobile,Smart Phones,Xiaomi Redmi 15,256.0,8.0,4G,Dual-SIM,Titan Gray
btech,https://btech.com/en/p/4abf37ee-914f-4497-85ea-f66bb978f438,6/d/4/1/6d4177274d14c78b88aec2592d9572a5494dfe41_f3ccb222_d2ba_4634_a5f6_91cd0b50675c.jpg,Honor,4abf37ee-914f-4497-85ea-f66bb978f438,c7b6a8cc-8fb8-451a-9cef-b7bd286553a7,7792.0,7792.0,True,False,False,yalla-tager,Smart Phones,Honor X5C,64.0,4.0,,,Tidal Blue
btech,https://btech.com/en/p/2e5821ca-7166-4165-9798-03bd678d600e,7/2/6/7/7267b1b59fb9ffab37be64d455fe54261ec588bc_imgi_20_S26_ultra_white_4_rfas_ff.jpg,Samsung,2e5821ca-7166-4165-9798-03bd678d600e,30646fc8-23ba-46f9-b762-b09ea2af3a5a,72400.0,72400.0,True,False,False,B.TECH,Smart Phones,Samsung Galaxy S26 Ultra,256.0,12.0,5G,Dual-SIM,White
btech,https://btech.com/en/p/samsung-galaxy-a17-128gb-4gb-ram-4g-dual-sim-black,0/b/2/0/0b204a5bec1d64b56be70e5271ec3a6fc468c2a1_imgi_2_4dabf6d9f656c40db2f76b1b42b683d95776831528fb89445d42a1443f9782e9.jpg,Samsung,6d8e15f1-3a05-4eeb-96cd-e7d1dcd49321,112e49f8-cdc2-418b-bacb-c59d2b370ae3,9199.0,9999.0,True,False,False,B.TECH,Smart Phones,Samsung Galaxy A17,128.0,4.0,4G LTE,Dual-SIM,Black
btech,https://btech.com/en/p/1cd2caa0-8b88-42c2-bf5b-a671c35ef181,4/8/7/1/4871d7c4bbfd327a785ffb72416818c9737521f5_bd317b22_7aa4_499a_a183_18add624d6ab.jpg,Vivo,1cd2caa0-8b88-42c2-bf5b-a671c35ef181,8884cb5c-f3ea-48d1-bcf9-cc1ca1434e6c,8299.0,8299.0,True,False,False,ISM Mobile Shop,Smart Phones,Vivo Y05,128.0,4.0,4G,Dual-SIM,Light Platinum
btech,https://btech.com/en/p/4b4ebea9-0a35-424f-9206-47ed64194439,e/b/3/c/eb3c6ae8b18c8bab4372b43347df8be142691383_Vivo_Y31d_4G.jpg,Vivo,4b4ebea9-0a35-424f-9206-47ed64194439,d2b645f3-71c4-4a36-9127-c403cc442ae0,14430.0,14430.0,True,False,False,Aymen elsoudy,Smart Phones,Vivo Y31d,256.0,8.0,4G,Dual-SIM,Feather Gold
btech,https://btech.com/en/p/7a75b00c-eea3-45e9-8d59-c3b5234b29f0,a/3/4/0/a3401c13ad991acc0e95d52cdc2aa10b178b34ad_poco_c85_purple_1_removebg_preview.png,Xiaomi,7a75b00c-eea3-45e9-8d59-c3b5234b29f0,b25f7a0b-8e37-4240-9e2e-c1c711a7f0a6,8555.0,8555.0,True,False,False,drmobile,Smart Phones,Xiaomi POCO C85,256.0,8.0,4G,Dual-SIM,Purple
btech,https://btech.com/en/p/ad155882-832f-4e5e-8bbd-e6a6e1afb180,8/3/0/5/8305f77b97015a96f73864b6bb1edd9edc8224aa_Honor_600_5G_black_2.jpg,Honor,ad155882-832f-4e5e-8bbd-e6a6e1afb180,609ecdae-2293-46e2-9c0d-14296e9cc483,26999.0,26999.0,True,False,False,ISM Mobile Shop,Smart Phones,Honor 600,256.0,8.0,5G,Dual-SIM,Black
btech,https://btech.com/en/p/motorola-moto-g85-256gb-12gb-5g-dual-sim-urban-grey,4/7/9/3/4793d6fb0fee3a151552aef05204ac0de28224e6_0108939f6ad16bcc299cd1a4973016f957ef8d27efb591fc04b0c1f7591dec75.png,Motorola,c5ade289-c24e-441c-9e33-26d9344d2489,fb33cb06-b3a7-4a12-9e11-779f8896a421,13111.0,13111.0,True,False,False,Elhashim Store,Smart Phones,Motorola Moto G85,256.0,12.0,5G,Dual-SIM,Urban Grey
btech,https://btech.com/en/p/2055e1ea-343c-447d-ae05-b602937773f8,f/e/8/a/fe8aa4ce0465438049301e4ecfc723cd95aa2c03_B6000014484T.jpg,Honor,2055e1ea-343c-447d-ae05-b602937773f8,88f60e9b-55c5-44e4-bc78-f24ec65e4eaf,28110.0,28110.0,True,False,False,First mobile,Smart Phones,Honor 600,256.0,8.0,5G,Dual-SIM,Orange
btech,https://btech.com/en/p/36596e8f-869f-4b90-a36f-b9af314bbcb0,5/a/b/7/5ab7a40bbef56021a2f68e88380f22c7e5f2ac90_imgi_20_S26_ultra_black4_eg4s_qa.jpg,Samsung,36596e8f-869f-4b90-a36f-b9af314bbcb0,30646fc8-23ba-46f9-b762-b09ea2af3a5a,71400.0,72400.0,True,False,False,B.TECH,Smart Phones,Samsung Galaxy S26 Ultra,256.0,12.0,5G,Dual-SIM,Black
btech,https://btech.com/en/p/d374e20d-db6f-49dd-bf58-d5d95c4c7256,7/a/9/6/7a96cfbb964ac317264e6e1c45fd44a8fbe60938_imgi_20_S26_ultra_black4_eg4s_qa.jpg,Samsung,d374e20d-db6f-49dd-bf58-d5d95c4c7256,30646fc8-23ba-46f9-b762-b09ea2af3a5a,79999.0,79999.0,True,False,False,Ehab Group,Smart Phones,Samsung Galaxy S26 Ultra,512.0,12.0,5G,Dual-SIM,Black
btech,https://btech.com/en/p/xiaomi-redmi-note-14-pro-plus-256gb-12gb-4g-dual-sim-black,6/9/c/b/69cb30650dd7a18d9e93e02e16e855fbed9373e9_93caf6acbb2367b61bbb0975d4d4a6ddffd02ca874f738d131095a313427e147.jpeg,Xiaomi,a7b39fcb-3950-49dc-ac2d-73804f600046,08edd782-da36-4161-8f28-422d635b51ed,20794.0,20794.0,True,False,False,B.TECH,Smart Phones,Xiaomi Redmi Note 14 Pro Plus,256.0,12.0,4G,Dual-SIM,Midnight Black
btech,https://btech.com/en/p/7f724ff0-321d-44c5-9ea1-e7b27dcc0b59,f/e/b/e/febead77b9082d99c0b23a2188eb7561e4ae10eb_1__1_.jpg,Samsung,7f724ff0-321d-44c5-9ea1-e7b27dcc0b59,b34b0a40-c379-498f-b653-947090136a05,38500.0,38500.0,True,False,False,B.TECH,Smart Phones,Samsung Galaxy S25 FE,256.0,8.0,5G,Dual-SIM,Jet Black
btech,https://btech.com/en/p/c3640c65-ded8-42b6-9110-faa2c9bcac10,d/0/c/0/d0c0c670ddb42712ec9c686ddaf5ed3939a6769f_xiaomi_redmi_note_15_4g_6gb_128gb_6_77_amoled_5800mah_verde_bosque.jpg,Xiaomi,c3640c65-ded8-42b6-9110-faa2c9bcac10,23387a55-9c18-46bb-91be-91126d008991,13200.0,13200.0,True,False,False,VOOC,Smart Phones,Xiaomi Redmi Note 15,256.0,8.0,4G,Dual-SIM,Forest Green
btech,https://btech.com/en/p/52ca3370-ec48-47f7-87f0-caaa6c296479,a/f/3/1/af31e5358473a7ed18fec8c4230965d299b1d3a8_Screenshot_2026_01_18_101357.png,Oppo,52ca3370-ec48-47f7-87f0-caaa6c296479,89ec565b-1663-465c-8814-26a6d05c89f4,30300.0,30300.0,True,False,False,Elhashim Store,Smart Phones,Oppo Reno 15,256.0,12.0,5G,Dual-SIM,Twilight Blue
btech,https://btech.com/en/p/0d182905-4588-4795-853c-d6e1cfa65071,c/b/8/8/cb88a0075788ac0ff127cacf1d4d4a1a970ef8fb_4d5c01104c84c301cdf826e6cfdbcb15_removebg_preview.jpg,Vivo,0d182905-4588-4795-853c-d6e1cfa65071,a696f229-eb64-414a-b656-8d59ef50133f,16144.0,16144.0,True,False,False,Elhashim Store,Smart Phones,Vivo V60 Lite,256.0,8.0,4G,Dual-SIM,Black
btech,https://btech.com/en/p/37e4cef1-6eaf-4533-9080-b2561118fca9,2/c/f/a/2cfa695a50727297c29fda9b1896cacbecc2056f_Designer__51_.png,Oppo,37e4cef1-6eaf-4533-9080-b2561118fca9,0615a91f-5b2e-425c-a879-8f43663c1cb9,10319.0,10319.0,True,False,False,Remoz,Smart Phones,Oppo A6,128.0,4.0,4G,Dual-SIM,Aurora Gold
btech,https://btech.com/en/p/oppo-reno-14-256gb-12gb-5g-dual-sim-opal-white-cph2737,b/6/f/e/b6fe88b0244a412f286d800ddfd85e503e573f28_876a1f778ded8f503ac686b46ec6737efbad3892dcf4622b46fee5c5378cb24b_copy.jpg,Oppo,f8ed8610-3220-40dc-9dfb-57325268e08e,4a983e82-34b5-44e6-af78-1298a6a68b11,29555.0,29555.0,True,False,False,ISM Mobile Shop,Smart Phones,Oppo Reno 14,256.0,12.0,5G,Dual-SIM,Opal White
btech,https://btech.com/en/p/xiaomi-redmi-15c-128gb-6gb-ram-4g-dual-sim-midnight-gray,e/4/b/7/e4b7de14ae083e9b1cb33e7a8e7158aa63a8d8eb_bb722adf1f341329739bedc57eaa21f76a72ae75b8e728772601618256710403.jpg,Xiaomi,8b072a05-d94c-4ea2-8dd1-9f41f8103c06,122229b5-28de-4c40-a2c2-9344d1d313e1,8354.0,8354.0,True,False,False,Remoz,Smart Phones,Xiaomi Redmi 15C,128.0,6.0,4G LTE,Dual-SIM,Midnight Black
btech,https://btech.com/en/p/2e87adcf-2c29-4ca4-8b4e-257097fb9a9e,a/4/a/c/a4ac2425da492759c7afdff13132147a8aabb496_Honor_600_5G_Orange_3.jpg,Honor,2e87adcf-2c29-4ca4-8b4e-257097fb9a9e,609ecdae-2293-46e2-9c0d-14296e9cc483,26999.0,26999.0,True,False,False,ISM Mobile Shop,Smart Phones,Honor 600,256.0,8.0,5G,Dual-SIM,Orange
btech,https://btech.com/en/p/aaa750eb-99da-4e1f-9ccb-7dfe7ddd7dc0,f/2/6/1/f261f34ccdcd901a36a82dedd381139718f50fc1_5461697e_887d_4d1d_bfbf_4f53f5e40ab6.jpg,Vivo,aaa750eb-99da-4e1f-9ccb-7dfe7ddd7dc0,8884cb5c-f3ea-48d1-bcf9-cc1ca1434e6c,8299.0,8299.0,True,False,False,ISM Mobile Shop,Smart Phones,Vivo Y05,128.0,4.0,4G,Dual-SIM,Black
btech,https://btech.com/en/p/realme-c75-256gb-8gb-4g-dual-sim-gold,e/8/6/d/e86d23332de0403668447d5bc9fde1f35db95738_1178e9a4c93c4a9580956ee54ff296af0343f6777f78405e2792ffc928be99b9.jpeg,Realme,3663a15a-4bdb-4689-b852-aef76fa77237,1802d8e4-efc7-4d6c-9a0c-6253fe502e7e,10914.0,11114.0,True,False,False,B.TECH,Smart Phones,Realme C75,256.0,8.0,4G LTE,Dual-SIM,Gold
btech,https://btech.com/en/p/xiaomi-redmi-15c-128gb-6gb-ram-4g-lte-dual-sim-mint-green,b/6/9/f/b69f8775424de58ae920ff204032be748b411980_88a32ac7f63f5795e004d711b993f4a9305d44b1ff9d5c6990879b5b1a0d4843.jpg,Xiaomi,ff63e971-dbfa-4568-b817-5ac67bf9a042,122229b5-28de-4c40-a2c2-9344d1d313e1,8500.0,8500.0,True,False,False,VOOC,Smart Phones,Xiaomi Redmi 15C,128.0,6.0,4G LTE,Dual-SIM,Mint Green
btech,https://btech.com/en/p/c8dbebe0-6b1c-4340-b6cd-94c2d2416e5b,a/9/d/d/a9dd845d327c31320eb8ba6c634bdd6ca8c9e81a_Designer__3_.png,Oppo,c8dbebe0-6b1c-4340-b6cd-94c2d2416e5b,6cb1583f-fcbd-4497-bacf-390552d8875c,8998.0,8998.0,True,False,False,Ehab Group,Smart Phones,Oppo A6x,128.0,4.0,4G,Dual-SIM,Purple Plum
btech,https://btech.com/en/p/3ed0f3c2-560f-4666-8631-acbea45404b6,e/7/3/7/e7376a66ab3d487484630e13f8abeeb91b440d62_72998536756.jpg,Oppo,3ed0f3c2-560f-4666-8631-acbea45404b6,89ec565b-1663-465c-8814-26a6d05c89f4,29350.0,29350.0,True,False,False,vxstore,Smart Phones,Oppo Reno 15,256.0,12.0,5G,Dual-SIM,Aurora Blue
btech,https://btech.com/en/p/302b481c-3af1-4515-bc50-94660dba7810,d/3/8/d/d38da6d10df3d6756c5c603ee6a4bf2da37ab68a_ugyftdrc7fbcabc5693b033bfd0271c442ac1e76bdc82cf32210f096132d337e353802c_copy_2.jpg,Itel,302b481c-3af1-4515-bc50-94660dba7810,d4abb1ac-da7b-4f29-9e59-cf71a616d4a8,6527.0,6527.0,True,False,False,B.TECH,Smart Phones,Itel P65,128.0,8.0,4G LTE,Dual-SIM,Cyber Black
btech,https://btech.com/en/p/1d3d5b6b-6000-4e55-ad50-16f02df371f1,b/d/1/b/bd1b63469acb293b8fe93e4bcc3a6234fc430d31_Designer__53_.png,Oppo,1d3d5b6b-6000-4e55-ad50-16f02df371f1,0615a91f-5b2e-425c-a879-8f43663c1cb9,15398.0,15398.0,True,False,False,Remoz,Smart Phones,Oppo A6,256.0,8.0,4G,Dual-SIM,Sapphire Blue
btech,https://btech.com/en/p/a3bb3264-b5e1-45cc-93ab-ac71e7596bd3,d/7/b/2/d7b204cc64e29e9a2bdcef772fa5589739e76de5_71AdvhH42vL._AC_SL1500_.jpeg,Samsung,a3bb3264-b5e1-45cc-93ab-ac71e7596bd3,d8396342-0ea6-4ddc-a7b2-c4eecba327ed,29500.0,29500.0,True,False,False,VOOC,Smart Phones,Samsung Galaxy A57,256.0,12.0,5G,Dual-SIM,Violet
btech,https://btech.com/en/p/88628917-e6e5-465a-aa3d-3df636f3a0eb,3/7/7/7/37779c3b6dc21b946f16ba2e5b8415cf1c340d22_iPhone_17_Pro_Deep_Blue_PDP_Image_Position_1__en_ME.jpg,Apple,88628917-e6e5-465a-aa3d-3df636f3a0eb,39196841-4d61-4ecd-be34-dfdd4a3babab,95777.0,95777.0,True,False,False,drmobile,Smart Phones,Apple iPhone 17 Pro,256.0,12.0,,eSIM,Deep Blue
btech,https://btech.com/en/p/7ac5f5bb-5aa3-427f-88ca-c17199f71933,6/3/d/2/63d25c8f3cffd252ebf75bd9d182f315c26c89bd_oppo_reno_15_15PRO.jpg,Oppo,7ac5f5bb-5aa3-427f-88ca-c17199f71933,18f6e689-2f3f-4a2a-a5d3-d3f524ffa0a3,38799.0,38799.0,True,False,False,Mobile plus 1,Smart Phones,Oppo Reno 15 Pro,512.0,12.0,5G,Dual-SIM,Aurora Blue
btech,https://btech.com/en/p/motorola-moto-g85-256gb-12gb-5g-dual-sim-olive-green,7/9/1/2/791241589949673028945f0c9849ff1814761932_9b044515846da77e166efbcdb60c969397cdc708da583edbb739caeac066199b.png,Motorola,22fd5e54-cf7f-483a-87d3-d591b686d2d9,fb33cb06-b3a7-4a12-9e11-779f8896a421,12999.0,12999.0,True,False,False,Elhashim Store,Smart Phones,Motorola Moto G85,256.0,12.0,5G,Dual-SIM,Olive Green
btech,https://btech.com/en/p/3277db08-0e6a-41f6-bc28-cbb7e34b35fa,2/0/9/f/209f08e441af1a807de06ced8ce946f2b02f4058_3de31dffe4888aadd28e3434b32fa96e78835a46e53e19bbf86eea8c427e801e.jpeg,Realme,3277db08-0e6a-41f6-bc28-cbb7e34b35fa,0a85570c-c042-46e6-bd83-1c71b67adfb2,9533.0,9533.0,True,False,False,drmobile,Smart Phones,Realme C71,128.0,6.0,4G,Dual-SIM,Forest Owl
btech,https://btech.com/en/p/realme-c75x-128gb-6gb-ram-4g-lte-dual-sim-coral-pink,b/d/f/3/bdf366e64d7fe6ca0c8bcd1a1bdb4d463e3bd886_cb025c85327a9326e6bc567834888d61900c1829925e5a6a39a91db21d472209.jpeg,Realme,4c094bcc-a896-4447-896c-b78db99e9ea1,4daba5a7-5679-4c3f-853c-814cd83df8ef,8794.0,9094.0,True,False,False,B.TECH,Smart Phones,Realme C75x,128.0,6.0,4G,Dual-SIM,Coral Pink
btech,https://btech.com/en/p/7d3bbc49-1f36-4966-8bd0-c34b1d7486d1,b/1/2/7/b127774617dc8ca341ec90b3b001fd925bc1f19f_25.jpg,Realme,7d3bbc49-1f36-4966-8bd0-c34b1d7486d1,37a8834d-5ded-47bb-abc6-2fbf4a36b031,12510.0,12510.0,True,False,False,Elhashim Store,Smart Phones,Realme C85,256.0,8.0,4G,Dual-SIM,Blue
btech,https://btech.com/en/p/4495f459-fde8-4b12-881e-e346309d8d0e,5/7/4/a/574a965509eee7227766f9851c6d9d81655fd242_xiaomi_redmi_note_15_5g_8gb_256gb_6_77_amoled_5520mah_negro.jpg,Xiaomi,4495f459-fde8-4b12-881e-e346309d8d0e,d042d46d-4356-4be6-9f2c-c1131673cf10,15600.0,15600.0,True,False,False,VOOC,Smart Phones,Xiaomi Redmi Note 15,256.0,8.0,5G,Dual-SIM,Black
btech,https://btech.com/en/p/samsung-galaxy-a16-128gb-4gb-4g-lte-dual-sim-black-local,c/d/a/1/cda17232f31d83d7ab684abf1f7c5b59b13abb1a_996e7402bb88dc45163c1f0b668b7f655385bc4536ac4174dc70a14116280b59.jpeg,Samsung,9c6ffb8b-9e4c-4b54-95fb-a330deaf8559,94243c97-2360-48d6-848d-14f52d1f904c,7777.0,7777.0,True,False,False,B.TECH,Smart Phones,Samsung Galaxy A16,128.0,4.0,4G LTE,Dual-SIM,Black
btech,https://btech.com/en/p/7e80f444-f85c-40ce-9b3f-7cd541a06a24,f/d/a/6/fda6eeaa4da77ce70c2a56ca694b5fec7116f3c7_Oppo_A6_Pro_Dual_Sim_256GB8GB_Ram5G_6178_1.jpg,Oppo,7e80f444-f85c-40ce-9b3f-7cd541a06a24,359092ae-fded-43be-8c15-d4378670a286,16299.0,16299.0,True,False,False,Elhashim Store,Smart Phones,Oppo A6 Pro,256.0,8.0,4G,Dual-SIM,Red
btech,https://btech.com/en/p/oppo-reno-14-256gb-12gb-5g-dual-sim-green-cph2737,f/f/4/f/ff4f00a857bf24a9a496341bc26bb0b1573c10e8_fa17e5e6bac243b1f8d6bab6955199b2012b87cb71e4d721086ec8ed3ddb1243.jpg,Oppo,ee75b6f9-fb0e-4834-a3a0-e72e46435571,4a983e82-34b5-44e6-af78-1298a6a68b11,28877.0,28877.0,True,False,False,ISM Mobile Shop,Smart Phones,Oppo Reno 14,256.0,12.0,5G,Dual-SIM,Green
btech,https://btech.com/en/p/cbccb1e3-24e1-4205-bb70-f7f70ccd197f,6/b/9/9/6b994b177d4e79b506e1860779e3ea7ef901ab14_b9c6d32fcbe78d205792c2754f5c6a8d4f81662b244e6ccf9ac00c7a369ff89f.jpeg,Tecno,cbccb1e3-24e1-4205-bb70-f7f70ccd197f,365c2700-461b-4a2e-90be-5d58c1b76b4a,9700.0,9700.0,True,False,False,Aymen elsoudy,Smart Phones,Tecno Spark 20 Pro Plus,256.0,8.0,4G,Dual-SIM,Temporal Orbits
btech,https://btech.com/en/p/30f5f00e-040c-4a64-97d9-53efbf16dd12,4/a/9/b/4a9b3291b23ff9228a78a31b117dfcd2d4c41ef2_61d1b_Plf5e_L_AC_SL1500.jpg,Tecno,30f5f00e-040c-4a64-97d9-53efbf16dd12,f82fb2d4-c95e-4b76-97fc-857caaaa7aef,8444.0,8444.0,True,False,False,ISM Mobile Shop,Smart Phones,Tecno Spark 30,256.0,8.0,4G,Dual-SIM,Magic Skin Green
btech,https://btech.com/en/p/b1373e9b-2c9f-461c-86cb-388b1a9bb653,e/1/a/f/e1af8c63f19a8642a60b81006b306ee3f043e0af_samsunge_a37_gray_1.jpg,Samsung,b1373e9b-2c9f-461c-86cb-388b1a9bb653,1deb4c5f-600c-41f6-adb4-0f3d3c6ef09b,22730.0,22730.0,True,False,False,drmobile,Smart Phones,Samsung Galaxy A37,256.0,8.0,5G,Dual-SIM,Awesome Charcoal
btech,https://btech.com/en/p/99dea7aa-07fd-4d97-b9f6-a25ee4762a23,e/9/8/6/e9862dbce580052cf0137187dabec68b9b41a4eb_Oppo_A6_Pro_Dual_Sim_256GB8GB_Ram5G_6177_1.jpg,Oppo,99dea7aa-07fd-4d97-b9f6-a25ee4762a23,a85b34c6-3b0a-4e6c-8db5-60d8a2810c2b,18270.0,18270.0,True,False,False,vxstore,Smart Phones,Oppo A6 Pro,256.0,8.0,5G,Dual-SIM,Blue
btech,https://btech.com/en/p/f5c207fe-7018-4a7c-8136-be2bd1f85df4,3/3/9/7/33976eb94e048ef9088e6fcdafc99717e1f96366_24.jpg,Realme,f5c207fe-7018-4a7c-8136-be2bd1f85df4,37a8834d-5ded-47bb-abc6-2fbf4a36b031,12510.0,12510.0,True,False,False,Elhashim Store,Smart Phones,Realme C85,256.0,8.0,4G,Dual-SIM,Swan Black
btech,https://btech.com/en/p/53bbfe31-3ca7-4719-b18d-14b868676207,2/c/e/2/2ce203e84c10df5a8b3fbbca7ccbaab321dfe121_71AdvhH42vL._AC_SL1500_.jpeg,Samsung,53bbfe31-3ca7-4719-b18d-14b868676207,d8396342-0ea6-4ddc-a7b2-c4eecba327ed,26999.0,26999.0,True,False,False,drmobile,Smart Phones,Samsung Galaxy A57,256.0,8.0,5G,Dual-SIM,Violet
btech,https://btech.com/en/p/samsung-galaxy-a56-256gb-8gb-ram-5g-dual-sim-pink,c/1/1/8/c118f5396a6e78399b86f0d8705bb7a8a56f428d_5313feacfb34c83ee7502ba878ff6b4f6afcc4a9519eec6b6cfabc4ecce4a3fd.jpeg,Samsung,3aacf629-51af-4073-abfa-c16544c79a5b,f0d6ef3c-8e89-40a3-a374-8aad74a2e0c3,25190.0,25190.0,True,False,False,Elhashim Store,Smart Phones,Samsung Galaxy A56,256.0,8.0,5G,Dual-SIM,Awesome Pink
btech,https://btech.com/en/p/0782c388-8c34-4690-99a9-ccc7dd66d492,5/1/f/e/51fec07cde450615e402926fad4182e0bf8b0d27_710khiM_s2L._AC_SL1500_.jpeg,Samsung,0782c388-8c34-4690-99a9-ccc7dd66d492,d8396342-0ea6-4ddc-a7b2-c4eecba327ed,26999.0,26999.0,True,False,False,drmobile,Smart Phones,Samsung Galaxy A57,256.0,8.0,5G,Dual-SIM,Light Blue
btech,https://btech.com/en/p/bd3f5f3e-8a3a-4bdd-a918-0066beacce34,1/a/c/5/1ac56e811ce82636318528391bca7d6b3d8e0fc8_24353181659.jpg,Oppo,bd3f5f3e-8a3a-4bdd-a918-0066beacce34,89ec565b-1663-465c-8814-26a6d05c89f4,32780.0,32780.0,True,False,False,drmobile,Smart Phones,Oppo Reno 15,512.0,12.0,5G,Dual-SIM,Aurora White
btech,https://btech.com/en/p/c4eb6888-62c6-4daa-9b86-ee526cdafafb,b/0/9/1/b0918886b5a632280d9a7d051cde57a7cafa5359_711Tcnink2L._AC_SL1500_.jpeg,Samsung,c4eb6888-62c6-4daa-9b86-ee526cdafafb,d8396342-0ea6-4ddc-a7b2-c4eecba327ed,26999.0,26999.0,True,False,False,drmobile,Smart Phones,Samsung Galaxy A57,256.0,8.0,5G,Dual-SIM,Gray
btech,https://btech.com/en/p/tecno-spark-30-pro-256gb-8gb-4g-lte-dual-sim-arctic-glow-kl7,7/d/3/c/7d3cc6bb2e9cbf4e94206ec35de2eceec4c8d031_1c56e19970af2cd8c693f012891258e7969d3affce6e5f284300f6b6871b2f9d.jpeg,Tecno,cd66160c-17ba-482e-8ff3-fa3883e4ed15,aa971ddd-c003-4cfb-9677-7cf00d29de60,11400.0,11400.0,True,False,False,888mobilestore,Smart Phones,Tecno Spark 30 Pro,256.0,8.0,4G LTE,Dual-SIM,Arctic Glow
btech,https://btech.com/en/p/0e05b0ef-9b5a-4cb6-92f0-19416f079f3b,c/7/e/0/c7e0c30799596e206d0e633571e85433a1815141_imgi_21_S26_ultra_cobaltviolet_4_jzdj_1c.jpg,Samsung,0e05b0ef-9b5a-4cb6-92f0-19416f079f3b,30646fc8-23ba-46f9-b762-b09ea2af3a5a,72222.0,72222.0,True,False,False,Ehab Group,Smart Phones,Samsung Galaxy S26 Ultra,256.0,12.0,5G,Dual-SIM,Cobalt Violet
btech,https://btech.com/en/p/f024d808-ea52-4fe9-ad8a-fb6743722f60,c/f/9/2/cf92e56649ea8ebeaecb22d607ee0854681506bc_infinix_hot_60i_negro_836041ad6fb080993117549272820034_1024_1024.jpg,Infinix,f024d808-ea52-4fe9-ad8a-fb6743722f60,c6d08379-2599-440f-a5d9-1ca9a30f4c5f,7899.0,7899.0,True,False,False,Remoz,Smart Phones,Infinix Hot 60i,128.0,6.0,4G,Dual-SIM,Black
btech,https://btech.com/en/p/samsung-galaxy-a26-128gb-6gb-4g-dual-sim-pink,b/8/2/b/b82beebf5e6ac792e473c1d1bc8f3e04ed45ac10_5b003e302d97e3aa55610e34856cde2550e0e629de2e4266ad3943b577a3f993.jpeg,Samsung,ebbbeabe-dcbe-45ac-bd61-1d91a5d0d15e,a7c519ec-18b0-4c28-9af1-70880abec191,12999.0,12999.0,True,False,False,ISM Mobile Shop,Smart Phones,Samsung Galaxy A26,128.0,6.0,4G LTE,Dual-SIM,Peach Pink
btech,https://btech.com/en/p/b01035ac-a8cc-4f98-9d31-4ac08f059563,b/e/3/d/be3d4e0f287e5b945a40f5693259e6b8665329f8_800_800_90Percent_79A29F2FC6693AD0A278C6253A984AEE472F5EA5C449648Fmp.jpg,Honor,b01035ac-a8cc-4f98-9d31-4ac08f059563,54d0eb84-9d7f-4c45-9a16-b22885b1d8c1,13899.0,13899.0,True,False,False,Remoz,Smart Phones,Honor X7d,256.0,8.0,4G,Dual-SIM,Velvet Black
btech,https://btech.com/en/p/1568f759-4c3d-41aa-9a8e-c058fb747b10,7/5/7/3/7573d7a8492921314e3a4f929caccf9cc6a7e96c_800_800_90Percent_20D80C453B86F78A1B872B959BA5D19D02F4314286340078mp.jpg,Honor,1568f759-4c3d-41aa-9a8e-c058fb747b10,54d0eb84-9d7f-4c45-9a16-b22885b1d8c1,13777.0,13777.0,True,False,False,ISM Mobile Shop,Smart Phones,Honor X7d,256.0,8.0,4G,Dual-SIM,Desert Gold
btech,https://btech.com/en/p/samsung-galaxy-a17-128gb-4gb-ram-4g-dual-sim-grey,e/c/6/2/ec62b482911cc98f4421fb3656f035ebc2be395b_imgi_2_92fdaddc53fe956bcc9f44a5c7e554ab63a535461ec0c2b35ee4acb9f5489191.jpg,Samsung,76a77370-43ee-40e0-a4f4-3630f9f29c99,112e49f8-cdc2-418b-bacb-c59d2b370ae3,9199.0,9999.0,True,False,False,B.TECH,Smart Phones,Samsung Galaxy A17,128.0,4.0,4G LTE,Dual-SIM,Grey
btech,https://btech.com/en/p/35a1dd44-53cc-413a-a289-6eb58ee036d9,9/3/e/d/93ed58c1e5dc7ce74f265d864adb8a559d1310bc_Oppo_A6_Pro_Dual_Sim_256GB8GB_Ram5G_6177_1.jpg,Oppo,35a1dd44-53cc-413a-a289-6eb58ee036d9,359092ae-fded-43be-8c15-d4378670a286,16315.0,16315.0,True,False,False,vxstore,Smart Phones,Oppo A6 Pro,256.0,8.0,4G,Dual-SIM,Blue
btech,https://btech.com/en/p/a63df97e-0691-4dee-82c0-db65b211e7c5,f/d/c/7/fdc7870f26af0df7a6ee2633574d9eaaf0ce652e_4229911_1.jpg,Samsung,a63df97e-0691-4dee-82c0-db65b211e7c5,4eb8fc22-32f4-4778-bd6d-dbd50fc41ce1,14770.0,16170.0,True,False,False,B.TECH,Smart Phones,Samsung Galaxy A17,256.0,8.0,5G,Dual-SIM,Blue
btech,https://btech.com/en/p/6ac7b2fb-b75f-4fbd-8665-d305de42adfc,6/4/7/a/647ae81e8ac79e084592a6f0a1f29c6a06fa46fd_98b9850a_6776_42d7_bc98_8b4cfc08e80c.jpg,Honor,6ac7b2fb-b75f-4fbd-8665-d305de42adfc,e03f3279-5f2a-461a-b8d5-0f4f272392f9,7800.0,7800.0,True,False,False,Aymen elsoudy,Smart Phones,Honor X5C Plus,128.0,4.0,,,Midnight Black
btech,https://btech.com/en/p/06c3506c-6ec1-4190-8914-3cabaf71ebb3,0/d/2/0/0d208b3c5919bd36afcf295d80381b2e5e249038_4229901_1.jpg,Samsung,06c3506c-6ec1-4190-8914-3cabaf71ebb3,4eb8fc22-32f4-4778-bd6d-dbd50fc41ce1,14770.0,16170.0,True,False,False,B.TECH,Smart Phones,Samsung Galaxy A17,256.0,8.0,5G,Dual-SIM,Gray
btech,https://btech.com/en/p/vivo-y04-64gb-4gb-ram-4g-lte-dual-sim-majestic-green,8/6/6/e/866ee295b363b04b875bda40ca06a7305edc992f_eaa2a918250c9f1fe43c1048f594ee10c501f9911162e623c61453e1b96de2dc.jpeg,Vivo,7fa2e426-fde5-4b11-941f-b85a935ea86a,c3303898-493c-40af-adfb-23704035e06c,6776.0,6776.0,True,False,False,Elhashim Store,Smart Phones,Vivo Y04,64.0,4.0,4G LTE,Dual-SIM,Majestic Green
btech,https://btech.com/en/p/tecno-spark-20-pro-plus-256gb-8gb-4g-dual-sim-green,b/0/7/0/b070ad2aef4976f79cf84d8d25be0edc0e80fa6d_ee189fba699c8bd80200288c6c082d325daead226ef71bd0cdbae96d799c166f.jpeg,Tecno,ad1d941f-6765-4809-aea9-56cf3fddeba6,365c2700-461b-4a2e-90be-5d58c1b76b4a,9700.0,9700.0,True,False,False,Aymen elsoudy,Smart Phones,Tecno Spark 20 Pro Plus,256.0,8.0,4G,Dual-SIM,Magic Skin Green
btech,https://btech.com/en/p/3fb64ab7-c14e-44f5-a2d8-8d32917fa801,9/e/1/7/9e17deb77949b3d04ef088bbf17f1ccf4f8e3794_4229891_1.jpg,Samsung,3fb64ab7-c14e-44f5-a2d8-8d32917fa801,4eb8fc22-32f4-4778-bd6d-dbd50fc41ce1,14770.0,16170.0,True,False,False,B.TECH,Smart Phones,Samsung Galaxy A17,265.0,8.0,5G,Dual-SIM,Black
btech,https://btech.com/en/p/motorola-edge-50-fusion-512gb-12gb-5g-dual-sim-marshmallow-blue,f/6/0/d/f60d9c9784648e16b6d97193c7415ffa3cf9a327_4b962ebf8ddbda1fd0b362fdee85ee4b3c797981c1d104dc579bfa59356b2388.jpg,Motorola,3a07e6dd-3d64-4493-acc3-c99ab1822819,90533b12-8f88-4297-80d6-76bfc3bec3d1,16689.0,16689.0,True,False,False,Al Nahar ROYAL Al Nahar ROYAL,Smart Phones,Motorola Edge 50 Fusion,512.0,12.0,5G,Dual-SIM,Marshmallow Blue
btech,https://btech.com/en/p/vivo-v60-512gb-12gb-ram-5g-dual-sim-mist-grey,f/a/f/a/fafacfdca411c3ae36ecfec6aef4f51430068f4b_imgi_2_247963f03ebea2518aac27a1fe289611f23a0e73961efb8f6df746039c0a590a.jpg,Vivo,7d78ccc3-66fa-4c62-a1c5-f7a77f9133d8,69684af3-b0fb-44be-8ee1-171fbbc70293,29888.0,29888.0,True,False,False,Elhashim Store,Smart Phones,Vivo V60,512.0,12.0,5G,Dual-SIM,Mist Grey
btech,https://btech.com/en/p/0c63c21e-6651-4c5c-ac8e-663b4a3cac9f,0/6/e/a/06eae843a179114bf97191dee8d7f1a62d07a635_3de31dffe4888aadd28e3434b32fa96e78835a46e53e19bbf86eea8c427e801e__1_.jpeg,Realme,0c63c21e-6651-4c5c-ac8e-663b4a3cac9f,0a85570c-c042-46e6-bd83-1c71b67adfb2,8189.0,8189.0,True,False,False,Radio. Talaat ,Smart Phones,Realme C71,128.0,4.0,4G,Dual-SIM,Forest Owl
btech,https://btech.com/en/p/vivo-v60-512gb-12gb-ram-5g-dual-sim-auspicious-gold,3/7/a/c/37ac9692d39a03d2dba08801099300d601e9c59d_imgi_2_27de381f2c4b02be727fafe355e46b453a9814e0eaab95b25254a79c628b28f5.jpg,Vivo,2567ddf4-2c56-4f20-ac42-390825dad748,69684af3-b0fb-44be-8ee1-171fbbc70293,29340.0,29340.0,True,False,False,Elhashim Store,Smart Phones,Vivo V60,512.0,12.0,5G,Dual-SIM,Auspicious Gold
btech,https://btech.com/en/p/06b9ca4f-fb3a-46a7-8787-18cc92076d06,e/c/e/8/ece8bb70d7a454b2b620721109ddc2784aa74b24_blue.jpg,Infinix,06b9ca4f-fb3a-46a7-8787-18cc92076d06,d95eebda-eff6-4d98-b0a8-f5206269ae97,19199.0,19199.0,True,False,False,Ehab Group,Smart Phones,Infinix Note 60,256.0,8.0,5G,Dual-SIM,Fiz Blue
btech,https://btech.com/en/p/1c150053-d77e-48c7-b169-4d0059a2c7f9,b/4/f/2/b4f24ecf4d52915cbad5d9990b3069abcf0c50db_1.jpg,Infinix,1c150053-d77e-48c7-b169-4d0059a2c7f9,7d7be6fa-f414-4ca3-9095-742ed7d94749,10010.0,10010.0,True,False,False,B.TECH,Smart Phones,Infinix Hot 60 Pro,256.0,8.0,4G LTE,Dual-SIM,Sleek Black
btech,https://btech.com/en/p/55dda271-3a85-485f-903c-f1efc59ea085,e/5/e/b/e5ebc37f1354f45ef019b14dd9321169f821fde0_7b0e7793a6c20a22b13be3367ed69e5e1cb08bb5afbf387978e3e86ee83111d8.jpeg,Motorola,55dda271-3a85-485f-903c-f1efc59ea085,86848484-4f40-4c30-a354-1d387891150c,17999.0,17999.0,True,False,False,Ehab Group,Smart Phones,Motorola Edge 60 Fusion,256.0,12.0,5G,Dual-SIM,Zephyr Pink
btech,https://btech.com/en/p/1a82a7fd-3049-4613-bf22-f2d66ec36ebd,7/d/1/2/7d12ffd67644da9b55f32f641d98a2b622eb04b1_Honor_600_Pro_Silver_600x600.jpg,Honor,1a82a7fd-3049-4613-bf22-f2d66ec36ebd,2d91e361-c899-49f2-bf8c-abdf02c51586,51999.0,51999.0,True,False,False,Ehab Group,Smart Phones,Honor 600 Pro,512.0,12.0,5G,Dual-SIM,Light Gold
btech,https://btech.com/en/p/8437ea18-2717-4f73-bdcb-e81d9b874de9,c/d/f/5/cdf5dae1ebd60ba178b89bc2f544ed52f25459d1_xiaomi_redmi_note_15_4g_6gb_128gb_6_77_amoled_5800mah_negro.jpg,Xiaomi,8437ea18-2717-4f73-bdcb-e81d9b874de9,23387a55-9c18-46bb-91be-91126d008991,12882.93928,12882.93928,True,False,False,Elhashim Store,Smart Phones,Xiaomi Redmi Note 15,256.0,8.0,4G,Dual-SIM,Black
btech,https://btech.com/en/p/0d86d39c-e33a-41c2-ae0a-46add2fdf038,8/d/6/e/8d6e7992fa57a501799284fadc75c6837c114695_Designer__53_.png,Oppo,0d86d39c-e33a-41c2-ae0a-46add2fdf038,0615a91f-5b2e-425c-a879-8f43663c1cb9,13099.0,13099.0,True,False,False,Remoz,Smart Phones,Oppo A6,128.0,6.0,4G,Dual-SIM,Sapphire Blue
btech,https://btech.com/en/p/8b563fdf-165d-4425-a37a-25623d81878b,1/4/a/7/14a776c78f5868ee5c10838feac1095b40db3025_1bhoomsmhmgg12bll006.jpg,Honor,8b563fdf-165d-4425-a37a-25623d81878b,00ff2a99-9cb7-4ef2-b278-fa703459b5c4,58237.0,58237.0,True,False,False,B.TECH,Smart Phones,Honor Magic7 Pro,512.0,12.0,5G,Dual-SIM,Breeze Blue
btech,https://btech.com/en/p/6a9f7b89-edd1-40e5-826b-86a7f4547742,a/1/1/e/a11e865aea679494592d6be65eaa7a80aa00bf7c_71osmLqm8FL._AC_SL1500_.jpeg,Samsung,6a9f7b89-edd1-40e5-826b-86a7f4547742,d8396342-0ea6-4ddc-a7b2-c4eecba327ed,26999.0,26999.0,True,False,False,drmobile,Smart Phones,Samsung Galaxy A57,256.0,8.0,5G,Dual-SIM,Dark Blue
btech,https://btech.com/en/p/samsung-galaxy-a17-128gb-4gb-ram-4g-dual-sim-light-blue,2/9/8/5/298598dc0db86a5964ccd72187d264bf453b5475_imgi_2_0adbdeaa562cddcf005797b1dbee0eb4adf32e48ee85bc7a1776a4295fd0287c.jpg,Samsung,a3d4ec61-e899-4992-82fc-be373e09f06c,112e49f8-cdc2-418b-bacb-c59d2b370ae3,9399.0,9999.0,True,False,False,B.TECH,Smart Phones,Samsung Galaxy A17,128.0,4.0,4G LTE,Dual-SIM,Light Blue
btech,https://btech.com/en/p/d84b86e7-bcd1-4da1-808e-745ca9542791,a/e/5/0/ae50fccb3efb6447d75b279970ff682a16bad27a_iPhone_17_Pro_Max_Cosmic_Orange_PDP_Image_Position_1__en_ME.jpg,Apple,d84b86e7-bcd1-4da1-808e-745ca9542791,04fa750e-9f73-4e1a-b1c9-963eae212861,115999.0,115999.0,True,False,False, Salem Group ,Smart Phones,Apple iPhone 17 Pro Max,256.0,12.0,5G,Dual-SIM,Cosmic Orange
btech,https://btech.com/en/p/42a29915-7634-481e-9a21-883f10c24b62,e/f/2/4/ef248bc5a48ef24e21e6c55097ad6b5934da0821_aa1lndrn.img_removebg_preview_15.jpg,Oppo,42a29915-7634-481e-9a21-883f10c24b62,07238088-d6db-41ba-8e71-b9cfa708c981,17472.0,17472.0,True,False,False,yalla-tager,Smart Phones,Oppo A5i Pro,256.0,8.0,5G,Dual-SIM,Breeze Blue
