model_id,brand,model,price_min,price_max,storage_options,ram_options,network,category,in_stock,spec_text
01b910b3a0dd,Oppo,Oppo Find X9 Pro,69999.0,69999.0,[512.0],[16.0],['5G'],Smart Phones,True,"Network: 5G | Sim Type: Nano-SIM | Display Type: AMOLED | Charging Type: Wired | Number of Sim: Dual-SIM | Display Resolution: 2772x1272 | Operating System Type: ColorOS 16.0 | Screen Size: 6.7800 Inch | Front Camera: 50.0000 megapixels | Primary Camera: 200.0000 megapixels | Battery Capacity: 7500 mAh | Connectivity: Wi-Fi Display, WLAN Tethering, Wi-Fi 6GHz 320MHz, Bluetooth 6.0, USB-C, USB 3.2 Gen 1, GPS, GLONASS, Galileo, QZSS, NavIC | Chipset Manufacturer: MediaTek Dimensity 9500, 8 cores | Video Capture Format: Up to 4K video: 120fps | Processor Manufacturer: MediaTek Dimensity 9500, 8 cores | Audio Jack Type: Type-C | Zoom Capability: Optical zoom: Up to 3X, Digital Zoom: Up to 18X | kf_brand: Oppo | kf_model_name: Find X9 Pro CPH2791 | kf_display: 6.78 Inch, 450 PPI Resolution: FHD+, AMOLED (2772 × 1272) Refresh Rate: 120Hz Touch Sampling Rate: 240Hz, Default: 120Hz Color Depth: 1.07 billion colors (10-bit) Brightness: Normal: 800nits, HBM: 1800nits Corning Gorilla Glass Victus 2 | kf_processor: MediaTek Dimensity 9500, 8 cores | kf_rear_camera: Quad Camera Ultra-wide angle: 50MP, f/2.0, FOV 120°, 6P lens, AF Wide angle: 50MP, f/1.5, FOV 84°, 7P lens, AF, OIS Telephoto: 200MP, f/2.1, FOV 34°, 6P lens, AF, OIS Monochrome: 2MP, f/2.4, FOV 88°, 3P lens Shooting Mode: Portrait, Night, SLO-MO, Dual-view video, TIME-LAPSE Video: Up to 4K video: 120fps Optical zoom: Up to 3X, Digital Zoom: Up to 18X | kf_front_camera: 50MP, f/2.0, FOV 90°, 5P lens, AF Shooting Mode: Portrait, Night, Dual-view video, TIME-LAPSE Video: Up to 4K video: 60fps | kf_battery: 7500mAh Fast Charge 80W SUPERVOOC | kf_num_sim_cards: Dual SIM | kf_connectivity: Wi-Fi Display, WLAN Tethering Wi-Fi 6GHz 320MHz Bluetooth 6.0 USB-C, USB 3.2 Gen 1 GPS, GLONASS, Galileo, QZSS, NavIC | kf_other_features: Fingerprint, Facial Recognition Proximity sensor, Ambient light sensor Accelerometer, Gyroscope Laser focusing sensor, Spectral sensor Infrared remote control"
01c0fbf13197,Honor,Honor 600 Lite,19120.0,22120.0,"[128.0, 256.0]",[8.0],['5G'],Smart Phones,True,"Network: 5G | Sim Type: Nano-SIM | Port Type: Type C | Display Type: AMOLED | Charging Type: Wired | Number of Sim: Dual-SIM | Display Resolution: 1200 x 2600 | Operating System Type: MagicOS 10 | Screen Size: 6.6000 Inch | Front Camera: 16.0000 megapixels | Primary Camera: 108.0000 megapixels | Battery Capacity: 6320 mAh | Connectivity: Wifi -Bluetooth 6.0 -GPS -Type-C, USB 2.0 | Chipset Manufacturer: MediaTek Dimensity | Video Capture Format: Video Shooting Support up to 1080P (1080×2520) video recording | Processor Manufacturer: MediaTek Dimensity 7100 Elite-G610 MC2-Octa-core | Gift: with Honor Choice Earbuds X7e | Zoom Capability: Up to 10X Digital zoom | kf_brand: Honor | kf_model_name: 600 Lite | kf_display: 6.6-inch AMOLED Display 800 nits (typical) 2000 nits (HBM type) 6500 nits (APL type) 1200x2600 pixels Eye Comfort Technology | kf_processor: MediaTek Dimensity 7100 Elite-G610 MC2-Octa-core | kf_rear_camera: 108MP Main Camera(f/1.75) 5MP Ultra-Wide Camera(f/2.2) Support up to 12000x8976 pixels Video Shooting Support up to 1080P (1080×2520) video recording Rear single LED flash Up to 10X Digital zoom | kf_front_camera: 16MP Camera (f/2.45) Support up to 1080P (1920×1080) video recording Support up to 4608x3456 pixels Image Resolution Support 2D Face Recognition | kf_battery: 6320mAh, 45W wired, Standard Charger 45W HONOR SuperCharge | kf_num_sim_cards: 2 | kf_connectivity: Wifi Bluetooth 6.0 GPS Type-C, USB 2.0 | kf_operating_system: MagicOS 10 (Based on Android 16) | kf_other_features: IP66 Water and Dust Resistance Gravity Sensor Fingerprint Sensor Compass Sensor Ambient Light Sensor"
020e41e81ae6,Nokia,Nokia 210 Dual-SIM,828.0,856.0,[],[],[],Feature Phones,True,"Network: 2G | Port Type: micro USB | Display Type: TFT | Number of Sim: Dual-SIM | Screen Size: 2.4000 Inch | Primary Camera: 0.3000 megapixels | kf_brand: Nokia | kf_model_name: 210 | kf_display: 2.4-inch TFT screen | kf_rear_camera: 0.3MP rear camera | kf_battery: 1020mAh Connectivity Bluetooth 3.0, FM radio, micro USB 2.0, 3.5mm headphone jack | kf_num_sim_cards: Dual SIM | kf_memory: 16MB internal storage"
04dce69c44b0,Honor,Honor X8C,15505.0,15505.0,[512.0],[8.0],['4G LTE'],Smart Phones,True,"Network: 4G LTE | Sim Type: Nano-SIM | Port Type: Type C | Display Type: AMOLED | Charging Type: Wired | Number of Sim: Dual-SIM | kf_brand: Honor | kf_model_name: X8C | kf_display: – 6.7 Inch, AMOLED, 120Hz – 1200 nits (HBM), 2800 nits (peak), (1080 x 2412) | kf_processor: – Qualcomm SM6225 Snapdragon 685 (6 nm), Octa Core | kf_rear_camera: – Dual Camera – 108 MP, f/1.8, 24mm (wide), 1/1.67"", PDAF, OIS – 5 MP, f/2.2, (ultrawide) – Features: LED flash, HDR, panorama – Video: 1080p@30fps, gyro-EIS | kf_front_camera: – 50 MP, f/2.1, (wide) – Video: 1080p@30fps | kf_battery: – 5000 mAh, 35W | kf_num_sim_cards: – Dual SIM | kf_connectivity: – Wi-Fi 802.11 a/b/g/n/ac, dual-band, Wi-Fi Direct – Bluetooth 5.0/5.1, A2DP, LE – Positioning: GPS, GLONASS, GALILEO, BDS – USB Type: -C 2.0, OTG | kf_other_features: – IP64 dust tight and water resistant (water splashes), (up to 0.25m for 3 min, 0.5m for 1 min) – Drop resistant up to 1.8m – Fingerprint (side-mounted), accelerometer, gyro, compass, proximity (ultrasonic)"
05984217a598,Apple,Apple iPhone 16,46400.0,118376.0,"[128.0, 256.0]","[6.0, 8.0]",['5G'],Re-furbished Mobiles,True,"Network: 5G | Port Type: Type C | Display Type: Super Retina XDR OLED | Charging Type: Wired / Wireless | Number of Sim: Single SIM | Display Resolution: 1179×2556 | kf_brand: Apple | kf_model_name: iPhone 16 | kf_display: 6.1- Inch Super Retina XDR OLED (1179 x 2556) 1000 nits (typ), 2000 nits (HBM) | kf_processor: Apple A18 (3 nm)-Hexa-core | kf_rear_camera: 48 MP, f/1.6, 26mm (wide), 1/1.56"", 1.0µm, dual pixel PDAF, sensor-shift OIS 12 MP, f/2.2, 13mm, 120˚ (ultrawide), 0.7µm, dual pixel PDAF Dual-LED dual-tone flash, HDR (photo/panorama) Video 4K@24/25/30/60fps, 1080p@25/30/60/120/240fps, HDR, Dolby Vision HDR (up to 60fps), stereo sound rec. | kf_front_camera: 12 MP, f/1.9, 23mm (wide), 1/3.6"", 1.0µm, PDAF SL 3D, (depth/biometrics sensor) HDR, Dolby Vision HDR, 3D (spatial) audio, stereo sound rec. Video 4K@24/25/30/60fps, 1080p@25/30/60/120fps, gyro-EIS | kf_num_sim_cards: 1 | kf_connectivity: Wi-Fi Bluetooth 5.3 GPS USB Type-C 2.0, DisplayPort | kf_other_features: Face ID, accelerometer, gyro, proximity, compass, barometer sensors IP68 dust-tight and water-resistant (immersible up to 6m for 30 min)"
059c6b30e64c,Xiaomi,Xiaomi Redmi Note 15,10999.0,19581.0,"[128.0, 256.0, 512.0]","[6.0, 8.0, 12.0]","['4G', '5G']",Smart Phones,True,"Network: 5G | Sim Type: Nano-SIM | Port Type: Type C | Display Type: AMOLED | Charging Type: Wired | Display Resolution: 1080x2392 | kf_brand: Xiaomi | kf_model_name: Redmi Note 15 | kf_display: 6.77-inch AMOLED display Resolution (2392 × 1080) Up to 120Hz refresh rate 3200 nits peak brightness, 800 nits (type) | kf_processor: Snapdragon 6 Gen 3, 4nm, Octa-core | kf_rear_camera: 108MP main camera0.64μm, 9in1 1.92μm, f/1.7, 6P lens, 1/1.67"" sensor size 8MP ultra-wide camera f/2.2 Video recording 4K at 30fps, 1080p at 30fps, 720p at 30fps | kf_front_camera: 20MP front camera 1/4'' sensor size f/2.2, 4P lens Video recording 1080p at 30fps, 720p at 30fps | kf_battery: 5520mAh, 45W turbo charging | kf_num_sim_cards: 2 | kf_connectivity: Bluetooth 5.1 Wi-Fi GPS USB Type-C | kf_operating_system: Xiaomi HyperOS 2 | kf_other_features: Virtual proximity sensor, Ambient light sensor, Accelerometer, Electronic compass IP66 Splash, Water, and Dust Resistant In-screen fingerprint sensor AI face unlock"
0637b9a01197,Oppo,Oppo A5i,8358.0,8358.0,[64.0],[4.0],['4G LTE'],Smart Phones,True,"Network: 4G LTE | Sim Type: Nano-SIM | Port Type: Type C | Display Type: LCD | Charging Type: Wired | Number of Sim: Dual-SIM | kf_brand: Oppo | kf_model_name: A5i | kf_display: 6.67 Inch, HD+ LCD, 264PPI, 90Hz 1604 × 720 pixels 1000 nits | kf_processor: Qualcomm Snapdragon 6s Gen1, Octa Core | kf_rear_camera: 8MP, f/2.0, 4P lens Autofocus, open-loop focus motor 78° field of view Up to 1080P@30fps | kf_front_camera: 5MP, f/2.2, 3P lens 78° field of view, Fixed Focus Up to 1080/720P@30fps | kf_battery: 5100mAh, 45-Watt SUPERVOOC fast charging | kf_num_sim_cards: Dual SIM | kf_connectivity: Wi-Fi 5 (802.11ac), 802.11a/b/g/n Bluetooth 5.0, USB Type-C Earphone Jack 3.5mm BeiDou, GPS, GLONASS, Galileo, and QZSS | kf_other_features: IP54 splash and dust resistance. Fingerprint, Facial Recognition. Ultra Volume Mode, Turbo Torch."
07c37a1b20eb,Oppo,Oppo Reno 13,30622.0,36882.0,"[256.0, 512.0]",[12.0],['5G'],Smart Phones,True,Network: 5G | Sim Type: Nano-SIM | Port Type: Type C | Display Type: AMOLED | Charging Type: Wired | Number of Sim: Dual-SIM
09189477c2e6,Realme,Realme C75x,8794.0,11646.0,"[128.0, 256.0]","[6.0, 8.0]",['4G'],Smart Phones,True,"Network: 4G | Sim Type: Nano-SIM | Port Type: Type C | Display Type: IPS LCD | Charging Type: Wired | Number of Sim: Dual-SIM | kf_brand: Realme | kf_model_name: C75x | kf_display: 6.67 Inches, IPS LCD, 120Hz, 500 nits 720 x 1604 | kf_processor: Mediatek Helio G81 Ultra (12 nm) | kf_rear_camera: 50 MP, f/1.8, (wide), 1/2.88"", PDAF | kf_front_camera: 5 MP, f/2.2, (wide), 1/5"" | kf_battery: 5600 mAh, 45W wired, 100% in 90 min | kf_num_sim_cards: 2 | kf_connectivity: Wi-Fi Bluetooth 5.0 Positioning GPS USB Type-C 2.0 | kf_other_features: LED flash, panorama Fingerprint (side-mounted) Drop resistant up to 1.8 meters | kf_video: 1080p@30fps 1080p@30fps Panorama"
0a2f092ba8fb,Infinix,Infinix GT 30 Pro,22888.0,23933.0,[512.0],[12.0],['5G'],Smart Phones,True,"Network: 5G | Port Type: Type C | Display Type: AMOLED | Charging Type: Wired | Number of Sim: Dual-SIM | Audio Jack Type: Type-C | kf_brand: Infinix | kf_model_name: GT 30 Pro | kf_display: 6.78 inches,  1224 x 2720 pixels Type: AMOLED, 1B colors, 144Hz, 2304Hz PWM 700 nits (typ), 1600 nits (peak), 4500 nits (peak) Corning Gorilla Glass 7i | kf_processor: Mediatek Dimensity 8350 Ultimate (4 nm), Octa-core | kf_rear_camera: Dual Camera 108 MP, f/1.9, (wide), 1/1.33"", 0.8µm, PDAF 8 MP, f/2.2, 111˚ (ultrawide), 1/4.0"", 1.0µm, AF Features: Dual-LED flash, HDR, panorama Video: 4K@30/60fps | kf_front_camera: 13 MP, f/2.2, (wide), 1/3.1"", 1.12µm Video: 4K@30fps, 1080p@30fps | kf_battery: 5500 mAh 45W wired, 30W wireless 10W reverse wired 5W reverse wireless, Bypass Charging 2 | kf_num_sim_cards: Dual SIM | kf_connectivity: Wi-Fi 802.11 a/b/g/n/ac/6, dual-band, Wi-Fi Direct Bluetooth 5.4, A2DP, LE Positioning GPS, GLONASS, GALILEO Infrared port FM radio USB Type-C 2.0, OTG | kf_other_features: IP64 dust-tight and water-resistant (water splashes) Customizable RGB LEDs on the back Stereo speakers, tuned by JBL Fingerprint (under display, optical) Accelerometer, proximity, compass, gyro"
0de1b6ea4891,Itel,Itel S23,6705.0,6705.0,[128.0],[4.0],['4G LTE'],Smart Phones,True,"Network: 4G LTE | Sim Type: Nano-SIM | Port Type: Type C | Display Type: IPS LCD | Charging Type: Wired | Number of Sim: Dual-SIM | kf_brand: Itel | kf_model_name: S23 | kf_display: 6.6 inch IPS LCD, Resolution (720 x 1612 pixels) | kf_processor: Unisoc T606 (12 nm), Octa-core (2x1.6 GHz Cortex-A75 & 6x1.6 GHz Cortex-A55) | kf_rear_camera: 50 MP, f/1.6 (wide), 0.08 MP (auxiliary lens), LED flash | kf_front_camera: 8 MP, LED flash | kf_battery: 5000 mAh non-removable Li-Po, Supports 10W fast charging | kf_num_sim_cards: Dual SIM | kf_connectivity: Wi-Fi, Bluetooth, USB Type-C 2.0, OTG, GPS, Fingerprint"
0e1e3efbd9e3,Samsung,Samsung Galaxy A17,9199.0,14770.0,"[128.0, 256.0, 265.0]","[4.0, 6.0, 8.0]","['4G LTE', '5G']",Smart Phones,True,"Network: 4G LTE | Port Type: Type C | Display Type: Super AMOLED | Number of Sim: Dual-SIM | Display Resolution: 2340x1080 | Operating System Type: Android 15 | kf_brand: Samsung | kf_model_name: Galaxy A17 | kf_display: 6.7 Inch, Super AMOLED, 90Hz, 800 nits (HBM) (1080 x 2340) | kf_processor: Samsung Exynos 1330 (5 nm), Octa Core Connectivity Wi-Fi 802.11 a/b/g/n/ac, dual-band, Wi-Fi Direct Bluetooth 5.3, A2DP, LE Positioning GPS, GALILEO, GLONASS, BDS, QZSS USB Type-C 2.0 | kf_rear_camera: Triple Camera 50 MP, f/1.8, (wide), 1/2.76"", 0.64µm, AF, OIS 5 MP, f/2.2, (ultrawide), 1/5.0"", 1.12µm 2 MP, f/2.4, (macro) Features LED flash, panorama, HDR Video 1080p@30fps, gyro-EIS | kf_front_camera: 13 MP, f/2.0, (wide), 1/3.1"", 1.12µm Video 1080p@30fps | kf_battery: 5000 mAh, 25 Watt | kf_num_sim_cards: Dual SIM | kf_other_features: Loudspeaker Fingerprint, accelerometer, gyro, proximity IP54 dust protected and water resistant (water splashes)"
0e47b50fd374,Hope,Hope Bm10,588.0,588.0,[],[],[],Feature Phones,True,"Screen Size: 0.6600 Inch | Battery Capacity: 350 mAh | Connectivity: Wifi, Cellular | Storage Capacity: 512 MB | kf_brand: Hope | kf_model_name: BM10 | kf_display: 0.66 Inch (128 × 160) | kf_battery: 350 mAh | kf_connectivity: Wi-Fi, Cellular | kf_memory: 512MB"
12f3758fc468,Realme,Realme Note 60x,6064.0,8145.0,"[64.0, 128.0]","[3.0, 4.0]","['4G', '4G LTE']",Smart Phones,True,"Network: 4G LTE | Sim Type: Nano-SIM | Port Type: Type C | Display Type: IPS LCD | Charging Type: Wired | Number of Sim: Dual-SIM | kf_brand: Realme | kf_model_name: Note 60x | kf_display: 6.74 Inch (720 x 1600) IPS LCD Display 90Hz Refresh Rate and 560 nits (peak) Brightness Reinforced Glass Protection | kf_processor: Unisoc Tiger T612 (12 nm) Octa-core (2x1.8 GHz Cortex-A75 and 6x1.8 GHz Cortex-A55) | kf_rear_camera: 8 MP Auxiliary Lens Features: LED flash, panorama Video: 1080p@30fps | kf_front_camera: 5 MP, (wide) Video: 720p@30fps | kf_battery: 5000mAh, 10W Wired Charging | kf_num_sim_cards: Dual SIM (Nano-SIM + Nano-SIM) | kf_connectivity: Wi-Fi, dual-band Bluetooth 5.0 GPS, GALILEO, GLONASS, BDS USB Type-C 2.0 | kf_operating_system: Android 14 | kf_other_features: IP54 dust protected and water resistant (water splashes)"
131d2da2e4b0,Samsung,Samsung Galaxy S25 FE,38500.0,48400.0,"[256.0, 512.0]",[8.0],['5G'],Smart Phones,True,"Network: 5G | Port Type: Type C | Display Type: Dynamic LTPO AMOLED 2X | Charging Type: Wired | Number of Sim: Dual-SIM | Water Resistant: Yes | kf_brand: Samsung | kf_model_name: Galaxy S25 FE | kf_display: 6.7 inch, Dynamic LTPO AMOLED 2X, 120Hz refresh rate 1080 x 2340,  1900 nits | kf_processor: Exynos 2400- 10-core | kf_rear_camera: 50 MP, f/1.8, 24mm (wide), 1/1.57"", 1.0µm, dual pixel PDAF, OIS 8 MP, f/2.4, 75mm (telephoto), 1/4.4"", 1.0µm, PDAF, OIS, 3x optical zoom 12 MP, f/2.2, 13mm, 123˚ (ultrawide), 1/3.0"", 1.12µm LED flash, HDR, panorama, Best Face Video 8K@24/30fps, 4K@30/60/120fps, 1080p@30/60/120/240fps; gyro-EIS, HDR10+ | kf_front_camera: 12 MP, f/2.2, 26mm (wide), 1/3.2"", 1.12µm Video 4K@30/60fps, 1080p@30/60fps; gyro-EIS, HDR10+ | kf_battery: 4900 mAh, 45W wired 65% in 30 min, 15W wireless | kf_num_sim_cards: 2 | kf_connectivity: Wi-fi Bluetooth 5.4 GPS USB Type-C 3.2, OTG | kf_operating_system: Android 16 | kf_other_features: Fingerprint  sensor IP68 dust-tight and water-resistant"
14a787e6471b,Nokia,Nokia 5310 Dual-SIM,999.0,999.0,[],[],[],Feature Phones,True,"Network: 2G | Port Type: micro USB | Display Type: TFT | Number of Sim: Dual-SIM | Display Resolution: 240x320 | Connectivity: Bluetooth, micro USB 1.1, FM Radio | kf_brand: Nokia | kf_model_name: 5310 | kf_display: 2.4-inch (240×320) TFT display | kf_processor: MediaTek MT6260A | kf_rear_camera: VGA rear camera | kf_battery: 1200 mAh | kf_connectivity: Bluetooth, micro USB 1.1, FM Radio | kf_memory: 16MB internal storage, 8MB RAM"
16796d1f3658,Samsung,Samsung Galaxy S26 Plus,58764.0,59000.0,[256.0],[12.0],['5G'],Smart Phones,True,"Network: 5G | Sim Type: Nano-SIM | Port Type: Type C | Display Type: Dynamic AMOLED 2X | Charging Type: Wired | Number of Sim: Dual-SIM | Display Resolution: 3120x1440 | Operating System Type: Android 16 | Screen Size: 6.7000 Inch | Front Camera: 12.0000 megapixels | Primary Camera: 50.0000 megapixels | Battery Capacity: 4900 mAh | Connectivity: USB Type-C 3.2 Gen 1 -GPS -Wifi -Bluetooth 6.0 | Chipset Manufacturer: Snapdragon 8 Elite | Video Capture Format: UHD 8K (7680 x 4320)@30fps | Processor Manufacturer: Snapdragon 8 Elite Gen 5-Deca-Core | Zoom Capability: ptical Zoom 3x, Optical quality Zoom 2x, Digital Zoom up to 30x | kf_brand: Samsung | kf_model_name: Galaxy S26 Plus | kf_display: 6.7-inch Quad HD+ Dynamic AMOLED 2X 120Hz Refresh Rate, (3120 x 1440) | kf_processor: Snapdragon 8 Elite Gen 5-Deca-Core | kf_rear_camera: Triple Camera ( 50.0 MP + 10.0 MP + 12.0 MP ) F1.8 , F2.4 , F2.2 Auto Focus, OIS Optical Zoom 3x, Optical quality Zoom 2x (Enabled by Adaptive Pixel sensor) , Digital Zoom up to 30x UHD 8K (7680 x 4320)@30fps 240fps @FHD, 120fps @FHD, 120fps @UHD Slow Motion | kf_front_camera: 12MP, F2.2 | kf_battery: 4900mAh, Supports 45W Fast Charging Up to 31 Hours Video Playback Time | kf_num_sim_cards: Dual SIM | kf_connectivity: USB Type-C 3.2 Gen 1 GPS Wifi Bluetooth 6.0 | kf_operating_system: Android 16 | kf_other_features: Accelerometer, Barometer, Fingerprint Sensor, Gyro Sensor Geomagnetic Sensor, Hall Sensor, Light Sensor, Proximity Sensor"
18f59a2d55f2,Infinix,Infinix Note Edge,15550.0,16799.0,[256.0],[8.0],['5G'],Smart Phones,True,"Network: 5G | Sim Type: Nano-SIM | Port Type: Type C | Display Type: AMOLED | Charging Type: Wired | Number of Sim: Dual-SIM | Display Resolution: 1208 × 2644 | Operating System Type: XOS 16 | Water Resistant: Yes | Screen Size: 6.7800 Inch | Front Camera: 13.0000 megapixels | Primary Camera: 50.0000 megapixels | Battery Capacity: 6500 mAh | Connectivity: Bluetooth 5.4, OTG, USB-C, GPS, FM Radio | Chipset Manufacturer: MediaTek Dimensity 7100 | Video Capture Format: 2K 30FPS/ 1080P 30FPS/ 1080P 60FPS/ 720P 30FPS | Processor Manufacturer: MediaTek | Gift: With Infinix XPower 10 Pro Power Bank - Color May Vary | kf_brand: Infinix Infinix | kf_model_name: Note Edge | kf_display: 6.78 Inches AMOLED display Refresh rate: 60Hz, 90Hz, and 120Hz Resolution: 1208 × 2644 pixels | kf_processor: MediaTek Dimensity 7100, octa-core | kf_rear_camera: 50MP, f/1.8, 0.8μm Dual Flash Video: 2K 30FPS/ 1080P 30FPS/ 1080P 60FPS/ 720P 30FPS | kf_front_camera: 13MP, f/2.2, 82° FOV 2K 30FPS/ 1080P 30FPS/ 1080P 60FPS/ 720P 30FPS | kf_battery: 6500mAh, 45W wired charging | kf_num_sim_cards: Dual SIM | kf_connectivity: Bluetooth 5.4, OTG, USB-C, GPS FM Radio | kf_operating_system: XOS 16, Powered by Android 16 | kf_other_features: Fingerprint, gyroscope, e-compass, proximity, light sensors IP65 Splash, water & dust resistance Infinix XPower 10 Pro Power Bank - Color May Vary | kf_sim_type: Power Bank 10000mAh 22.5 W 3 Ports and a charging cable | kf_color: Color may vary"
19fb818da646,Vivo,Vivo V60,25246.0,29888.0,"[256.0, 512.0]",[12.0],['5G'],Smart Phones,True,"Network: 5G | Sim Type: Nano-SIM | Port Type: Type C | Display Type: AMOLED | Charging Type: Wired | Number of Sim: Dual-SIM | kf_brand: Vivo Vivo | kf_model_name: V60 TWS 3 | kf_display: 6.77 inch, AMOLED, 120Hz refresh rate (1080 x 2392), 5000 nits | kf_processor: Qualcomm SM7750-AB Snapdragon 7 Gen 4 (4nm), Octa-core | kf_rear_camera: 50 MP, f/1.9, 23mm (wide), 1/1.56"", 1.0µm, PDAF, OIS 50 MP, f/2.7, 73mm (periscope telephoto), 1/1.95"", 0.8µm, PDAF, OIS, 3x optical zoom 8 MP, f/2.0, 15mm, 120˚ (ultrawide) Zeiss optics, Ring-LED flash, panorama, HDR | kf_front_camera: 50 MP, f/2.2, 21mm (wide), 1/2.76"", 0.64µm, AF Zeiss optics, HDR | kf_battery: 6500 mAh, 90W wired charging | kf_num_sim_cards: Dual SIM | kf_connectivity: Bluetooth 5.4, USB Type-C 2.0 (OTG), Wi-Fi, GPS Bluetooth | kf_other_features: Fingerprint sensor, IP68/IP69 water and dust resistance 12.2mm ultra-large drivers Deep-Live 3D panoramic audio Intelligent noise reduction Double transparency mode Yes 10 hours of battery life with noise reduction off, 40 hours with charging case | kf_sim_type: Earbuds | kf_video: 4K@30fps, 1080p@30/60fps, gyro-EIS, OIS 4K@30fps, 1080p@30/60fps | kf_color: White"
1a377d62b51b,Honor,Honor 400,23678.0,33000.0,"[256.0, 512.0]",[12.0],['4G LTE'],Smart Phones,True,"Network: 4G LTE | Sim Type: Nano-SIM | Port Type: Type C | Display Type: AMOLED | Charging Type: Wired | Number of Sim: Dual-SIM | kf_brand: Honor Model Name 400 Display 6.55 Inches AMOLED display 1B colors, 120Hz, HDR, 5000 nits (peak) Resolution: 1200 x 2664 pixels Processor Qualcomm SM7550-AB Snapdragon 7 Gen 3 (4 nm) - Octa Core Rear Camera Dual Camera 200 MP, f/1.9, (wide), PDAF, OIS 12 MP, f/2.2, 112˚ (ultrawide), AF Features: LED flash, HDR, panorama Video: 4K, 1080p, gyro-EIS, OIS Front Camera 50 MP, f/2.1, (wide) Features: HDR Video: 4K, 1080p, gyro-EIS Battery Si/C Li-Ion 5300 mAh battery Charging: 66 watts wired 5W reverse wired Number of SIM cards Dual SIM Connectivity Wi-Fi, Bluetooth 5.4, USB-C 2.0, OTG, Infrared ports Positioning: GPS, GALILEO, GLONASS, QZSS, BDS (B1I+B1c) Other Features Fingerprint (under display, optical), accelerometer, gyro, compass, ultrasound proximity sensors IP65 Dust tight and water resistant (low pressure water jets) With stereo speakers"
1a7be50c9645,Honor,Honor Magic V5,94699.0,94699.0,[512.0],[16.0],['5G'],Smart Phones,True,"Network: 5G | Sim Type: Nano SIM and eSIM | Port Type: Type C | Display Type: OLED | Charging Type: Wired / Wireless | Number of Sim: Dual-SIM | kf_brand: Honor | kf_model_name: Magic V5 Display Dual Display 7.95 inch inner display, 6.43 inch outer display OLED, HDR, 5000 nits brightness Inner screen: (2352×2172) External screen: (2376×1060) Processor Qualcomm Snapdragon 8 Elite Octa-core Rear Camera 50MP Ultra Wide Camera (f/2.0) 50MP Wide Camera (f/1.6, OIS) 64MP telephoto Lens Camera (f/2.5, OIS) Rear single LED flash Supports 4K (3840×2160 pixels) Front Camera 20MP Wide Camera (f/2.2) (Interior screen) 20MP Wide Camera (f/2.2) (Exterior screen) Supports 4K (3840×2160) pixels Battery Capacity 5820 mAh (typical value), 5690 mAh (rated value) 66W wired SuperCharge, 50W Wireless SuperCharge | kf_num_sim_cards: Dual SIM Connectivity Bluetooth 6.0 USB Type-C Wi-Fi GPS Other Features Fingerprint Sensor Supports 2D face unlock IP58 and IP59 Water and Dust Resistance"
1d5b6e3fcc4e,Realme,Realme C53,8370.0,8370.0,[128.0],[6.0],['4G'],Smart Phones,True,"Network: 4G | Sim Type: Nano-SIM | Port Type: Type C | Display Type: IPS LCD | Charging Type: Wired | Number of Sim: Dual-SIM | Display Resolution: 1080x2400 | Operating System Type: Android 13 | Screen Size: 6.7000 Inch | Front Camera: 8.0000 megapixels | Battery Capacity: 5000 mAh | Connectivity: Wi-Fi, Bluetooth V5.0, GPS, USB Type-C 2.0 | Chipset Manufacturer: Unisoc | Processor Manufacturer: Unisoc | kf_brand: Realme | kf_model_name: C53 | kf_display: 6.7 Inch (1080 x 2400) IPS LCD Display with 90Hz Refresh Rate, 560 nits (peak) | kf_processor: Unisoc Tiger T612 (12 nm) - Octa Core Processor | kf_rear_camera: Dual Camera 50 MP, f/1.8, (wide), PDAF | kf_front_camera: Single Camera - 8 MP, f/2.0, (wide) | kf_battery: Non-removable 5000 mAh Li-Po Battery 33W wired, 50% in 31 min | kf_connectivity: Wi-Fi, Bluetooth V5.0, GPS, USB Type-C 2.0"
1ece1d5afb9c,Tecno,Tecno Camon 40 Pro,18111.0,18111.0,[256.0],[12.0],[],Smart Phones,True,"Operating System Type: Android 15 | Screen Size: 6.7800 Inch | Front Camera: 50.0000 megapixels | Primary Camera: 50.0000 megapixels | Battery Capacity: 5200 mAh | Connectivity: Wifi -Bluetooth -GPS -Infrared port -FM radio -USB Type-C 2.0, OTG | kf_brand: Tecno | kf_model_name: Camon 40 Pro | kf_display: 6.78 inch, AMOLED, 144Hz 1080 x 2436 pixels | kf_processor: Mediatek Dimensity 7300 (4 nm) Octa-core | kf_rear_camera: 50 MP, f/1.9, 23mm (wide), 1/1.56"", 1.0µm, PDAF, OIS 8 MP, (ultrawide), 1/4.0"", 1.12µm, AF Dual-LED flash, HDR, panorama Video 4K@30/60fps (HDR), 1080p@30fps | kf_front_camera: 50 MP, f/2.5, 24mm (wide), 1/2.8"", 0.64µm, PDAF Video 4K@30fps, 1080p@30/60fps | kf_battery: 5200 mAh, Charging 45W wired, 50% in 23 min, 100% in 43 min | kf_num_sim_cards: 2 | kf_connectivity: Wifi Bluetooth GPS Infrared port FM radio USB Type-C 2.0, OTG | kf_other_features: Fingerprint sensor IP68/IP69 dust-tight and water-resistant"
1f1d10e24869,Realme,Realme 15 Pro,26670.0,26670.0,[256.0],[12.0],['5G'],Smart Phones,True,"Network: 5G | Sim Type: Nano-SIM | Port Type: Type C | Display Type: OLED | Charging Type: Wired | Number of Sim: Dual-SIM | kf_brand: Realme | kf_model_name: 15 Pro | kf_display: 6.8-inch OLED Display, 144Hz refresh rate, HDR10+, 800 nits (HBM), 6500 nits (peak), ( 1280 x 2800 ) pixels | kf_processor: Qualcomm SM7750-AB Snapdragon 7 Gen 4, Octa-core | kf_rear_camera: 50 MP, f/1.8, 24mm (wide), 1/1.56"", 1.0µm, multi-directional PDAF, OIS 50 MP, f/2.0, 16mm, 116˚ (ultrawide), 1/2.88"", 0.61µm LED flash, HDR, panorama Video	4K@30/60fps, 1080p@30/60/120fps, gyro-EIS, OIS | kf_front_camera: 50 MP, f/2.4, 23mm (wide), 1/2.88"", 0.61µm Panorama 4K@30/60fps, 1080p@30/60fps | kf_battery: 7000 mAh, 80W wired charging 50% in 25 minutes | kf_num_sim_cards: Dual SIM | kf_connectivity: Bluetooth 5.4, USB Type-C 2.0, Infrared port, USB Type-C 2.0, Wifi, GPS | kf_other_features: Fingerprint sensor IP68/IP69 water and dust resistance"
2285ca69ddb6,Hope,Hope K19,1323.0,1323.0,[],[],[],Feature Phones,True,"Charging Type: Wired | Number of Sim: More than Two SIM | Screen Size: 2.4000 Inch | Battery Capacity: 22000 mAh | Memory Storage: 32 MB | Version: Middle East Version | kf_brand: Hope | kf_model_name: K19, Middle East Version | kf_display: 2.4 Inch | kf_battery: 22000 mAh | kf_memory: 32MB"
230745d799a5,Samsung,Samsung Guru Music 2 Dual-SIM,863.0,863.0,[],[],[],Feature Phones,True,Network: 2G | Port Type: micro USB | Display Type: TFT | Charging Type: Wired | Number of Sim: Dual-SIM | Display Resolution: 128x160 | kf_brand: Samsung | kf_model_name: Guru Music 2 | kf_display: TFT، 2 Inches، (128 x 160 Pixels) | kf_battery: 800 mAh، removable Li-Ion | kf_connectivity: 3.5mm Jack Sound، MicroUSB 2.0، Stereo FM radio، RDS، recording | kf_memory: microSDHC
2357b66f448b,Apple,Apple iPhone 17e,55999.0,55999.0,[256.0],[8.0],['5G'],Smart Phones,True,"Network: 5G | Sim Type: Nano SIM and eSIM | Port Type: Type C | Display Type: Super Retina XDR OLED | Charging Type: Wired / Wireless | Number of Sim: Dual-SIM | kf_brand: Apple | kf_model_name: iPhone 17e | kf_display: 6.1‑inch Super Retina XDR OLED display (2532x1170) 800 nits max brightness (typical); 1,200 nits peak brightness (HDR) | kf_processor: A19 chip, 6‑core CPU, 4‑core GPU, 16‑core Neural Engine | kf_rear_camera: 48MP Fusion Main: 26mm, ƒ/1.6 aperture, optical image stabilization, Hybrid Focus Pixels, super-high-resolution photos (24MP and 48MP) Also enables 12MP 2x Telephoto: 52mm, ƒ/1.6 aperture, optical image stabilization, Hybrid Focus Pixels Digital zoom up to 10x Video Recording 4K Dolby Vision video recording at 24 fps, 25 fps, 30 fps, or 60 fps, 1080p Dolby Vision video recording at 25 fps | kf_front_camera: 12MP True­Depth camera ƒ/1.9 aperture Autofocus with Focus Pixels Retina Flash | kf_battery: Video playback Up to 26 hours Video playback (streamed) Up to 21 hours Fast-charge capable, up to 50% charge in 30 minutes with a 20W adapter or higher MagSafe and Qi2 wireless charging up to 15W | kf_num_sim_cards: 2 | kf_connectivity: Bluetooth 5.3 Wi‑Fi 6 GPS USB-C | kf_operating_system: iOS 26 | kf_other_features: Face ID IP68 Splash, Water, and Dust Resistant (maximum depth of 6 metres up to 30 minutes) Barometer, High dynamic range gyro, High-g accelerometer, Proximity, and Dual ambient light sensors"
2486b8322c78,Oppo,Oppo A78,12810.0,14253.0,"[128.0, 256.0]",[8.0],['4G LTE'],Smart Phones,True,Network: 4G LTE | Sim Type: Nano-SIM | Number of Sim: Dual-SIM | Screen Size: 6.4000 Inch | Front Camera: 8.0000 megapixels | Chipset Manufacturer: Qualcomm Snapdragon | Processor Manufacturer: Qualcomm Snapdragon
25b46c33be03,Oppo,Oppo A5 Pro,17900.0,17900.0,[256.0],[8.0],['4G LTE'],Smart Phones,True,"Network: 4G LTE | Sim Type: Nano-SIM | Port Type: Type C | Display Type: IPS LCD | Charging Type: Wired | Number of Sim: Dual-SIM | kf_brand: Oppo | kf_model_name: A5 Pro Display 6.67 Inch, IPS LCD, 120Hz, 1000 nits Corning Gorilla Glass 7i or Schott Xensation Alpha ( 720 x 1604 ) pixels | kf_processor: Mediatek Dimensity 6300 (6 nm) Octa-core Rear Camera 50 MP, f/1.8, (wide), PDAF 2 MP, f/2.4, (depth) LED flash, HDR, panorama 1080p@30/60fps Front Camera 8 MP, f/2.0, (wide) 1080p@30fps | kf_battery: 5800 mAh, Charging 45W wired, 45W PD, 50% in 35 min | kf_num_sim_cards: 2 Connectivity Wi-Fi Bluetooth 5.3 Positioning GPS USB Type-C 2.0, OTG Other Features Sensors Fingerprint (side-mounted), accelerometer, proximity, compass"
268d899f903a,Apple,Apple iPhone Air,76381.0,112859.0,[256.0],[8.0],['5G'],Smart Phones,True,"Network: 5G | Sim Type: e-SIM | Port Type: Type C | Display Type: LTPO Super Retina XDR OLED | Charging Type: Wired / Wireless | Number of Sim: Dual-SIM | kf_num_sim_cards: Dual SIM Superfast, Reliable Connection: Powered by Bluetooth 6, USB Type-C 2.0, Wi-Fi 7, GSP for exceptional performance. OS: iOS 26 | kf_other_features: Face ID IP68 dust-tight and water-resistant Crash Detection for emergency assistance"
29a086bfbbe0,Vivo,Vivo Y31d,11888.0,14430.0,"[128.0, 256.0]","[6.0, 8.0]",['4G'],Smart Phones,True,"Network: 4G | Sim Type: Nano-SIM | Port Type: Type C | Display Type: LCD | Charging Type: Wired | Number of Sim: Dual-SIM | kf_brand: Vivo | kf_model_name: Y31d | kf_display: 6.75 inch, LCD 1570 × 720, Up to 120 Hz refresh rate, 1250 nits | kf_processor: Snapdragon 6s Gen 2 | kf_rear_camera: Dual Camera 50 MP + 2 MP f/2.0 (50 MP) + f/2.4 (2 MP) Rear flash Photo, Night Mode, Portrait, Video, Live Photo, Slow Motion, Time-lapse, Pro, Panorama, Documents MP4 Video recording | kf_front_camera: 8 MP,  f/2.05 | kf_battery: 7200 mAh, 44-watt fast charging | kf_num_sim_cards: 2 | kf_connectivity: Wi-Fi Bluetooth 5.1 USB 2.0 Type C GPS | kf_operating_system: Android 16, OriginOS 6 | kf_other_features: Side-mounted fingerprint sensor Ambient light sensor, Proximity sensor, Gyroscope sensor"
2caa8e25a27a,Realme,Realme 14 Pro Plus,28508.0,28508.0,[256.0],[12.0],['5G'],Smart Phones,True,"Network: 5G | Sim Type: Nano-SIM | Port Type: Type C | Display Type: OLED | Charging Type: Wired | Number of Sim: Dual-SIM | kf_display: 6.83 inches OLED (1272 x 2800) display for sharp details and vivid colors. 120Hz refresh rate for smooth scrolling. 1200 nits brightness for clear viewing under direct sunlight. Processor Qualcomm Snapdragon 7s Gen 3 Octa Core (SM7635 (4nm) powers Realme 14 Pro Plus for fast and efficient performance. Rear Camera 50MP wide camera with OIS for clear and stable images (f/1.8, 24mm, 1/1.56"", 1.0µm, multi-directional PDAF). 50MP periscope telephoto with OIS and 3x optical zoom for detailed long-distance shots (f/2.7, 73mm, 1/1.95"", 0.8µm, multi-directional PDAF). 8MP ultrawide camera for wide group shots in a single frame (f/2.2, 16mm, 112˚, 1/4.0"", 1.12µm). Front Camera 32MP wide selfie camera with autofocus for clear selfies and video calls (f/2.0, 21mm, 1/2.74"", 0.8µm). | kf_battery: 6000mAh massive battery to stay connected all day with Realme 14 Pro Plus. 80W wired fast charging chargers up to 50% in just 24 minutes. | kf_connectivity: Wi-Fi Bluetooth 5.2 GPS USB Type-C 2.0 Other Features | kf_other_features: Fingerprint (under display, optical), accelerometer, gyro, proximity, compass"
2d7517dc8970,Huawei,Huawei Nova 13,19799.0,19799.0,[256.0],[12.0],[],Smart Phones,True,"Operating System Type: EMUI 14.2 | Screen Size: 6.7000 Inch | Front Camera: 60.0000 megapixels | Connectivity: Wi-Fi -Bluetooth 5.2 -GPS -USB Type-C 2.0, OTG -Infrared port | Chipset Manufacturer: Kirin | Processor Manufacturer: Kirin 8000- Octa Core | kf_brand: Huawei | kf_model_name: Nova 13 | kf_display: 6.7- inch, (1084 x 2412 ) OLED, 120Hz refresh rate | kf_processor: Kirin 8000- Octa Core | kf_rear_camera: 50 MP Ultra Vision Camera (F1.9 aperture) 8 MP Ultra-Wide Macro Camera (F2.2 aperture) | kf_front_camera: 60 MP Front Ultra-Wide Portrait Camera (F2.4 aperture) | kf_battery: 5000 mAh 100W wired, 3-50% in 10 min 5W reverse wired | kf_num_sim_cards: 2 | kf_connectivity: Wi-Fi Bluetooth 5.2 GPS USB Type-C 2.0, OTG Infrared port | kf_other_features: Fingerprint (under display)"
2e0730becf4e,Motorola,Motorola Edge 60,20499.0,20666.0,[512.0],[12.0],['5G'],Smart Phones,True,"Network: 5G | Sim Type: Nano-SIM | Port Type: Type C | Display Type: P-OLED | Charging Type: Wired | Number of Sim: Dual-SIM | kf_brand: Motorola | kf_model_name: Edge 60 Display 6.67 Inch, P-OLED, 120Hz, HDR10+, 4500 nits (peak) Resolutions: (1220 x 2712) Protection: Corning Gorilla Glass 7i | kf_processor: Mediatek Dimensity 7300 (4 nm), Octa-core | kf_rear_camera: Triple Camera 50 MP, f/1.8, (wide), PDAF, OIS 10 MP, f/2.0, (telephoto), 3x optical zoom, PDAF, OIS 50 MP, f/2.0, 122˚ (ultrawide), PDAF Features: LED flash, HDR, panorama Video: 4K@30fps, 1080p@30/60/120/240fps Front Camera 50 MP, f/2.0, (wide) Features: HDR Video: 4K@30fps, 1080p@30/120fps | kf_battery: 5200mAh, 68W wired | kf_num_sim_cards: Dual SIM | kf_connectivity: 5G Connectivity Wi-Fi 802.11 a/b/g/n/ac/6, dual-band Bluetooth Positioning: GPS, GLONASS, GALILEO USB Type: Type-C 2.0, OTG | kf_operating_system: Android 15 | kf_other_features: IP68/IP69 dust and water resistant (up to 1.5m for 30 min) MIL-STD-810H compliant Stereo speakers with Dolby Atmos Fingerprint (under display), accelerometer, gyro, proximity, compass Smart Connect support"
2e488e2cef80,Nokia,Nokia 110,852.0,865.0,[],[],[],Feature Phones,True,"Screen Size: 1.8000 Inch | Battery Capacity: 800 mAh | Connectivity: FM radio, micro USB 2.0, 3.5mm headphone jack | Ram Size: 4 MB | Storage Capacity: 4 MB | kf_brand: Nokia | kf_model_name: 110 | kf_display: 1.8-inch QQVGA screen | kf_rear_camera: QVGA rear camera | kf_battery: 800mAh | kf_num_sim_cards: Dual SIM | kf_connectivity: FM radio, micro USB 2.0, 3.5mm headphone jack | kf_memory: 4MB internal storage, 4MB RAM"
321909129f8f,Tecno,Tecno Spark Slim,12629.0,12888.0,[256.0],[8.0],['4G'],Smart Phones,True,"Network: 4G | Sim Type: Nano-SIM | Port Type: Type C | Display Type: AMOLED | Charging Type: Wired | Version: Middle East Version | kf_brand: Tecno | kf_model_name: Spark Slim | kf_display: 6.78 inch, (1224 x 2720) AMOLED, 144Hz, 1600 nits (HBM), 4500 nits (peak) | kf_processor: Mediatek Helio G200 (6 nm) Octa-core | kf_rear_camera: 50 MP, (wide), PDAF Dual-LED flash Video 1440p@30fps, 1080p@30fps | kf_front_camera: 13 MP, (wide) | kf_battery: 5160 mAh, 45W wired, 100% in 57 min,10W reverse wired | kf_num_sim_cards: 2 | kf_connectivity: Bluetooth Wifi GPS Infrared port FM radio USB Type-C, OTG | kf_operating_system: Android 15, HIOS 15 | kf_other_features: IP64 dust-tight and water-resistant Fingerprint (under display, optical), accelerometer, gyro"
3377ea9de60f,Nokia,Nokia 110 (2019) Dual-SIM,864.0,865.0,[],[],[],Feature Phones,True,"Network: 2G | Sim Type: Mini-SIM | Port Type: micro USB | Display Type: QVGA | Charging Type: Wired | Number of Sim: Dual-SIM | Display Resolution: 120x160 | Water Resistant: No | Screen Size: 1.7700 Inch | Battery Capacity: 800 mAh | Connectivity: micro USB 2.0, 3.5mm headphone jack | Ram Size: 4 MB | Band Technology: 2G | Memory Storage: 4 MB | Storage Capacity: 4 MB | kf_brand: Nokia | kf_model_name: 110 | kf_display: 1.77 inch QQVGAÂ screen | kf_rear_camera: QVGA rear camera | kf_battery: 800mAh | kf_num_sim_cards: Dual SIM | kf_connectivity: FM radio, micro USB 2.0, 3.5mm headphone jack | kf_memory: 4MB internal storage, 4MB RAM"
33c6c6a2dc76,Infinix,Infinix Hot 60 Pro,10010.0,11499.0,[256.0],[8.0],['4G LTE'],Smart Phones,True,"Network: 4G LTE | Sim Type: Nano-SIM | Port Type: Type C | Display Type: AMOLED | Charging Type: Wired | Number of Sim: Dual-SIM | kf_brand: Infinix | kf_model_name: Hot 60 Pro | kf_display: 6.78 Inch, AMOLED Display, 144Hz refresh rate 700 nits (typ), 1600 nits (HBM), 4500 nits (peak) ( 1224 x 2720 ) | kf_processor: MediaTek Helio G200 (6nm), Octa-core | kf_rear_camera: 50 MP, f/1.6, 27mm (wide), 1/2.8"", 0.64µm, PDAF Auxiliary lens Dual-LED flash, HDR, panorama Video 1440p@30fps, 1080p@30/60fps | kf_front_camera: 13 MP, f/2.2, 24mm (wide), 1.12µm Video 1440p@30fps, 1080p@30/60fps | kf_battery: 5160 mAh, 45W charging | kf_num_sim_cards: Dual SIM | kf_connectivity: Wi-Fi, Bluetooth 5.4, GPS, FM radio, USB Type-C 2.0, OTG | kf_other_features: Under-display optical fingerprint sensor"
34347a2d39ad,Samsung,Samsung Galaxy A04s,7315.0,7315.0,[128.0],[4.0],['4G LTE'],Smart Phones,True,"Network: 4G LTE | Sim Type: Nano-SIM | Port Type: Type C | Display Type: PLS LCD | Charging Type: Wired | Number of Sim: Dual-SIM | kf_brand: Samsung | kf_model_name: Galaxy A04s | kf_display: 6.5-inch PLS LCD HD+ with 90Hz refresh rate | kf_processor: Exynos 850 (8nm) Octa-core | kf_rear_camera: 50MP (Wide) 2MP (Depth) 2MP (Macro) | kf_front_camera: 5MP | kf_battery: 5000mAh with 15W fast charging | kf_connectivity: Wi-Fi, GPS, Bluetooth 5.0, Type-C USB 2.0, side fingerprint"
35e5b5306a26,Vivo,Vivo V50 Lite,15226.0,15226.0,[256.0],[8.0],['4G'],Smart Phones,True,"Network: 4G | Sim Type: Nano-SIM | Port Type: Type C | Display Type: AMOLED | Charging Type: Wired | Number of Sim: Dual-SIM | kf_brand: Vivo | kf_model_name: V50 Lite Display 6.77 Inch, AMOLED, 120Hz, 1300 nits (HBM), 1800 nits (peak) (1080 x 2392) | kf_processor: Mediatek Dimensity 6300 (6 nm), Octa-core Rear Camera Dual Camera 50 MP, f/1.8, (wide), 1/1.95"", 0.8µm, PDAF 8 MP, f/2.2, 120˚ (ultrawide) Features Ring-LED flash, panorama, HDR Front Camera 32 MP, f/2.5, (wide) Video 1080p@30fps | kf_battery: 6500 mAh, 90W wired, 50% in 23 min, 100% in 52 m | kf_num_sim_cards: Dual SIM | kf_connectivity: Wi-Fi 802.11 a/b/g/n/ac, dual-band Bluetooth 5.0, A2DP, LE Positioning: GPS, GLONASS, GALILEO, BDS, QZSS USB Type: -C 2.0, OTG | kf_other_features: IP65 dust and water resistant Stereo speakers Fingerprint, accelerometer, gyro, proximity, compass"
373ecb469482,Honor,Honor 600,26999.0,31699.0,[256.0],"[8.0, 12.0]",['5G'],Smart Phones,True,"Network: 5G | Sim Type: Nano-SIM | Port Type: Type C | Display Type: AMOLED | Charging Type: Wired | Number of Sim: Dual-SIM | Display Resolution: 2728x1264 | Operating System Type: MagicOS 10 | Water Resistant: Yes | Screen Size: 6.5700 Inch | Front Camera: 50.0000 megapixels | Primary Camera: 200.0000 megapixels | Battery Capacity: 7000 mAh | Connectivity: Wi-Fi -Bluetooth 5.4 -USB Type-C، USB 2.0 -GPS -Infrared | Chipset Manufacturer: Snapdragon | Video Capture Format: 3840×2160 | Processor Manufacturer: Snapdragon 7 Gen 4-Octa Core | Gift: With Honor Choice X7 Lite Earbuds, with Active Noise Cancellation- Color May Vary | kf_brand: Honor | kf_model_name: 600 | kf_display: 6.57-Inch AMOLED Display (2728×1264) | kf_processor: Snapdragon 7 Gen 4-Octa Core | kf_rear_camera: 200 MP (f/1.9 aperture, AF, OIS) 12 MP (AF) Supports up to 3840×2160 pixels Video resolution | kf_front_camera: 50MP (f/2.0) camera Supports up to 3840×2160 pixels Video resolution Supports 2D facial recognition | kf_battery: 7000mAh, Support Suprt charge, 80W | kf_num_sim_cards: 2 | kf_connectivity: Wi-Fi Bluetooth 5.4 USB Type-C، USB 2.0 GPS Infrared | kf_operating_system: Android 16, MagicOS 10 | kf_other_features: Infrared sensor, Ambient light sensor, Digital compass Gravity sensor, Fingerprint sensor IP68, IP69, IP69KWater and dust resistance Comes  with Honor Choice X7 Lite Earbuds, with Active Noise Cancellation- Color May Vary"
37e8855ed416,Oppo,Oppo A5,9990.0,14666.0,[256.0],[8.0],['4G LTE'],Smart Phones,True,"Network: 4G LTE | Sim Type: Nano-SIM | Port Type: Type C | Display Type: IPS LCD | Charging Type: Wired | Number of Sim: Dual-SIM | kf_brand: Oppo | kf_model_name: A5 Display 6.67 Inches, IPS LCD, 120Hz, 500 nits 720 x 1604 | kf_processor: Mediatek Dimensity 6300 (6 nm) Rear Camera 50 MP, f/1.8, (wide), PDAF 2 MP, f/2.4, (wide) Feature LED flash, HDR, panorama Video 1080p@30fps Front Camera 8 MP, f/2.0, (wide) Panorama Video 1080p@30fps Battery Capacity 6000 mAh, 45W wired, 33W PPS, 13.5W PD, 50% in 37 min | kf_num_sim_cards: 2 Connectivity Wi-Fi Bluetooth 5.4 Positioning GPS USB Type-C 2.0, OTG Other Features Fingerprint (side-mounted) IP65 dust tight and water resistant"
39071f166712,Honor,Honor Magic8 Pro,69975.0,72714.0,[512.0],[12.0],['5G'],Smart Phones,True,"Network: 5G | Sim Type: Nano SIM and eSIM | Port Type: Type C | Display Type: OLED | Charging Type: Wired / Wireless | Number of Sim: Dual-SIM | kf_brand: Honor | kf_display: 6.71 inches, OLED, 1.07 billion colors Resolution: FHD+ 1256 x 2808 Brightness: HDR Peak Brightness: 6000 nits, Global Peak Brightness: 1800 nits | kf_processor: Snapdragon®️ 8 Elite Gen 5 M, Octa-core | kf_rear_camera: 200MP Ultra Night Telephoto Camera (f/2.6, 1/1.4', 3.7X optical zoom, OIS) 50MP Ultra Night Main Camera (f/1.6, 1/1.3', OIS, 4-in-1 2.4μm large pixel output) 50MP Ultra-Wide Camera (f/2.0, 122° wide angle, 2.5cm HD Macro Photography) Video Shooting: Support for 4K 120fps (3840×2160) video recording Zoom Mode: 3.7x Optical Zoom, 100x Digital Zoom, Image Resolution: 16320 x 12288 pixels, EIS+OIS | kf_front_camera: 50MP Front Camera(f/2.0) + 3D Depth Camera Video Shooting: Support for 4K (3840×2160) video recording Image Resolution: 8192 x 6144 pixels Capture Mode: Portrait, Filter, Capture smiles, Mirror reflection, Timer, Gesture control, Watermark, Night | kf_battery: 7100 mAh (typical value), 6920 mAh (rated value), Lithium polymer battery Wired Charging: 100W HONOR SuperCharge, up to 20V/5A SuperCharge, compatible with 11V/6A,10V/4A, 10V/2.25A, 10V/2A Wireless Charging: 80W Wireless HONOR SuperCharge | kf_connectivity: WLAN Protocols: 802.11 a/b/g/n/ac/ax/be, 2x2 MIMO, Frequency: 2.4GHz and 5GHz and 6GHz, WLAN Hotspot and WLAN Direct Bluetooth 6.0, OTG, USB: Type-C, USB 3.2 GEN1, Earjack: USB Type-C GPS(L1+L5) / AGPS / GLONASS / BeiDou(B1I+B1C+B2a+B2b) / Galileo(E1+E5a+E5b) / QZSS (L1 + L5) | kf_other_features: Face Recognition: Supported 3D face unlocks, Fingerprint Sensor Sensors: Gravity Sensor, Infrared Sensor, Acceleration Sensor, Gyroscope, Compass, Ambient Light Sensor, Proximity Sensor Screen Glass Material: HONOR NanoCrystal Shield Water and Dust Resistance: Supported (IP68, IP69, and IP69K) Stereo: HONOR Surround Subwoofer, Sound Effect: Honor Sound | kf_video: Portrait & Macro: Portrait, Super Macro, Night, HDR Video & Effects: Standard Video, 4K Video, Slow-Mo, Time-Lapse, Panorama AI & Beauty: AI Enhancement, Filters, Smart Zoom, Magic Color, Magic Pose Special Captures: Capture Smiles, Document Scan, Light Painting, Watermark"
3bd585acb848,Nokia,Nokia 108 Dual-SIM,860.0,860.0,[],[],[],Feature Phones,True,"Network: 4G | Sim Type: Nano-SIM | Port Type: Type C | Display Type: TFT LCD | Charging Type: Wired | Number of Sim: Dual-SIM | Display Resolution: 240x320 | Screen Size: 2.0000 Inch | Battery Capacity: 1450 mAh | Connectivity: Wireless FM radio, USB Type-C | Ram Size: 4 MB | kf_brand: Nokia | kf_model_name: 108 | kf_display: 2.0 inches, 240 x 320 pixels, 4:3 ratio (~167 ppi density) TFT LCD, 65K colors | kf_battery: Li-Ion 1450 mAh, removable | kf_connectivity: Wireless FM radio, USB Type-C | kf_operating_system: Android | kf_other_features: Dual flashlight, MP3 player Space for up to 2,000 contacts Internal memory microSDHC | kf_memory: 4MB RAM"
3e5fef69f4f2,Itel,Itel P65,5350.0,6982.0,[128.0],[8.0],"['4G', '4G LTE']",Smart Phones,True,"Network: 4G | Sim Type: Nano-SIM | Port Type: Type C | Charging Type: Wired | Number of Sim: Dual-SIM | Operating System Type: itel OS 14 | Screen Size: 6.7000 Inch | Front Camera: 8.0000 megapixels | Primary Camera: 50.0000 megapixels | Battery Capacity: 5000 mAh | Connectivity: WLAN, Bluetooth, GPS, FM radio, USB Type-C, OTG | Chipset Manufacturer: Unisoc T615 | Video Capture Format: 1080p@30fps | Processor Manufacturer: Unisoc T615 | Zoom Capability: 10x Zoom | kf_brand: Itel | kf_model_name: P65 | kf_display: 6.7 Inch, Punch-Hole Display 120Hz | kf_processor: Unisoc T615 | kf_rear_camera: 50 MP, f/1.6, (wide) Auxiliary lens, 10x Zoom LED flash, HDR, panorama Video: 1080p@30fps Super Night Mode, AI Clear Portrait HDR Mode | kf_front_camera: 8 MP, f/2.0, 26mm (wide) Video: 1080p@30fps | kf_battery: 5000mAh, 18W 30 mins from 0% to 40% 85 mins from 0% to 100% Up to 3 days of light use 1-2 days of heavy use. 7.5 FPS Game, 31 Hours Calling 105 Hours Music 18 Hours Social Chat AI Charging Mode | kf_num_sim_cards: Dual SIM | kf_connectivity: WLAN, Bluetooth GPS, FM radio USB Type-C, OTG | kf_operating_system: Android 14, itel OS 14 Other Features Dynamic Light Show Dynamic Bar 2.0 Automatic Scene Recognition"
3ebdd2712d73,Realme,Realme C85 Pro,14444.0,14500.0,"[128.0, 256.0]",[8.0],['4G LTE'],Smart Phones,True,"Network: 4G LTE | Sim Type: Nano-SIM | Port Type: Type C | Display Type: AMOLED | Charging Type: Wired | Number of Sim: Dual-SIM | kf_brand: Realme | kf_model_name: C85 Pro | kf_display: 6.8-inch AMOLED display (1080 × 2344 px), 120Hz refresh rate, 4000 nits | kf_processor: Qualcomm SM6225 Snapdragon 685 (6 nm)- Octa core | kf_rear_camera: 50 MP main camera, f/1.8, 28mm (wide), PDAF LED flash, HDR, panorama Video 1080p @ 30/120fps. | kf_front_camera: 8 MP front camera, f/2.0, 26mm (wide), 1/4.0"", 1.12µm Panorama Video1080p@30fps . | kf_battery: 7000 mAh, 45W wired charging | kf_num_sim_cards: 2 | kf_connectivity: Wi‑Fi Bluetooth 5.0 GPS USB Type‑C 2.0, OTG | kf_operating_system: Android 15, Realme UI 6.0 | kf_other_features: IP68/IP69K water and  dust resistance Fingerprint sensor, accelerometer, proximity sensor, compass"
3ee8db8b3c75,Apple,Apple iPhone 16 Pro Max,73999.0,130999.0,"[256.0, 512.0]",[8.0],['5G'],Re-furbished Mobiles,True,"Network: 5G | Sim Type: Nano SIM and eSIM | Port Type: Type C | Display Type: LTPO Super Retina XDR OLED | Charging Type: Wired / Wireless | Number of Sim: Dual-SIM | Display Resolution: 1320x2868 | Operating System Type: iOS 18 | Screen Size: 6.9000 Inch | Front Camera: 12.0000 megapixels | Primary Camera: 48.0000 megapixels | Connectivity: Wi-Fi 802.11 a/b/g/n/ac/6 tri-band - Bluetooth 5.3 (A2DP, LE) - GPS (L1+L5), GLONASS, GALILEO, BDS, QZSS, NavIC - USB Type-C 3.2 Gen 2, DisplayPort | Chipset Manufacturer: Apple | Video Capture Format: 4K@24/25/30/60/100/120fps, 1080p@25/30/60/120/240fps | Processor Manufacturer: Apple A18 Pro (3 nm)-Hexa-core | kf_brand: Apple | kf_model_name: iPhone 16 Pro Max | kf_display: 6.9 Inch LTPO Super Retina XDR OLED, 120Hz (1320 × 2868) HDR10, Dolby Vision, 1000 nits (typ), 2000 nits (HBM) | kf_processor: Apple A18 Pro (3 nm)-Hexa-core | kf_rear_camera: 48 MP, f/1.8, 24mm (wide), 1/1.28"", 1.22µm, Dual Pixel PDAF, Sensor-Shift OIS 12 MP, f/2.8, 120mm (periscope telephoto), 1/3.06"", 1.12µm, Dual Pixel PDAF, 3D Sensor-Shift OIS, 5x Optical Zoom 48 MP, f/2.2, 13mm (ultrawide), 0.7µm, PDAF TOF 3D LiDAR scanner (depth) Dual-LED dual-tone flash, HDR (photo/panorama) Video: 4K@24/25/30/60/100/120fps, 1080p@25/30/60/120/240fps, 10-bit HDR, DolbyVision HDR (up to 60fps), ProRes, 3D (spatial) video/audio, stereo sound recording | kf_front_camera: 12 MP, f/1.9, 23mm (wide), 1/3.6"", PDAF, OIS SL 3D (depth/biometrics sensor) HDR, Dolby Vision HDR, 3D (spatial) audio, stereo sound recording Video: 4K@24/25/30/60fps, 1080p@25/30/60/120fps, gyro-EIS | kf_num_sim_cards: 2 | kf_connectivity: Wi-Fi 802.11 a/b/g/n/ac/6 tri-band Bluetooth 5.3 (A2DP, LE) GPS (L1+L5), GLONASS, GALILEO, BDS, QZSS, NavIC USB Type-C 3.2 Gen 2, DisplayPort | kf_other_features: Face ID, accelerometer, gyroscope, proximity sensor, compass, barometer IP68 dust tight and water resistant (immersible up to 6m for 30 min)"
403092c562a4,Itel,Itel it2165 Dual-SIM,666.0,666.0,[],[],[],Feature Phones,True,Network: 2G | Sim Type: Mini-SIM | Port Type: micro USB | Display Type: LCD | Charging Type: Wired | Version: Middle East Version | kf_brand: Itel | kf_model_name: it2165 | kf_display: 1.8-inch LCD display | kf_processor: MT6261D | kf_battery: 1000mAh | kf_connectivity: Micro USB | kf_other_features: 2000 Contacts and 100 messages memory | kf_memory: Internal Memory 32 GB
418c47132ad7,Itel,Itel A90,5330.0,7204.0,"[64.0, 128.0, 256.0]","[3.0, 4.0, 12.0]",['4G'],Smart Phones,True,"Network: 4G | Sim Type: Nano-SIM | Port Type: Type C | Display Type: IPS LCD | Charging Type: Wired | Number of Sim: Dual-SIM | Display Resolution: 720x1612 | Operating System Type: itel OS 14 | Water Resistant: Yes | Screen Size: 6.6000 Inch | Front Camera: 5.0000 megapixels | Primary Camera: 13.0000 megapixels | Battery Capacity: 5000 mAh | Connectivity: WLAN, Bluetooth, GPS, USB Type-C 2.0, OTG | Chipset Manufacturer: Unisoc T7100 Octa-core | Video Capture Format: 1080p@30fps | Processor Manufacturer: Unisoc T7100 Octa-core | Audio Jack Type: Type-C | Zoom Capability: 4x zoom | Memory Card Slot: Yes | kf_brand: Itel | kf_model_name: A90 | kf_display: 6.6-inch IPS LCD, 90Hz Resolution: 720x1612 Brightness level: 4096 Typical brightness: 480 nits | kf_processor: Unisoc T7100 Octa-core | kf_rear_camera: 13 MP, AF, Auxiliary lens LED flash, HDR, panorama Video: 1080p@30fps HDR mode, automatic multi-scene recognition Camera beauty enhancement feature 11 types of photography filters | kf_front_camera: 5 MP Wide-angle mode, 4x zoom Time-lapse, panorama, portrait Video resolution up to 1080p at 30 fps | kf_battery: 5000 mAh, 15W fast charging Up to 3 days of use on a single charge 18 hours From the video 75 hours of Play music 31 hours Talk time | kf_num_sim_cards: Dual SIM | kf_connectivity: WLAN, Bluetooth GPS USB Type-C 2.0, OTG | kf_operating_system: Itel OS 14, Android 14 | kf_other_features: Side fingerprint and face sensor Camera slide zoom GPT-based AI assistant alert function. IP54 Water and dust resistant Hi Translate, Dynamic Bar DTS technology, Smart Link+"
42d6bbcb8cb4,HMD,HMD 101 TA-1757 DS Dual-SIM,899.0,899.0,[],[],[],Feature Phones,True,"Network: 2G | Sim Type: Mini-SIM | Port Type: micro USB | Display Type: TFT | Charging Type: Wired | Number of Sim: Dual-SIM | Display Resolution: 128x160 | Screen Size: 1.7700 Inch | Battery Capacity: 1000 mAh | Connectivity: Wireless FM radio, microUSB | Chipset Manufacturer: Unisoc | Processor Manufacturer: Unisoc 6533G | Ram Size: 8 MB | Memory Storage: 4 MB | Storage Capacity: 4 MB | kf_brand: HMD | kf_model_name: 101 TA-1757 DS | kf_display: 1.77 inches , 128 x 160 pixels (~116 ppi density) TFT | kf_processor: Unisoc 6533G | kf_battery: 1000 mAh Removable 2.75W | kf_connectivity: Wireless FM radio, microUSB | kf_memory: Internal Memory  4MB, RAM  8MB"
447d13e4e1b7,Samsung,Samsung Galaxy A73,15583.0,15583.0,[256.0],[8.0],['5G'],Smart Phones,True,"Network: 5G | Sim Type: Nano-SIM | Port Type: Type C | Display Type: Super AMOLED Plus | Charging Type: Wired | Number of Sim: Dual-SIM | kf_brand: Samsung | kf_model_name: Galaxy A73 | kf_display: Super AMOLED Plus 120Hz, 800 nits (HBM) 1080 x 2400 pixels | kf_processor: Qualcomm SM7325 Snapdragon 778G 5G (6 nm), Octa-core (1×2.4 GHz Cortex-A78 & 3×2.2 GHz Cortex-A78 & 4×1.9 GHz Cortex-A55) GPU: Adreno 642L | kf_rear_camera: Quad camera: 108 MP, f/1.8 (wide), PDAF, OIS 12 MP, f/2.2 (ultrawide) 5 MP (macro) Auxiliary lens LED flash, panorama, HDR Video: 4K@30fps, 1080p@30/60fps; gyro-EIS | kf_front_camera: Single 32 MP, f/2.2, 26mm (wide), 1/2.8"", 0.8µm HDR Video: 4K@30fps, 1080p@30fps | kf_battery: Li-Po 5000 mAh 25W wired charging | kf_num_sim_cards: Dual SIM | kf_connectivity: Bluetooth 5.0 USB Type‑C 2.0, OTG | kf_operating_system: Android 12 | kf_other_features: Fingerprint (under display, optical) Sensors: accelerometer, gyro, proximity, compass IP67 dust/water resistant (up to 1m for 30 min)"
467da85c9eb2,Nokia,Nokia 216 Dual-SIM,864.0,864.0,[],[],[],Feature Phones,True,"Network: 2G | Sim Type: Mini-SIM | Port Type: mini USB | Display Type: TFT | Charging Type: Wired | Number of Sim: Dual-SIM | kf_brand: Nokia | kf_model_name: 216 | kf_display: 2.4 Inch, TFT, 240 x 320 pixels Capacity/Memory: 16MB | kf_rear_camera: VGA | kf_battery: 1020 mAh | kf_num_sim_cards: Dual Mini-SIM | kf_connectivity: microUSB 1.1, Bluetooth | kf_other_features: Camera LED Flash Waterproof Built-in music player and FM Radio | kf_video: 240p@15fps"
48e63a9ac793,Vivo,Vivo V70 FE,22780.0,25999.0,[256.0],"[8.0, 12.0]",['5G'],Smart Phones,True,"Network: 5G | Port Type: Type C | Display Type: AMOLED | Charging Type: Wired | Number of Sim: Dual-SIM | Water Resistant: Yes | kf_brand: Vivo | kf_model_name: V70 FE | kf_display: 6.83 inch, AMOLED, 449 PPI Pixel Density 2800 × 1260, Up to 120 Hz refresh rate, 1900 nits | kf_processor: Dimensity 7360-Turbo (Octa-core, 4 nm, 4 × 2.5 GHz + 4 × 2.0 GHz) | kf_rear_camera: 200 MP OIS + 8 MP wide-angle f/1.88 (200 MP) + f/2.2 (8 MP) Rear flash & Single rear flash with single color temperature Scene Mode: Photo, Portrait, Night, Video, Micro Movie, High Resolution, Pano, Ultra HD | kf_front_camera: 50 MP, f/2.0, 92° FOV, supports AF Scene Mode: Photo, Portrait, Night, Video, Micro Movie, High Resolution, Dual View, Film Camera | kf_battery: 7000 mAh, 90-watt fast charging | kf_num_sim_cards: 2 (nano SIM, 5G) | kf_connectivity: Wi-Fi (2.4G, 5G) Bluetooth 5.4 USB 2.0 Type C GPS, BeiDou, GLONASS, Galileo, QZSS, NavIC | kf_operating_system: Android 16, OriginOS 6 | kf_other_features: In-display optical fingerprint sensor Sensors: Ambient light sensor, Proximity sensor, Gyroscope, Accelerometer, E-compass, Infrared blaster Water resistance: IP68; IP69 ingress protection"
49bce3e6ff5f,Oppo,Oppo A6,10319.0,15398.0,"[128.0, 256.0]","[4.0, 6.0, 8.0]",['4G'],Smart Phones,True,"Network: 4G | Sim Type: Nano-SIM | Port Type: Type C | Display Type: LCD | Charging Type: Wired | Number of Sim: Dual-SIM | kf_brand: Oppo | kf_model_name: A6 | kf_display: 6.75 inches, LCD, 16.7 million colours, 120Hz Resolutions: HD+ 1570 × 720 Pixels, 256 PPI Brightness: Normal brightness: 800nits (Typical), HBM: 1125nits (Typical) | kf_processor: Qualcomm Snapdragon 685, 8 cores | kf_rear_camera: Wide angle: 50MP; f/1.8; FOV 76°; 5P lens; AF supported Monochrome: 2MP; f/2.4; FOV 89°; 3P lens Video: 1080P & 720P video at 30fps, up to 10× digital zoom Shooting Modes: Photo, Video, Portrait, Night, PANO, SLO-MO, Dual-view video, TIME-LAPSE, STICKER, HI-RES, Google Lens, Underwater, PRO | kf_front_camera: 8MP; f/2.0; FOV 80°; 4P lens 1080P and 720P video recording at 30fps Shooting Modes:  Photo, Video, Portrait, Night, PANO, Dual-view video, TIME-LAPSE, STICKER, Retouch, Screen Fill Light, HI-RES | kf_battery: Capacity: 7000mAh/27.44Wh (Typical) Fast Charge: Up to 45W SUPERVOOCTM charging, Reverse Wired Charging Playtime: Up to 41 days standby, Screen-off calls: up to 49 hours | kf_num_sim_cards: Dual SIM (Nano) | kf_connectivity: Wi-Fi 5 (802.11ac) supported Wi-Fi Display supported, WLAN Bluetooth 5.0, Earphone Jack: Type-C Beidou, GPS, GLONASS, Galileo, QZSS | kf_operating_system: ColorOS 15.0 | kf_other_features: Fingerprint, Facial Recognition IP69 Water and Dust Resistance SuperCool VC System Sensors: Proximity sensor, ambient light sensor, e-compass, accelerometer, and side fingerprint sensor Model No.: CPH2817"
4a217eb9dde6,Apple,Apple iPhone 15,40600.0,114974.0,[128.0],[6.0],['5G'],Smart Phones,True,"Network: 5G | Sim Type: Nano-SIM | Port Type: Type C | Display Type: Super Retina XDR OLED | Charging Type: Wired / Wireless | Number of Sim: Single SIM | Display Resolution: 1179×2556 | Operating System Type: iOS | Water Resistant: Yes | Screen Size: 6.1000 Inch | Front Camera: 12.0000 megapixels | Battery Capacity: 5000 mAh | Connectivity: Wi-Fi 802.11 a/b/g/n/ac/6, dual-band, hotspot, Bluetooth 5.3, A2DP, LE, Positioning GPS, GLONASS, GALILEO, BDS, QZSS, USB-C 2.0, DisplayPort | Chipset Manufacturer: Apple | Manufacturer Warranty: 30 Day | kf_front_camera: 12 MP, f/1.9, 23mm (wide), 1/3.6"", PDAF SL 3D, (depth/biometrics sensor) Features HDR, Cinematic mode (4K@30fps) Video 4K@24/25/30/60fps, 1080p@25/30/60/120fps, gyro-EIS ULTRA-FAST CHIP: Powered by the Apple A16 Bionic (4 nm), Hexa Core, delivering superfast, efficient performance with advanced features like computational photography and Voice Isolation Battery for Fast Charging Wired charging up to 50% in 30 min (advertised), plus 15W MagSafe and 7.5W wireless (Qi) charging Connectivity Wi-Fi 802.11 a/b/g/n/ac/6, dual-band, hotspot Bluetooth 5.3, A2DP, LE Positioning GPS, GLONASS, GALILEO, BDS, QZSS USB-C 2.0, DisplayPort"
4b3f1cbd3b5f,Tecno,Tecno Spark Go 3,6111.0,6617.0,"[64.0, 128.0]",[4.0],['4G'],Smart Phones,True,"Network: 4G | Sim Type: Nano-SIM | Port Type: Type C | Display Type: IPS LCD | Charging Type: Wired | Number of Sim: Dual-SIM | Display Resolution: 720x1600 | Operating System Type: HIOS 15 | Screen Size: 6.7400 Inch | Front Camera: 8.0000 megapixels | Primary Camera: 13.0000 megapixels | Battery Capacity: 5000 mAh | Connectivity: Wi-Fi 802.11 a/b/g/n/ac, dual-band - Bluetooth - GPS - Infrared port - FM Radio - USB Type-C, OTG | Chipset Manufacturer: Unisoc T7250 (12 nm) - Octa-core | Processor Manufacturer: Unisoc T7250 (12 nm) - Octa-core | Version: Middle East Version | Audio Jack Type: 3.5 mm | kf_brand: Tecno | kf_model_name: Spark Go 3 | kf_display: 6.74-inch, IPS LCD (720 x 1600), 120Hz | kf_processor: Unisoc T7250 (12 nm) - Octa-core (2x1.8 GHz Cortex-A75 & 6x1.6 GHz Cortex-A55) | kf_rear_camera: 13 MP, Dual-LED flash, Video recording supported | kf_front_camera: 8 MP, Video recording supported | kf_battery: 5000mAh Battery, 15W Wired Charging | kf_num_sim_cards: 2 | kf_connectivity: Wi-Fi 802.11 a/b/g/n/ac, dual-band Bluetooth GPS Infrared port FM Radio USB Type-C, OTG | kf_operating_system: Android 15, HIOS 15 | kf_other_features: Fingerprint (side-mounted), accelerometer IP64 dust and splash resistant Drop resistant up to 1.2m Glass front, plastic back, plastic frame Dedicated microSDXC card slot 3.5mm audio jack"
4bdebcefa4df,Vivo,Vivo V25e,14586.0,14586.0,[128.0],[8.0],['4G LTE'],Smart Phones,True,Network: 4G LTE | Sim Type: Nano-SIM | Number of Sim: Dual-SIM | Screen Size: 6.4000 Inch | Front Camera: 32.0000 megapixels | Chipset Manufacturer: MediaTek | Processor Manufacturer: MediaTek
4c623da0e664,Motorola,Motorola G56,12000.0,12475.0,[256.0],[12.0],[],Smart Phones,True,"Operating System Type: Android 15 | Screen Size: 6.7200 Inch | Connectivity: Wi-Fi -Bluetooth 5.3 -GPS -USB Type-C 2.0 | Chipset Manufacturer: Mediatek | Video Capture Format: 1080p@30/60fps | Processor Manufacturer: Mediatek Dimensity 7060 (6 nm)- Octa Core | kf_brand: Motorola | kf_model_name: G56 | kf_display: 6.72- inch, (1080 x 2400  ) IPS LCD, 120Hz refresh rate | kf_processor: Mediatek Dimensity 7060 (6 nm)- Octa Core | kf_rear_camera: 50 MP, f/1.8, 25mm (wide) 8 MP, f/2.2, 12mm, 118˚ (ultrawide) LED flash, HDR, panorama Video 1080p@30/60fps | kf_front_camera: 32 MP, f/2.2, (wide), 0.7µm | kf_battery: 5200 mAh 30W wired | kf_num_sim_cards: 2 | kf_connectivity: Wi-Fi Bluetooth 5.3 GPS USB Type-C 2.0 | kf_other_features: Fingerprint (side-mounted), accelerometer, gyro, proximity, compass Smart Connect support"
4de0041a72c5,Vivo,Vivo Y05,7099.0,8299.0,"[64.0, 128.0]",[4.0],['4G'],Smart Phones,True,"Network: 4G | Port Type: Type C | Display Type: IPS LCD | Charging Type: Wired | Number of Sim: Dual-SIM | Operating System Type: Android 16 | Screen Size: 6.7400 Inch | Front Camera: 5.0000 megapixels | Primary Camera: 13.0000 megapixels | Battery Capacity: 6500 mAh | Connectivity: USB Type-C | Chipset Manufacturer: Unisoc T7225 (12nm) | Processor Manufacturer: octa-core Unisoc | kf_brand: Vivo | kf_model_name: Y05 | kf_display: 6.74-inch IPS LCD HD+ resolution with up to 120Hz refresh rate 1200 nits brightness for clear viewing | kf_processor: Octa-core Unisoc Chipset: Unisoc T7225 (12nm) | kf_rear_camera: 13MP with HDR and panorama | kf_front_camera: 5 MP | kf_battery: Battery Range 5500 – 6500 mAh 15W wired charging speed Charging port Type-C | kf_num_sim_cards: 2 | kf_connectivity: USB Type-C | kf_operating_system: Android 16 Origin-OS 6.0 | kf_other_features: Light Weight 209 g Side-mounted fingerprint sensor Accelerometer, ambient light sensor Proximity sensor, and e-compass. IP65 dust-tight and water-resistant"
4e118a5efe1a,Vivo,Vivo Y04,5756.0,8799.0,"[64.0, 128.0, 256.0]",[4.0],['4G LTE'],Smart Phones,True,"Network: 4G LTE | Sim Type: Nano-SIM | Port Type: Type C | Display Type: LED LCD | Charging Type: Wired | Number of Sim: Dual-SIM | kf_display: 1600 × 720 90Hz Refresh rate, 570 nits brightness Processor Unisoc T7225 (12 nm) - Octa-core Rear Camera 13 MP, f/2.2 aperture 0.08 MP, f/3.0 aperture Front Camera 5 MP, f/2.2 aperture Battery 5500mAh Li-ion battery | kf_battery: 15W Number of SIM cards Dual SIM Connectivity Wi-Fi. Bluetooth 5.2, USB-C, GPS, OTG, FM, fingerprint"
4e46efb2b6fa,Tecno,Tecno Camon 30,11350.0,11350.0,[256.0],[8.0],['4G LTE'],Smart Phones,True,"Network: 4G LTE | Sim Type: Nano-SIM | Display Type: AMOLED | Number of Sim: Dual-SIM | Display Resolution: 1080x2436 | Connectivity: Wi-Fi 802.11 a/b/g/n/ac, dual-band - Bluetooth 5.3, A2DP, LE - GPS - USB Type-C 2.0, OTG | kf_brand: Tecno | kf_model_name: Tecno Camon 30 | kf_display: 6.78 inch AMOLED, 120Hz(1080 x 2436) Processor Mediatek Helio G99 Ultimate Rear Camera 50 MP, f/1.9, (wide), 1/1.57"", PDAF, OIS - 2 MP, (depth) Dual-LED flash, HDR, panorama Video1440p@30fps, 1080p@30/60fps Front Camera 50 MP, (wide), AF Dual-LED dual-tone Video 1440p@30fps, 1080p@30/60fps Battery Capacity 5000 mAh Charging 70W wired, 0-100% in 45 min | kf_num_sim_cards: Dual SIM Connectivity Wi-Fi 802.11 a/b/g/n/ac, dual-band Bluetooth 5.3, A2DP, LE - GPS | kf_other_features: Fingerprint, accelerometer, gyro, proximity, compass"
4e9a1c8ae2ae,Samsung,Samsung Galaxy A56,21555.0,27388.0,"[128.0, 256.0]","[8.0, 12.0]","['4G LTE', '5G']",Smart Phones,True,Network: 4G LTE | Port Type: Type C | Display Type: Super AMOLED | Charging Type: Wired | Number of Sim: Dual-SIM | Water Resistant: Yes
51387c67b2be,Realme,Realme 16 Pro,27490.0,27800.0,[256.0],[12.0],['5G'],Smart Phones,True,"Network: 5G | Sim Type: Nano-SIM | Port Type: Type C | Display Type: AMOLED | Charging Type: Wired | Version: Middle East Version | kf_brand: Realme | kf_model_name: 16 Pro | kf_display: 6.78-inch, AMOLED, 1B colors, 144Hz, 1000 nits (typ), 1400 nits (HBM), 6500 nits (peak), (1272 x 2772) | kf_processor: Mediatek Dimensity 7300 Max (4 nm) - Octa-core | kf_rear_camera: 200 MP, f/1.9, 23mm (wide), 1/1.56"", 0.5µm, dual-pixel PDAF, OIS 8 MP, 112˚, (ultrawide), 1/4.0"", 1.12µm LED flash, HDR, panorama Video 4K@30fps, 1080p@30/60/120fps, HDR, gyro-EIS, OIS | kf_front_camera: 50 MP, f/2.4, 23mm (wide), 1/2.88"", 0.61µm Video 4K@30fps, 1080p@30/60fps, HDR | kf_battery: 7000 mAh, Charging 80W wired | kf_num_sim_cards: 2 | kf_connectivity: Wi-Fi 802.11 a/b/g/n/ac/6, dual-band Bluetooth 5.4 GPS, GLONASS, GALILEO, BDS Infrared port USB Type-C 2.0, OTG | kf_operating_system: Android 16, Realme UI 7.0 | kf_other_features: IP68/IP69K dust tight and water resistant (immersible up to 2m for 30 min) Fingerprint (under display, optical), accelerometer, gyro, proximity, compass sensors Stereo speakers Realme Buds T200x Earbuds, Active Noise Cancellation 12.4mm Dynamic Bass Drivers 25 dB Active Noise Cancellation 48 Hours of Music Playback IP55 Rated water & dust resistant 45ms Latency Bluetooth 5.4 Color may Vary"
517fe0eafbb1,Vivo,Vivo Y21D,8781.0,11200.0,"[128.0, 256.0]","[4.0, 6.0]",['4G'],Smart Phones,True,"Network: 4G | Sim Type: Nano-SIM | Port Type: Type C | Display Type: LCD | Charging Type: Wired | Number of Sim: Dual-SIM | Display Resolution: 1608x720 | Operating System Type: Funtouch OS | Water Resistant: Yes | Screen Size: 6.6800 Inch | Front Camera: 5.0000 megapixels | Primary Camera: 50.0000 megapixels | Battery Capacity: 6500 mAh | Connectivity: Wi-Fi, Bluetooth 5.2, GPS, USB Type‑C OTG | Chipset Manufacturer: T7225 | Processor Manufacturer: T7225, Octa-Core | kf_brand: Vivo | kf_model_name: Y21D | kf_display: 6.68-inch LCD display,  (720 × 1608 px), 90Hz refresh rate. | kf_processor: T7225, Octa-Core | kf_rear_camera: 50 MP + 0.08 MP Rear flash The rear camera has an aperture of f/1.8 (50 MP resolution) + an aperture of f/3.0 (0.08 MP resolution). | kf_front_camera: 5 MP The front camera has an aperture of f/2.2 | kf_battery: 6500 mAh battery with 44W wired charging. | kf_num_sim_cards: 2 | kf_connectivity: Wi-Fi Bluetooth 5.2 GPS USB Type‑C OTG | kf_operating_system: Android 15 with Funtouch OS 15 | kf_other_features: IP68 and  IP69 dust and water resistance Side‑mounted fingerprint sensor"
536a3aa3974f,Oppo,Oppo A96,9950.0,10923.0,"[128.0, 256.0]",[8.0],['4G LTE'],Smart Phones,True,"Network: 4G LTE | Sim Type: Nano-SIM | Port Type: Type C | Display Type: IPS LCD | Number of Sim: Dual-SIM | Water Resistant: Yes | kf_brand: Oppo | kf_model_name: A96 | kf_display: 6.59-inch IPS LCD (1080 x 2412) with 90Hz refresh rate Rear Camera 50 MP, f/1.8, 27mm (wide), PDAF Auxiliary lens LED flash, HDR, panorama Video 1080p@30fps | kf_processor: Qualcomm SM6225 Snapdragon 680 4G (6 nm) octa-core | kf_front_camera: 16MP, f/2.0, 26mm (wide) | kf_battery: 5000mAh with 33W fast charge (supports reverse charging) | kf_connectivity: Wi-Fi, Bluetooth 5.0, GPS, USB Type-C 2.0, side-mounted fingerprint"
53b6f9ae21db,Xiaomi,Xiaomi Redmi A5,7031.0,9500.0,"[64.0, 128.0]",[4.0],['4G LTE'],Smart Phones,True,"Network: 4G LTE | Port Type: Type C | Charging Type: Wired | Number of Sim: Dual-SIM | Display Resolution: 720x1640 | Operating System Type: Android 15 | kf_brand: Xiaomi | kf_model_name: Redmi A5 Display 6.88 Inch, 450 nits (typ), 260 ppi Refresh rate: Up to 120Hz DC dimming TÜV Rheinland Low Blue Light, Flicker Free Touch sampling rate: Up to 240Hz Contrast ratio: 1500:1 (1640x720) | kf_processor: UNISOC T7250 processor 12nm, octa-core Rear Camera Dual Camera 32MP + 32MP FilmCamera, HDR mode, Ultra HD, Night mode 4P lens, f/2.0 Auxiliary lens Rear camera video recording: 1080p 1920x1080 30fps, 720p 1280x720 30fps Front Camera 8MP HDR mode, Fill-light Portrait mode, Time-lapse, Night mode 4P lens, f/2.0 Front video recording: 1080p 1920x1080 30fps, 720p 1280x720 30fps | kf_battery: 5200mAh, 15W, fast charging | kf_num_sim_cards: Dual SIM Connectivity USB Type-C 2.4GHz/5GHz Wi-Fi Bluetooth 5.2 Supports FM radio (with headphone jack) Supports AAC / SBC GPS, Glonass, Galileo, BDS (only B1C) 3.5mm headphone jack Other Features Virtual proximity sensor, Virtual ambient light sensor Accelerometer, Electronic compass Side fingerprint sensor AI face unlock"
55d0821e81c5,Tecno,Tecno Spark 20 Pro Plus,9700.0,9700.0,[256.0],[8.0],['4G'],Smart Phones,True,"Network: 4G | Sim Type: Nano-SIM | Display Type: AMOLED | Charging Type: Wired | Number of Sim: Dual-SIM | Display Resolution: 2436x1080 | kf_front_camera: 32MP wide camera with f/2.2 for high-quality, detailed selfies with Tecno Spark 20 Pro Plus. Video: 1080p @30fps Processor MediaTek Helio G99 Ultimate Octa-Core processor powers the Tecno Spark 20 Pro Plus for smooth multi-tasking and efficient power consumption. Battery 5000mAh massive battery for all-day power, with 33W Fast Charging for rapid charging. Connectivity Wi-Fi 802.11 a/b/g/n/ac, Dual-band, Wi-Fi Direct, Hotspot. Bluetooth 5.2, A2DP, LE. Positioning: GPS, GLONASS, GALILEO, BDS. USB-C 2.0, USB On-The-Go."
566fc298fcf2,Xiaomi,Xiaomi 17T,37999.0,37999.0,[512.0],[12.0],['5G'],Smart Phones,True,"Network: 5G | Sim Type: Nano-SIM | Port Type: Type C | Display Type: AMOLED | Charging Type: Wired | Number of Sim: Dual-SIM | Display Resolution: 2756 x 1268 | Operating System Type: Xiaomi HyperOS 3 | Water Resistant: Yes | Screen Size: 6.5900 Inch | Front Camera: 32.0000 megapixels | Primary Camera: 50.0000 megapixels | Battery Capacity: 6500 mAh | Connectivity: Bluetooth 6.0 -Wi-Fi 6E -GPS -USB-C | Chipset Manufacturer: MediaTek | Video Capture Format: 4K (3840 x 2160) HDR10+ video recording at 30fps, 60fps1080p (1920 x 1080) | Processor Manufacturer: MediaTek Dimensity 8500-Ultra | kf_brand: Xiaomi | kf_model_name: 17T | kf_display: 6.59-inch AMOLED display(2756 x 1268), 120Hz eye-care, 3500nits | kf_processor: MediaTek Dimensity 8500-Ultra | kf_rear_camera: Leica 23mm main camera 50MP, Light Fusion 800 image sensor 1/1.55""2.0µm 4-in-1 Super Pixelf/1.7OIS23mm equivalent focal length Leica 115mm periscope telephoto50MPf/3.0OIS115mm equivalent focal length Leica 15mm ultra-wide camera12MPf/2.215mm equivalent focal length120° Digital zoom up to 120x with AI Ultra Zoom 4K (3840 x 2160) HDR10+ video recording at 30fps, 60fps1080p (1920 x 1080) | kf_front_camera: 32MP f/2.221mm equivalent focal length 4K (3840 x 2160) HDR10+ video recording at 30fps1080p (1920 x 1080) HDR10+ video recording at 30fps, 60fps720p (1280 x 720) video recording at 30fps | kf_battery: 6500mAh , 67W HyperCharge | kf_num_sim_cards: 2 | kf_connectivity: Bluetooth 6.0 Wi-Fi 6E GPS USB-C | kf_operating_system: Xiaomi HyperOS 3 | kf_other_features: In-screen fingerprint sensor AI Face Unlock Proximity sensor, Ambient light sensor, accelerometer, gyroscope, Electronic compass IP68 Dust and Water Resistance"
578c9c1b423c,Realme,Realme C75,9800.0,11123.0,"[128.0, 256.0]",[8.0],['4G LTE'],Smart Phones,True,Network: 4G LTE | Sim Type: Nano-SIM | Port Type: Type C | Display Type: IPS | Charging Type: Wired | Number of Sim: Dual-SIM
57ff8b9b2433,Nokia,Nokia 230 Dual-SIM,4493.0,4493.0,[],[],[],Feature Phones,True,"Network: GSM | Sim Type: Mini-SIM | Port Type: micro USB | Display Type: TFT | Number of Sim: Dual-SIM | Display Resolution: 240x320 | kf_brand: Nokia | kf_model_name: 230 | kf_display: 2.8 Inch, TFT | kf_rear_camera: 2 MP | kf_front_camera: 2 MP | kf_battery: 1000 - 2000 mAh | kf_connectivity: Bluetooth: 3.0 Radio Stereo FM radio Micro USB 1.1 | kf_memory: 16MB"
5c4a7f9844be,Oppo,Oppo A38,8925.0,8925.0,[128.0],[4.0],['4G LTE'],Smart Phones,True,"Network: 4G LTE | Sim Type: Nano-SIM | Port Type: Type C | Display Type: IPS LCD | Charging Type: Wired | Number of Sim: Dual-SIM | Display Resolution: 720x1612 | Operating System Type: Android 13 | Screen Size: 6.5600 Inch | Front Camera: 5.0000 megapixels | Battery Capacity: 5000 mAh | Connectivity: Wi-Fi, Bluetooth V5.3, GPS, USB Type-C 2.0, OTG, GPS, Fingerprint (side-mounted) | Chipset Manufacturer: MediaTek | kf_brand: Oppo | kf_model_name: A38 | kf_display: 6.56 inch, IPS LCD, (720 x 1612 pixels) | kf_processor: Mediatek MT6769 Helio G85 (12nm) Octa-core (2x2.0 GHz Cortex-A75 & 6x1.8 GHz Cortex-A55) | kf_rear_camera: 50 MP, f/1.8 (wide) + 2 MP, f/2.4 (depth) LED flash, HDR, panorama | kf_front_camera: 5 MP, f/2.2 (wide) | kf_battery: 5000 mAh, non-removable Li-Po, supports 33W fast charging | kf_num_sim_cards: Dual SIM | kf_connectivity: Wi-Fi, Bluetooth V5.3, GPS, USB Type-C 2.0, OTG, Fingerprint (side-mounted)"
5cb7c095f25b,Honor,Honor 400 Lite,20346.0,22866.0,[256.0],[8.0],['4G LTE'],Smart Phones,True,"Network: 4G LTE | Sim Type: Nano-SIM | Port Type: Type C | Display Type: AMOLED | Number of Sim: Dual-SIM | Water Resistant: Yes | kf_brand: Honor | kf_model_name: 400 Lite Display 6.7-inch AMOLED, 120Hz 2412 × 1080 resolution Processor MediaTek Dimensity 7025-Ultra Octa-core (2xA78 2.5GHz + 6xA55 2.0GHz) Rear Camera Dual Camera 108MP Main Camera (f/1.75) 5MP Wide and Depth Camera (f/2.2) Up to 10x digital zoom, Video: up to 1080P Capture Modes: Night, Multi-video, Time-Lapse Front Camera 16MP (f/2.45), Selfie Light Video: up to 1080P Support 2D Face Recognition Capture Modes: Portrait, Multi-video, Gesture Control Battery Capacity 5230mAh 35W Honor SuperCharge | kf_num_sim_cards: Dual SIM Connectivity Wi-Fi 802.11 a/b/g/n/ac, Wi-Fi Direct Bluetooth 5.3 USB Type-C USB 2.0 GPS, OTG Other Features AI Translate IP65 Water and Dust Resistance Gravity Sensor, Fingerprint Sensor"
5d03ba256969,Honor,Honor X5C Plus,7800.0,7800.0,[128.0],[4.0],[],Smart Phones,True,"Operating System Type: MagicOS 9.0 | Screen Size: 6.7400 Inch | Front Camera: 5.0000 megapixels | Primary Camera: 50.0000 megapixels | Battery Capacity: 5260 mAh | Audio Jack Type: 3.5 mm | kf_brand: Honor | kf_model_name: X5C Plus | kf_display: TFT LCD, 90Hz 6.74 Inch Resolution: 720 x 1600 pixels | kf_processor: Mediatek Helio G81 (12 nm), Octa-core | kf_rear_camera: 50 MP, f/1.8, (wide), PDAF Auxiliary lens Features LED flash, HDR, panorama Video: 1080p@30fps | kf_front_camera: 5 MP, f/2.2, (wide) Video 1080p@30fps | kf_battery: Battery Capacity: 5260 mAh Charging: 15W wired | kf_num_sim_cards: Dual SIM | kf_connectivity: Wi-Fi 802.11 a/b/g/n/ac, dual-band Wi-Fi Direct Bluetooth 5.1, A2DP, LE, aptX HD GPS, GLONASS, GALILEO, BDS FM radio USB Type-C 2.0, OTG | kf_other_features: Fingerprint (side-mounted), accelerometer, proximity Loudspeaker Card slot: microSDXC"
5d8b65b03ca1,Realme,Realme Note 70,7635.0,7635.0,[128.0],[4.0],[],Smart Phones,True,"Operating System Type: Android 15 | Connectivity: USB Type-C port, Wi-Fi 2.4/5GHz, Supports 802.11 a/b/g/n/ac, Bluetooth 5.2, Beidou (B1I) GPS (L1) GLONASS (G1) Galileo (E1) | Chipset Manufacturer: UNISOC T7250, 12nm, 8 cores | Video Capture Format: 1080P@30fps | Processor Manufacturer: UNISOC T7250, 12nm, 8 cores | kf_brand: Realme | kf_model_name: Note 70 | kf_display: 6.74 Inch, HD+ Resolution: 720x1600 Maximum brightness: 563 nits Refresh rate: Up to 90Hz Touch sampling rate: Up to 180Hz | kf_processor: UNISOC T7250, 12nm, 8 cores | kf_rear_camera: Dual Camera Omnivision OV13B10-GA5A Camera Resolution: 4160*3120 Equivalent Focal Length: 27mm Angle of View (FOV): 76.5°, Aperture: f/2.2 Video Recording: 1080P@30fps Functions: Night. Portrait, Slow Motion, Time-lapse | kf_front_camera: SC520CS 5MP Resolution: 2592x1944 Equivalent Focal Length: 27mm Angle of View (FOV): 76.6°, Aperture: f/2.2 Functions: Portrait, Night, Panorama Front Camera Supports: 720P@30fps Video | kf_battery: Battery Capacity: 6000mAh 15W VOOC fast charging | kf_num_sim_cards: Dual SIM | kf_connectivity: USB Type-C port Wi-Fi 2.4/5GHz, Supports 802.11 a/b/g/n/ac Bluetooth 5.2 Beidou (B1I) GPS (L1) GLONASS (G1) Galileo (E1) | kf_other_features: Water and dust resistance with IP54 standard Linear speaker supporting ORelity Audio effect noise cancellation with a single microphone Proximity sensor, ambient light sensor Side fingerprint sensor, gyroscope, accelerometer"
5e409bb7a450,Nokia,Nokia 105 2019 Dual-SIM,485.0,485.0,[],[],[],Feature Phones,True,"Network: 2G | Port Type: micro USB | Charging Type: Wired | Number of Sim: Dual-SIM | Screen Size: 1.7700 Inch | Connectivity: Micro USB, 3.5 mm ,FM Radio | kf_brand: Nokia | kf_model_name: 105 2019 | kf_display: 1.77 Inch | kf_battery: 800mAh | kf_connectivity: Micro USB, Radio FM , 3.5mm"
5f887a7ed1b3,Infinix,Infinix Smart 20,6330.0,7371.0,"[64.0, 128.0]",[4.0],['4G'],Smart Phones,True,"Network: 4G | Sim Type: Nano-SIM | Port Type: Type C | Display Type: IPS LCD | Charging Type: Wired | Number of Sim: Dual-SIM | kf_brand: Infinix | kf_model_name: Smart 20 | kf_display: 6.78 inch, IPS LCD HD+ 720x1576 45Hz/60Hz/90Hz/120Hz refresh rate 560 nits (TYP), 700 nits (HBM Brightness) | kf_processor: MediaTek Helio G81 Ultimate- Octa Core | kf_rear_camera: 8MP, f/2.0, 1/4'' sensor, 1.12um, AF Rear Dual Flash AI Cam, Video, Dual Video, Portrait, Time-Lapse, Super Night, Pro, Panorama, Documents Video 2K 30FPS/1080P,30FPS/720P 30FPS | kf_front_camera: 8MP, f/2.0, 1/4'' sensor, 1.12um, FF | kf_battery: 5200mAh, 10W Charger, 15W Supported | kf_num_sim_cards: 2 | kf_connectivity: Wi-Fi 802.11 Bluetooth USB Type-C, OTG 3.5 Jack FM Radio | kf_operating_system: XOS16, Powered by Android 16 | kf_other_features: G-sensor, e-compass, gyroscope, light sensor, proximity sensor Fingerprint sensor IP64 splash, water and dust resistance"
612452ba68d0,Itel,Itel A50,5151.0,5151.0,[64.0],[3.0],['4G'],Smart Phones,True,"Network: 4G | Sim Type: Nano-SIM | Port Type: Type C | Display Type: IPS LCD | Charging Type: Wired | Number of Sim: Dual-SIM | kf_brand: itel | kf_model_name: A50 Display Type: IPS LCD, 480 nits (peak) Size: 6.6 inches, 104.6 cm2 (~84.3% screen-to-body ratio) Resolution: 720 x 1612 pixels, 20:9 ratio (~267 ppi density) | kf_processor: Octa Core | kf_rear_camera: 8 MP auxiliary lens with LED flash | kf_front_camera: 5 MP | kf_battery: 5000 mAh | kf_num_sim_cards: Dual SIM | kf_connectivity: GPS, Bluetooth, USB Type C Key Features 8.7mm thickness Android 14 Fingerprint (side-mounted); unspecified sensors LED flash Charging: 10W wired"
61deb50c31f9,Realme,Realme C85,12510.0,12510.0,[256.0],[8.0],['4G'],Smart Phones,True,"Network: 4G | Sim Type: Nano-SIM | Port Type: Type C | Display Type: IPS LCD | Charging Type: Wired | Number of Sim: Dual-SIM | kf_brand: Realme | kf_model_name: C85 | kf_display: IPS LCD, 6.8 inch 720 x 1570 pixels 144Hz, 1200 nits (HBM) | kf_processor: Qualcomm SM6225 Snapdragon 685 (6 nm) | kf_rear_camera: 50 MP, f/1.8, 28mm (wide) LED flash, HDR, panorama Video :1080p@30/60fps | kf_front_camera: 8 MP, f/2.0, 26mm (wide) Video: 1080p@30/60fps | kf_battery: Li-Ion 7000 mAh Wattage: 45W | kf_num_sim_cards: Dual Sim | kf_connectivity: Wi-Fi Bluetooth 5.0 GPS, GALILEO, GLONASS, QZSS, BDS USB Type-C 2.0, OTG | kf_operating_system: Android 15, Realme UI 6.0 | kf_other_features: IP68/IP69K dust tight and water resistant Fingerprint (side-mounted) Accelerometer Proximity Compass"
623d5d0b5e4d,Vivo,Vivo V50,27552.0,27552.0,[256.0],[12.0],['5G'],Smart Phones,True,"Network: 5G | Sim Type: Nano-SIM | Port Type: Type C | Display Type: IPS LCD | Charging Type: Wired | Number of Sim: Dual-SIM | kf_other_features: Color spectrum sensor, Zeiss optics, Ring-LED flash, panorama, HDR Video: 4K@30fps, 1080p@30fps, gyro-EIS, OIS Front Camera 50MP wide front camera with Zeiss optics and HDR  to capture stunning selfies with enhanced image quality on Vivo V50. f/2.0, 21mm, 1/2.76"", 0.64µm, AF. Video: 4K@30fps, 1080p@30fps. Battery Capacity 6000mAh powerful battery for all-day use on the Vivo V50, with 90W fast charging to get you back to full power in no time. Connectivity WLAN Bluetooth 5.4, A2DP, LE Positioning: GPS, GALILEO, GLONASS, QZSS, BDS, NavIC USB Type-C 2.0, OTG Other Features IP68/IP69 water resistant protects Vivo V50 from high-pressure water jets and immersion up to 1.5m for 30 minutes. Stereo speakers for an immersive audio experience. Fingerprint (under display, optical), accelerometer, gyro, proximity, compass."
63c98bc07f96,Itel,Itel A100C,5111.0,6432.0,"[64.0, 128.0]","[2.0, 3.0]",['4G'],Smart Phones,True,"Network: 4G | Sim Type: Nano-SIM | Port Type: Type C | Display Type: IPS LCD | Charging Type: Wired | Number of Sim: Dual-SIM | kf_brand: Itel | kf_model_name: A100C | kf_display: 6.6-inch IPS LCD, 90Hz Resolution: 720x1612 (~267 ppi) Typical brightness: 400 nits | kf_processor: Unisoc T7100 Octa-core (1.8 GHz), PowerVR GE8322 GPU | kf_rear_camera: 8 MP, LED flash Video: 1080p@30fps | kf_front_camera: 5 MP Video: Yes | kf_battery: 5000 mAh | kf_num_sim_cards: Dual SIM (Nano-SIM + Nano-SIM) | kf_connectivity: 4G WLAN, Bluetooth, GPS Infrared port, USB Type-C | kf_operating_system: Itel OS 15, Android 15 (Go edition) | kf_other_features: Side-mounted fingerprint sensor, accelerometer 3.5mm jack, loudspeaker"
63d01a809263,Samsung,Samsung Galaxy S26 Ultra,71400.0,95666.0,"[256.0, 512.0, 1024.0]","[12.0, 16.0]",['5G'],Smart Phones,True,"Network: 5G | Sim Type: Nano-SIM | Port Type: Type C | Display Type: Dynamic AMOLED 2X | Charging Type: Wired | Number of Sim: Dual-SIM | kf_brand: Samsung | kf_model_name: Galaxy S26 Ultra | kf_display: 6.9-inch Quad HD+ Dynamic AMOLED 2X 120Hz Refresh Rate, (3120 x 1440) | kf_processor: Snapdragon 8 Elite Gen 5-Octa-Core | kf_rear_camera: Quad Camera ( 200.0 MP + 50.0 MP + 50.0 MP + 10.0 MP) F1.4 , F2.9 , F1.9 , F2.4 Auto Focus, OIS Optical Zoom 3x and 5x, Optical quality Zoom 2x and 10x (Enabled by Adaptive Pixel sensor) , Digital Zoom up to 100x UHD 8K (7680 x 4320)@30fps 240fps @FHD, 120fps @FHD, 120fps @UHD Slow Motion | kf_front_camera: 12MP, F2.2 | kf_battery: 5000mAh, Supports 60W Fast Charging Up to 31 Hours Video Playback Time | kf_num_sim_cards: Dual SIM | kf_connectivity: USB Type-C 3.2 Gen 1 GPS Wifi Bluetooth 6.0 | kf_operating_system: Android 16 | kf_other_features: S Pen Support Accelerometer, Barometer, Fingerprint Sensor, Gyro Sensor Geomagnetic Sensor, Hall Sensor, Light Sensor, Proximity Sensor"
64ced04698d9,Samsung,Samsung Galaxy A36,17844.0,18124.0,"[128.0, 256.0]",[8.0],"['4G', '5G']",Smart Phones,True,"Network: 4G | Port Type: Type C | Display Type: Super AMOLED | Charging Type: Wired | Number of Sim: Dual-SIM | Water Resistant: Yes | kf_display: 6.7 Inch Super AMOLED display (1080 x 2340) for an unparalleled viewing experience. 120Hz refresh rate for responsive scrolling and 385 ppi for detailed visuals. 1200 nits (HBM) and 1900 nits peak brightness for clear visibility under direct sunlight. Corning Gorilla Glass Victus+ protects the screen from everyday scratches and drops. Always-on display Rear Triple Camera 50MP wide camera with OIS and PDAF for clear, stable shots (f/1.8, 1/1.96""). 8MP ultrawide camera for fitting more people into every shot (f/2.2, 123˚, 1/4.0"", 1.12µm). 5MP macro camera for capturing small details (f/2.4). LED flash, panorama, HDR. Video 4K@30fps, 1080p@30/60fps, gyro-EIS Front Camera 12MP wide camera for high-quality selfies and video calls (f/2.2). Video 4K@30fps, 1080p@30fps, 10-bit HDR Battery Capacity 5000mAh battery to keep Samsung A36 powered all day. 45W fast charging reaches up to 66% in 30 minutes and up to 100% in 68 minutes. Processor Qualcomm Snapdragon 6 Gen 3 Octa-core (4 nm- SM6475-AB) processor for reliable everyday performance with Samsung A36. | kf_connectivity: Wi-Fi 802.11 a/b/g/n/ac/6, dual-band, Wi-Fi Direct Bluetooth 5.4, A2DP, LE Positioning GPS, GALILEO, GLONASS, BDS, QZSS USB Type-C 2.0, OTG | kf_other_features: IP67 dust/water resistant (up to 1m for 30 min) Stereo speakers Fingerprint (under display, optical), accelerometer, gyro, compass Virtual Proximity Sensing, Circle"
66c13591f503,Oppo,Oppo A6t,12550.0,12899.0,[128.0],[6.0],"['4G', '5G']",Smart Phones,True,"Network: 4G | Sim Type: Nano-SIM | Port Type: Type C | Display Type: IPS LCD | Charging Type: Wired | Number of Sim: Dual-SIM | Display Resolution: 1570x720 | Operating System Type: ColorOS 15.0 | Water Resistant: Yes | Screen Size: 6.7500 Inch | Front Camera: 5.0000 megapixels | Primary Camera: 13.0000 megapixels | Battery Capacity: 6500 mAh | Connectivity: Wi-Fi 802.11 a/b/g/n/ac (Dual-Band) - Bluetooth 5.0 - USB Type-C 2.0 - OTG - GPS, GALILEO, GLONASS, BDS, QZSS - 3.5mm Audio Jack | Chipset Manufacturer: Qualcomm Snapdragon 685 (6nm) Octa-Core | Video Capture Format: Video Recording up to 1080p@60fps | Processor Manufacturer: Qualcomm Snapdragon 685 (6nm) Octa-Core | Audio Jack Type: 3.5 mm | kf_brand: Oppo | kf_model_name: A6t | kf_display: 6.75-inch IPS LCD Display HD+ (720 × 1570) Resolution 120Hz Refresh Rate Up to 1125 nits Peak Brightness | kf_processor: Qualcomm Snapdragon 685 (6nm) Octa-Core | kf_rear_camera: 13 MP Wide Camera LED Flash, HDR, Panorama Video Recording up to 1080p@60fps | kf_front_camera: 5 MP Wide Camera Video Recording up to 1080p@30fps | kf_battery: Capacity: 6500mAh 5W Reverse Wired Charging | kf_num_sim_cards: Dual Nano-SIM | kf_connectivity: Wi-Fi 802.11 a/b/g/n/ac (Dual-Band) Bluetooth 5.0 USB Type-C 2.0 OTG GPS, GALILEO, GLONASS, BDS, QZSS 3.5mm Audio Jack | kf_operating_system: Android 15, ColorOS 15 | kf_other_features: Side-Mounted Fingerprint Sensor, Accelerometer, Proximity Sensor, Compass IP64 Dust and Splash Resistant microSDXC Card Support | kf_dimensions: 166.6 × 78.5 × 8.6mm"
679784074262,Xiaomi,Xiaomi Redmi A7 Pro,6689.0,7576.0,"[64.0, 128.0]",[4.0],['4G'],Smart Phones,True,"Network: 4G | Sim Type: Nano-SIM | Port Type: Type C | Display Type: LCD | Charging Type: Wired | Number of Sim: Dual-SIM | kf_brand: Xiaomi | kf_model_name: Redmi A7 Pro | kf_display: 6.9-inch  LCD(1600 × 720) resolution Up to 120Hz refresh rate, 650nits brightness (800nits HBM) | kf_processor: Unisoc T7250 12nm process,  octa-core | kf_rear_camera: 13MP main camera1/3.06"" sensor size f/2.2Auxiliary lens film Camera Video recording 1080p at 30fps, 720p at 30fps | kf_front_camera: 8MP front camera f/2.0 Video recording 1080p at 30fps, 720p at 30fps Fill-light, HDR mode, Time-lapse, Portrait mode, Night mode | kf_battery: 6000mAh  with 15W fast charging | kf_num_sim_cards: 2 | kf_connectivity: Wi-Fi Bluetooth 5.2 GPS USB Type-C 3.5mm headphone jack | kf_operating_system: Xiaomi HyperOS 3 | kf_other_features: Side fingerprint sensor AI Face Unlock"
6ad301f055d2,Xiaomi,Xiaomi Redmi Note 15 Pro,20888.0,23555.0,"[256.0, 512.0]",[12.0],['5G'],Smart Phones,True,"Network: 5G | Sim Type: Nano-SIM | Port Type: Type C | Display Type: AMOLED | Charging Type: Wired | Number of Sim: Dual-SIM | Display Resolution: 2772 x 1280 | Operating System Type: Xiaomi HyperOS 2 | Water Resistant: Yes | Screen Size: 6.8300 Inch | Front Camera: 20.0000 megapixels | Primary Camera: 200.0000 megapixels | Battery Capacity: 6580 mAh | Connectivity: Bluetooth 5.4 -Wi-Fi  -GPS -USB Type-C | Chipset Manufacturer: MediaTek | Video Capture Format: 4K at 30 fps,1080p at 30/60, fps720p at 30 fps | Processor Manufacturer: MediaTek Dimensity 7400-Ultra 4nm, Octa-core | kf_brand: Xiaomi | kf_model_name: Redmi Note 15 Pro | kf_display: 6.83-inch AMOLED display Resolution (2772 x 1280) 1.5K Up to 120Hz refresh rate 3200 nits peak brightness | kf_processor: MediaTek Dimensity 7400-Ultra 4nm, Octa-core | kf_rear_camera: 200MP main camera Optical Image Stabilization (OIS)0.56μm, 16in1, 2.24μm, f/1.7, 7P lens, 1/1.4"" sensor size 8MP ultra-wide camera f/2.2 Video recording 4K at 30 fps,1080p at 30/60, fps720p at 30 fps | kf_front_camera: 20MP front camera1/4"" sensor size f/2.2, 4P lens Video recording 1080p at 30/60 fps, 720p at 30 fps | kf_battery: 6580mAh, 45W turbo charging | kf_num_sim_cards: 2 | kf_connectivity: Bluetooth 5.4 Wi-Fi GPS USB Type-C | kf_operating_system: Xiaomi HyperOS 2 | kf_other_features: AI Erase Pro, AI Remove Reflection, AI Image Expansion, AI Sky, AI Bokeh, AI Cutouts AI Image Enhancement, AI Beautify, AI Film Circle to Search with Google, Google Gemini In-screen fingerprint sensor AI face unlock IP68/IP69 Water and Dust Resistance"
6b0fea50464a,Tecno,Tecno Spark 30,8444.0,8444.0,[256.0],[8.0],['4G'],Smart Phones,True,"Network: 4G | Sim Type: Nano-SIM | Port Type: Type C | Display Type: IPS LCD | Charging Type: Wired | Version: Middle East Version | kf_brand: Tecno | kf_model_name: Spark 30 | kf_display: 6.78 inch, (1080 x 2460 ) IPS LCD, 90Hz, 800 nits | kf_processor: Mediatek Helio G91 (12 nm) Octa-core | kf_rear_camera: 64 MP, (wide), 1/1.73"", 0.8µm, PDAF Auxiliary lens Quad-LED flash, HDR Video 1440p@30fps, 1080p@30fps | kf_front_camera: 13 MP, (wide) Dual-LED dual-tone flash Video 1080p@30fps | kf_battery: 5000 mAh, 18W wired charging | kf_num_sim_cards: 2 | kf_connectivity: Bluetooth Wifi GPS Infrared port USB Type-C | kf_operating_system: Android 14, HIOS 14 | kf_other_features: IP64 dust-tight and water-resistant Fingerprint (side-mounted); unspecified sensors"
6f4dcd7255b7,Realme,Realme 15T,16657.0,22500.0,[256.0],"[8.0, 12.0]",['4G'],Smart Phones,True,"Network: 4G | Sim Type: Nano-SIM | Port Type: Type C | Display Type: AMOLED | Charging Type: Wired | Number of Sim: Dual-SIM | kf_brand: Realme | kf_model_name: 15T | kf_display: 6.57 Inch AMOLED 4R Comfort+ Brightness: 1400 nits (HBM) up to 4000 nits (maximum brightness) Refresh rate: Up to 120 Hz Touch sampling rate: Up to 240 Hz Resolution: 1080 x 2372 | kf_processor: Mediatek Dimensity 6400 Max 5G, 6nm, octa-core | kf_rear_camera: Dual Camera 50MP Lens: 5P Angle of View (FOV): 75.5° Aperture: f/1.8 Equivalent Focal Length: 27mm Functions: Night, Panorama, Cinema, Slo-MO, Dual Video, Time-lapse View Rear Video Recording: 1080P @ 30FPS | kf_front_camera: 50MP, Lens: 5P, Field of View (FOV): 86.7° Aperture: f/2.4 Functions: Portrait, Night, Panorama, Dual Video, Time-lapse Front Video Recording: 1080P at 60FPS 2MP B&W Portrait Camera, Equivalent Focal Length: 22mm Field of View (FOV): 88.8°; Aperture: f/2.4 | kf_battery: Battery Capacity: 6550mAh 45W fast charging | kf_num_sim_cards: Dual SIM | kf_connectivity: USB Type-C port GPS, Glonass, Beidou, Galileo, QZSS Wi-Fi 5, Bluetooth 5.3 support | kf_other_features: Water and dust resistance according to IP66/68/69 standards Proximity sensor, ambient light sensor Electronic compass, accelerometer, gyroscope In-display optical fingerprint sensor, infrared controller Dual stereo headphones, noise cancellation, dual microphones"
70014eb00e94,Apple,Apple iPhone 16 Plus,69899.0,140572.0,"[128.0, 256.0]",[8.0],['5G'],Smart Phones,True,"Network: 5G | Sim Type: Nano-SIM | Port Type: Type C | Display Type: Super Retina XDR OLED | Charging Type: Wired / Wireless | Number of Sim: Single SIM | Display Resolution: 1290×2796 | Operating System Type: iOS 18 | Water Resistant: Yes | Screen Size: 6.7000 Inch | Front Camera: 12.0000 megapixels | Primary Camera: 48.0000 megapixels | Battery Capacity: 4674 mAh | Connectivity: Wi-Fi 802.11 a/b/g/n/ac/6/7, dual-band, hotspotBluetooth 5.3, A2DP, LEPositioning GPS, GLONASS, GALILEO, BDS, QZSSUSB Type-C 2.0, DisplayPort | Chipset Manufacturer: Apple | Video Capture Format: 4K@24/25/30/60fps, 1080p@25/30/60/120/240fps, HDR, Dolby Vision HDR (up to 60fps), stereo sound rec. | Processor Manufacturer: Apple | kf_num_sim_cards: Single SIM Faster Connectivity Wi-Fi 802.11 a/b/g/n/ac/6/7, dual-band, hotspot Bluetooth 5.3, A2DP, LE Positioning GPS, GLONASS, GALILEO, BDS, QZSS USB Type-C 2.0, DisplayPort | kf_operating_system: iOS 18 Other Features Stereo speakers IP68 dust/water resistant (up to 6m for 30 min) Crash Detection for emergency assistance Sensors Face ID, accelerometer, gyro, proximity, compass, barometer Ultra Wideband (UWB) support (gen2 chip) Emergency SOS, Messages and Find My via satellite"
7316c4a89d99,Nokia,Nokia 105 Dual-SIM,475.0,863.0,[],[],[],Feature Phones,True,"Network: 2G | Sim Type: Mini-SIM | Display Type: QQVGA | Number of Sim: Dual-SIM | Water Resistant: Yes | Connectivity: GSM, FM Radio | kf_brand: Nokia | kf_model_name: Nokia 105 | kf_display: 1.8 Inch | kf_battery: 800 mAh | kf_connectivity: Micro USB 2.0, FM Radio | kf_memory: 4MB RAM"
73b0d4f52cbb,Apple,Apple iPhone 14,58200.0,58200.0,[128.0],[6.0],['5G'],Smart Phones,True,"Network: 5G | Sim Type: Nano-SIM | Port Type: Lightning | Display Type: Super Retina XDR OLED | Charging Type: Wired / Wireless | Number of Sim: Single SIM | kf_brand: Apple | kf_model_name: iPhone 14 | kf_display: 6.1 inches (1170x2532 pixels) Super Retina XDR OLED 800 nits (HBM), 1200 nits (peak) | kf_processor: Apple A15 Bionic (5 nm) CPU Hexa-core GPU Apple GPU (5-core graphics) | kf_rear_camera: 12 MP, f/1.5, 26mm (wide), 1/1.7"", 1.9µm, dual pixel PDAF, sensor-shift OIS 12 MP, f/2.4, 13mm, 120˚ (ultrawide) Dual-LED dual-tone flash, HDR (photo/panorama) Video 4K@24/25/30/60fps, 1080p@25/30/60/120/240fps, HDR, Dolby Vision HDR (up to 60fps), stereo sound rec. | kf_front_camera: 12 MP, f/1.9, 23mm (wide), 1/3.6"", 1.0µm, PDAF SL 3D (depth/biometrics sensor) HDR Video 4K@24/25/30/60fps, 1080p@25/30/60/120fps, gyro-EIS | kf_battery: 3279 mAh, Wired, PD2.0, 50% in 30 minutes, 15W wireless (MagSafe) | kf_num_sim_cards: 1 | kf_connectivity: WIFI Bluetooth 5.3 GPS Lightning, USB 2.0 | kf_other_features: • Face ID • IP68 dust-tight and water resistant"
73bb5827f21e,Motorola,Motorola Moto G85,12999.0,13111.0,[256.0],[12.0],['5G'],Smart Phones,True,"Network: 5G | Sim Type: Nano-SIM | Port Type: Type C | Display Type: pOLED | Charging Type: Wired | Number of Sim: Dual-SIM | kf_brand: Motorola | kf_model_name: Moto G85 | kf_display: 6.67 Inch (1080 × 2400) P-OLED, 120 Hz refresh rate | kf_processor: Qualcomm SM6375 Snapdragon 6s Gen 3 - Octa Core | kf_rear_camera: • Dual Camera • 50 MP, f/1.8 (wide), 1/1.95"", 0.8µm, PDAF, OIS • 8 MP, f/2.2, 118˚ (ultrawide), 1.12µm, AF • Video Recording: 1080p@30/60fps | kf_front_camera: 32 MP, f/2.4 (wide), 0.7µm | kf_battery: 5000 mAh, 30W wired charging | kf_num_sim_cards: Dual SIM | kf_connectivity: • Wi-Fi 802.11 a/b/g/n/ac, dual-band • Bluetooth 5.1, A2DP, LE • Type-C"
754cc5882bc2,Nokia,Nokia 110 Y2026 Dual-SIM,1299.0,1299.0,[],[],[],Feature Phones,True,"Network: 2G | Sim Type: Mini-SIM | Port Type: micro USB | Display Type: TFT | Charging Type: Wired | Number of Sim: Dual-SIM | kf_brand: Nokia | kf_model_name: 110 Y2026 | kf_display: 2 inches , 120 x 160 pixels, 4:3 ratio (~100 ppi density) TFT | kf_rear_camera: QVGA | kf_battery: 1750 mAh, removable | kf_connectivity: Wireless FM radio, microUSB | kf_operating_system: Android | kf_memory: Internal Memory  4MB, RAM  4MB"
75b72893aa3d,Samsung,Samsung A07,6798.0,10820.0,"[64.0, 128.0, 256.0]","[4.0, 6.0, 8.0]",['4G LTE'],Smart Phones,True,"Network: 4G LTE | Sim Type: Nano-SIM | Port Type: Type C | Display Type: PLS LCD | Charging Type: Wired | Number of Sim: Dual-SIM | Display Resolution: 720x1600 | Operating System Type: Android 15 | Water Resistant: Yes | Screen Size: 6.7000 Inch | Front Camera: 8.0000 megapixels | Primary Camera: 50.0000 megapixels | Battery Capacity: 5000 mAh | Connectivity: Wi-Fi, Bluetooth 5.3, Positioning GPS, FM radio | Video Capture Format: 1080p@30/60fps | Processor Manufacturer: MediaTek | Memory Card Slot: Yes | kf_brand: Samsung | kf_model_name: Galaxy A07 Display 6.7 inch PLS LCD, 90Hz refresh rate 720 x 1600 | kf_processor: MediaTek Helio G99 (6nm), Octa-core Rear Camera 50 MP, f/1.8, (wide), 1/2.76"", 0.64µm, PDAF 2 MP, f/2.4, (depth) LED flash Video 1080p@30/60fps | kf_front_camera: 8 MP, f/2.0, (wide), 1/4.0"", 1.12µm | kf_battery: 5000 mAh, 25W wired charging | kf_num_sim_cards: Dual SIM | kf_connectivity: Bluetooth 5.3, USB Type-C 2.0, 3.5mm audio jack, FM radio, Wi-Fi, GPS | kf_operating_system: Android 15 Other Features Side-mounted fingerprint sensor IP54 water/dust resistance"
75c63e10182c,Vivo,Vivo V60 Lite,16144.0,19186.0,[256.0],"[8.0, 12.0]","['4G', '5G']",Smart Phones,True,"Network: 5G | Sim Type: Nano-SIM | Port Type: USB | Display Type: AMOLED | Charging Type: Wired | Number of Sim: Dual-SIM | kf_brand: Vivo | kf_model_name: V60 Lite | kf_display: 6.77-inch AMOLED display ( 2392 x 1080 ) 120Hz refresh rate, 3000 nits | kf_processor: MediaTek Dimensity 7360-Turbo- Octa Core | kf_rear_camera: 50MP Sony Main Camera: Autofocus, f/1.79 aperture, 79° FOV, 5-element lens,  f/1.79 aperture 8MP Ultra Wide Angle Camera: f/2.2 aperture, 120° FOV, 5-element lens, H61+ f/2.2 aperture Night mode, Portrait, Photo, Video, Mini movie, Panorama, HD document, Slow motion, Time-lapse, Super moon, Professional, Food dual Video recording resolution 4K/1080P | kf_front_camera: 32MP Ultra-High-Resolution Selfie Camera: f/2.45 aperture, 72° FOV, 5-element lens, f/2.45 aperture Night mode, Portrait, Photo, Video, Mini movie, Dual scene | kf_battery: 6500 mAh, 90 watt Charging | kf_num_sim_cards: Dual SIM Card | kf_connectivity: Wi-Fi, Bluetooth 5.4, GPS, USB 2.0 | kf_other_features: Fingerprint sensor IP65 Dust and water resistance"
78336b6d77c8,Honor,Honor 600 Pro,51999.0,53869.0,[512.0],[12.0],['5G'],Smart Phones,True,"Network: 5G | Sim Type: Nano-SIM | Port Type: Type C | Display Type: AMOLED | Charging Type: Wired | Number of Sim: Dual-SIM | kf_brand: Honor | kf_model_name: 600 Pro | kf_display: 6.57-Inch AMOLED Display (2728×1264) | kf_processor: Snapdragon 8 Elite -Octa Core | kf_rear_camera: 200 MP  (f/1.9 aperture, autofocus, optical image stabilization) 50 MP (f/2.8 aperture, autofocus, optical image stabilization) 12 MP (autofocus) Digital zoom up to 120x Supports up to 3840×2160 pixels Video resolution | kf_front_camera: 50MP camera (f/2.0 aperture) Supports up to 3840×2160 pixels Video resolution Supports 2D facial recognition | kf_battery: 7000mAh, Support Suprt charge, 80W | kf_num_sim_cards: 2 | kf_connectivity: Wi-Fi Bluetooth 6 USB Type-C, USB 2.0 GPS Infrared | kf_operating_system: Android 16, MagicOS 10 | kf_other_features: Infrared sensor, Ambient light sensor, Digital compass Gravity sensor, Fingerprint sensor IP68, IP69, IP69K Water and dust resistance Comes with Honor Band 10 Smart Watch (Color May Vary)"
7872372508d2,Honor,Honor 400 Pro,38775.0,39399.0,[512.0],[12.0],['5G'],Smart Phones,True,"Network: 5G | Sim Type: Nano-SIM | Port Type: Type C | Display Type: AMOLED | Charging Type: Wired / Wireless | Number of Sim: Dual-SIM | Display Resolution: 1280x2800 | Operating System Type: Android 15 | Water Resistant: Yes | Screen Size: 6.7000 Inch | Front Camera: 50.0000 megapixels | Battery Capacity: 6000 mAh | Connectivity: Wi-Fi, Bluetooth 5.4, GPS, USB Type-C 2.0, OTG | Chipset Manufacturer: Qualcomm Snapdragon | Video Capture Format: 4K, 1080p, gyro-EIS, OIS | Processor Manufacturer: Qualcomm Snapdragon | kf_brand: Honor | kf_model_name: 400 Pro Display 6.7 Inches, AMOLED, 120Hz, 5000 nits 1280 x 2800 | kf_processor: Qualcomm SM8650-AB Snapdragon 8 Gen 3 (4 nm) Rear Camera 200 MP, f/1.9, (wide), 1/1.4"", PDAF, OIS 50 MP, f/2.4, (telephoto), 1/2.0"", 0.8µm, PDAF, OIS, 3x optical zoom 12 MP, f/2.2, 112˚ (ultrawide), AF Features LED flash, HDR, panorama Video 4K, 1080p, gyro-EIS, OIS Front Camera 50 MP, f/2.0, (wide) 2 MP, f/2.4, (depth) Features HDR Video 4K, 1080p, gyro-EIS Battery Capacity 6000 mAh 100W wired, 51% in 15 min, 100% in 39 min, 50W wireless | kf_num_sim_cards: 2 Connectivity Wi-Fi Bluetooth 5.4 Positioning GPS USB Type-C 2.0, OTG Other Features Fingerprint (under display, optical) Dust tight and water resistant"
78793dee0a57,Infinix,Infinix Note 60,19130.0,19250.0,[256.0],[8.0],['5G'],Smart Phones,True,"Network: 5G | Sim Type: Nano-SIM | Port Type: Type C | Display Type: AMOLED | Charging Type: Wired | Number of Sim: Dual-SIM | kf_brand: Infinix | kf_model_name: Note 60 | kf_display: 6.78-inch AMOLED display (1208x2644) 60Hz/90Hz/120Hz/144Hz reresh rate 700 nits (TYP), 1600 nits (HBM Brightness) | kf_processor: MediaTek Dimensity 7400 Ultimate-Octa-core | kf_rear_camera: Main: 50MP, f/1.59, 0.8μm, FOV 78°, AF supported, OIS supported Ultra-wide Angle: 8MP, f/2.2, 1.12 μm, FOV 111.4°, AF supported Rear Flash Video 4K 30FPS/1080P 60FPS/1080P 30FPS/720P 30FPS Slow Motion: 1080P 120FPS | kf_front_camera: 13MP, f/2.2, 1.12 μm, FOV 82° Video  4K 30FPS/1080P 60FPS/1080P 30FPS/720P 30FPS | kf_battery: 6150mAh, charging 45W | kf_num_sim_cards: 2 | kf_connectivity: Wi-Fi Bluetooth 5.4 USB Type-C, OTG GPS | kf_operating_system: XOS 16, Powered by Android 16 | kf_other_features: Display Fingerprint sensor G-sensor, e-compass sensor, gyroscope sensor, light sensor IP64 Water and dust splash resistance"
7922e2b06cf3,Oppo,Oppo A6x,7980.0,8999.0,"[64.0, 128.0]",[4.0],['4G'],Smart Phones,True,"Network: 4G | Sim Type: Nano-SIM | Port Type: Type C | Display Type: LCD | Charging Type: Wired | Number of Sim: Dual-SIM | kf_brand: Oppo | kf_model_name: A6x | kf_display: 6.75 inches, LCD, 120Hz, Ratio: 90.6% Resolution: 1570 × 720 Pixels (HD+), 256 PPI Brightness: 800 nits (Normal), 1125 nits (HBM) Color: 16.7 million colors, Vivid mode: 85% DCI‑P3, Natural mode: 100% sRGB | kf_processor: Qualcomm Snapdragon 685, Octa Core | kf_rear_camera: 13 MP wide-angle, f/2.2, 77° FOV, 4‑piece lens, autofocus QVGA monochrome, f/3.0, 40° FOV, 1‑piece lens Video Recording: 1080p/720p @ 30 fps, 1080p Time-Lapse @ 30 fps Digital Zoom: Up to 10× Shooting Modes: Portrait, Night, Panorama, Time-Lapse, Sticker, Hi‑Res, Google Lens, Pro | kf_front_camera: 5 MP, f/2.2, 77° FOV, 3‑piece lens Video Recording: 1080p/720p @ 30 fps Shooting Modes: Portrait, Night, Panorama, Time-Lapse, Sticker, Retouch, Screen Fill Light, Hi‑Res | kf_battery: Capacity: 6500mAh/25.22Wh reverse wired Video playback: 13.3 h, Gaming: 9.6 h, Standby: 880 h, Calls: 38.2 h | kf_num_sim_cards: Dual SIM (Nano) | kf_connectivity: Wi-Fi 5 (802.11 a/b/g/n/ac), Wi-Fi Display, WLAN Tethering, Bluetooth 5.0, GPS/Beidou/GLONASS/Galileo/QZSS | kf_other_features: Side Fingerprint Facial Recognition IP64 Water & Dust Resistance Sensors: Proximity sensor, Ambient light sensor, E-compass, Accelerometer Model No.: CPH2819"
7a8697dc9164,Xiaomi,Xiaomi Redmi Note 14 Pro Plus,20794.0,20794.0,[256.0],[12.0],['4G'],Smart Phones,True,"Network: 4G | Port Type: Type C | Display Type: AMOLED | Charging Type: Wired | Number of Sim: Dual-SIM | Water Resistant: Yes | kf_brand: Xiaomi | kf_model_name: Redmi Note 14 Pro Plus | kf_display: 6.67 Inch, AMOLED, 68B colors, 120Hz, HDR10+ Dolby Vision, 3000 nits (peak) Corning Gorilla Glass Victus 2, Always-on display (1220 x 2712) | kf_processor: Qualcomm SM7635 Snapdragon 7s Gen 3 (4 nm), Octa-core | kf_rear_camera: Triple Camera 200 MP, f/1.7, 23mm (wide), 1/1.4"", 0.56µm, multi-directional PDAF, OIS 8 MP, f/2.2, 15mm, 120˚ (ultrawide), 1/4.0"", 1.12µm 2 MP, f/2.4, (macro) Features: LED flash, HDR, panorama Video: 4K@24/30fps, 1080p@30/60/120fps, gyro-EIS, OIS | kf_front_camera: 20 MP, f/2.2, 21mm (wide), 1/4.0"", 0.7µm Features: HDR, panorama Video: 1080p@30/60fps | kf_battery: 5110 mAh, 120W | kf_num_sim_cards: Dual SIM | kf_connectivity: Wi-Fi 802.11 a/b/g/n/ac/6/6e, dual-band, Wi-Fi Direct (/6e is market/region dependent) Bluetooth 5.4, A2DP, LE Positioning GPS (L1+L5), GALILEO, GLONASS, QZSS, BDS Infrared port USB Type-C 2.0, OTG | kf_operating_system: Android 14 | kf_other_features: IP68 dust tight and water resistant (immersible up to 1.5m for 30 min) Stereo speakers (with Dolby Atmos) Fingerprint (under display, optical), accelerometer, gyro, compass, proximity"
7b8d84d1cb31,Nothing,Nothing Phone 3A Pro,33999.0,33999.0,[256.0],[12.0],['5G'],Smart Phones,True,"Network: 5G | Sim Type: Nano SIM and eSIM | Port Type: Type C | Display Type: AMOLED | Charging Type: Wired | Number of Sim: Dual-SIM | kf_brand: Nothing | kf_model_name: Phone 3A Pro | kf_display: 6.77-inch AMOLED display 1B colors, 120Hz, 2160Hz PWM, HDR10+ 800 nits (typ), 1300 nits (HBM), 3000 nits (peak) Resolution 1080 x 2392 pixels Ultra HDR image support | kf_processor: Qualcomm SM7635 Snapdragon 7s Gen 3 (4 nm) - Octa-core Rear Camera Triple Camera 50 MP, f/1.9, 24mm (wide), 1/1.56"", 1.0µm, dual pixel PDAF, OIS 50 MP, f/2.6, 70mm (periscope telephoto) (15cm - ∞), 1/1.95"", 0.8µm, PDAF, OIS, 3x optical zoom 8 MP, f/2.2, 15mm, 120˚ (ultrawide), 1/4.0"", 1.12µm Features: LED flash, panorama, HDR Video: 4K@30fps, 1080p@30/60/120fps, gyro-EIS, OIS | kf_front_camera: 50 MP, f/2.2, 24mm (wide), 1/2.76"" Video: 4K@30fps, 1080p@30fps | kf_battery: 5000 mAh Battery capacity Charging: 50 watts wired, 50% in 19 min, 100% in 56 min | kf_num_sim_cards: Dual SIM | kf_connectivity: Wi-Fi, Bluetooth 5.4, USB-C 2.0, OTG Positioning: GPS, GALILEO, GLONASS, BDS, QZSS | kf_other_features: Fingerprint (under display, optical), accelerometer, gyro, proximity, compass sensors IP64 dust-tight and water-resistant 3 LED light strips on the back With stereo speakers"
7e68e2110994,Vivo,Vivo Y19S Pro,12450.0,12450.0,[128.0],[6.0],['4G LTE'],Smart Phones,True,"Network: 4G LTE | Sim Type: Nano-SIM | Port Type: Type C | Display Type: IPS LCD | Number of Sim: Dual-SIM | Water Resistant: Yes | kf_brand: Vivo | kf_model_name: Y19S Pro Display 6.68 Inch, IPS LCD, 90Hz Brightness: 1000 nits (HBM) Resolution: 720 × 1608 Processor Unisoc Tiger T612 (12nm), Octa-core Rear Camera 50MP, f/1.8, (wide), 1/1.95"", 0.8µm, PDAF Auxiliary lens Features: Ring-LED flash, Panorama Video: 1080p@30fps Front Camera 5MP, f/2.2, Video option Battery Capacity 6000mAh, 44 Watt 40% in 30 min, Reverse wired charging | kf_num_sim_cards: Dual SIM Connectivity Wi-Fi 802.11 a/b/g/n/ac, dual-band Bluetooth 5.2, GPS, FM Radio USB Type-C 2.0, OTG 3.5mm audio jack Other Features IP64 dust tight and water resistant (water splashes) Fingerprint sensor, Dual speakers Accelerometer, Proximity sensor, Compass"
81660a9fd760,Tecno,Tecno Camon 40,12111.0,12550.0,[256.0],[8.0],['4G'],Smart Phones,True,"Network: 4G | Sim Type: Nano-SIM | Port Type: Type C | Display Type: AMOLED | Charging Type: Wired | Version: Middle East Version | kf_brand: Tecno | kf_model_name: Camon 40 | kf_display: 6.78 inch, AMOLED, 120Hz, (1080 x 2436) | kf_processor: Mediatek Helio G100 Ultimate (6 nm) Octa-core | kf_rear_camera: 50 MP, f/1.9, 23mm (wide), 1/1.56"", 1.0µm, PDAF, OIS 8 MP, (ultrawide) Dual-LED flash, HDR, panorama | kf_front_camera: 32 MP, (wide) | kf_battery: 5200 mAh, 45W wired, 50% in 23 min, 100% in 43 min | kf_num_sim_cards: 2 | kf_connectivity: Bluetooth Wifi GPS Infrared port FM radio USB Type-C, OTG | kf_operating_system: Android 15, up to 3 major Android upgrades, HIOS 15 | kf_other_features: IP66 dust-tight and water-resistant Fingerprint (under display, optical) Accelerometer, gyro, proximity, compass sensors"
82d2ba2db737,Oppo,Oppo Reno 15 F,22900.0,32000.0,[256.0],"[8.0, 12.0]",['5G'],Smart Phones,True,"Network: 5G | Sim Type: Nano-SIM and Nano-USIM | Port Type: Type C | Display Type: OLED | Charging Type: Wired | Number of Sim: Dual-SIM | Display Resolution: 2372x1080 | Operating System Type: ColorOS 16.0 | Water Resistant: Yes | Screen Size: 6.5700 Inch | Front Camera: 50.0000 megapixels | Primary Camera: 50.0000 megapixels | Battery Capacity: 7000 mAh | Connectivity: Wi-Fi 5 (802.11ac) 802.11a/b/g/n, Wi-Fi Display, WLAN Tethering, Bluetooth 5.1, Low Energy, USB Type-C, GPS, GLONASS, Beidou, Galileo, QZSS | Chipset Manufacturer: Qualcomm Snapdragon 6 Gen 1 Mobile Platform, Octa Core | Video Capture Format: 4K video: 30fps | Processor Manufacturer: Qualcomm Snapdragon 6 Gen 1 Mobile Platform, Octa Core | Audio Jack Type: Type-C | Gift: with Oppo Enco Buds 3, IP55 Water Resistance, Snow White - ETEG1 | kf_brand: Oppo | kf_model_name: Reno 15 F | kf_display: 6.57 inch, FHD+ (2372x1080), 397 PPI Refresh Rate: 120Hz Touch Sampling Rate: Max: 240Hz, Default: 120Hz Colour Depth: 1.07 billion colours (10-bit) Normal brightness: 600nits (Typical) HBM: 1400nits (Typical) Corning Gorilla Glass+AMOLED | kf_processor: Qualcomm Snapdragon 6 Gen 1 Mobile Platform, Octa Core | kf_rear_camera: Ultra-wide angle: 8MP; f/2.2; FOV 112°; 5P lens Wide angle: 50MP; f/1.8; FOV 79°; 5P lens; AF supported; 2-axis OIS Macro: 2MP; f/2.4; FOV 89°; 3P lens Shooting Mode: Portrait, Night, Panorama, SLO-MO, Dual-view video, TIME-LAPSE Video: 4K video: 30fps | kf_front_camera: 50MP; f/2.0; FOV 100°; 5P lens; AF supported Shooting Mode: Portrait, Night, Panorama, Dual-view video, TIME-LAPSE Video: 4K video: 30fps | kf_battery: 7000mAh/27.44Wh, 80W SUPERVOOC | kf_num_sim_cards: Dual SIM | kf_connectivity: Wi-Fi 5 (802.11ac) 802.11a/b/g/n Wi-Fi Display, WLAN Tethering Bluetooth 5.1, Low Energy USB Type-C GPS, GLONASS, Beidou, Galileo, QZSS | kf_operating_system: ColorOS 16.0 | kf_other_features: Fingerprint, Facial Recognition Proximity sensor, Ambient light sensor Color temperature sensor, E-compass Accelerometer, Gyroscope IP69 Water and Dust resistance"
845c47f8af8c,Infinix,Infinix Note 60 Pro,26666.0,28199.0,[256.0],[12.0],['4G'],Smart Phones,True,"Network: 4G | Sim Type: Nano-SIM | Port Type: Type C | Display Type: AMOLED | Charging Type: Wired / Wireless | Number of Sim: Dual-SIM | Display Resolution: 1208 × 2644 | Operating System Type: Android 16 | Screen Size: 6.7800 Inch | Front Camera: 13.0000 megapixels | Primary Camera: 50.0000 megapixels | Battery Capacity: 6000 mAh | Connectivity: Wi-Fi - Bluetooth 5.4 - GPS - Infrared port - USB Type-C 2.0, OTG - FM radio | Chipset Manufacturer: Qualcomm Snapdragon | Video Capture Format: 4K@30fps, 1080p@30/60/120fps | Processor Manufacturer: Qualcomm SM7635-AC Snapdragon 7s Gen 4 | kf_brand: Infinix | kf_model_name: Note 60 Pro | kf_display: 6.78 inches, (1208 x 2644)  AMOLED, 144Hz, 700 nits (typ), 1600 nits (HBM), 4500 nits (peak) | kf_processor: Qualcomm SM7635-AC Snapdragon 7s Gen 4 (4 nm)-Octa Core | kf_rear_camera: 50 MP, f/1.6, 27mm (wide), 1/1.95"", 0.8µm, PDAF (9cm - ∞), OIS 8 MP, f/2.2, 15mm, 112˚ (ultrawide), 1/4.0"", 1.12µm Video Resolutions 4K@30fps, 1080p@30/60/120fps | kf_front_camera: 13 MP, f/2.2, 24mm (wide), 1/3.1"", 1.12µm | kf_battery: 6000 mAh 90W wired, 50% in 14 min, 100% in 35 min 30W wireless 7.5W reverse wired 5W reverse wireless | kf_num_sim_cards: 2 | kf_connectivity: Wi-Fi Bluetooth 5.4 GPS Infrared port USB Type-C 2.0, OTG FM radio | kf_operating_system: Android 16 | kf_other_features: Fingerprint (under display, optical) Accelerometer, gyro, proximity, compass, heart rate, SpO2 Sensors"
8483fb6b44a3,Oppo,Oppo A5i Pro,17472.0,19270.0,[256.0],[8.0],['5G'],Smart Phones,True,"Network: 5G | Sim Type: Nano-SIM | Port Type: Type C | Display Type: IPS LCD | Charging Type: Wired | Number of Sim: Dual-SIM | kf_brand: Oppo | kf_model_name: A5i Pro | kf_display: 6.67-inch HD+ IPS LCD Display (720 x 1604 ) 90Hz Refresh Rate, 1000nits | kf_processor: Qualcomm Snapdragon 6s 4G Gen 1 (11 nm), Octa-Core | kf_rear_camera: 50 MP (f/1.85 Aperture, Autofocus) LED Flash Up to 1080p video recording | kf_front_camera: 5 MP (f/2.2 Aperture) Up to 1080p video recording | kf_battery: 6000 mAh, 45W Fast charging | kf_num_sim_cards: 2 | kf_connectivity: Wifi USB Type-C Bluetooth 5 GPS Infrared | kf_operating_system: Android 15 with ColorOS 15.0 | kf_other_features: Glass front, Plastic back IP65 dust and  water resistance MIL-STD 810H shock resistance Compass, Ambient Light Sensor, Proximity Sensor, Accelerometer sensors Face ID and  Fingerprint Sensor (side-mounted)"
8767d07aec6d,Apple,Apple iPhone 15 Pro Max,57099.0,67199.0,"[256.0, 512.0]","[6.0, 8.0]",['5G'],Re-furbished Mobiles,True,"Network: 5G | Sim Type: Nano SIM and eSIM | Port Type: Type C | Display Type: LTPO Super Retina XDR OLED | Charging Type: Wired / Wireless | Number of Sim: Single SIM | kf_brand: Apple | kf_model_name: iPhone 15 Pro Max | kf_display: 6.7 inches, LTPO Super Retina XDR OLED, 120Hz, HDR10, Dolby Vision, 1290 x 2796 pixels | kf_processor: Apple A17 Pro (3 nm), Hexa-core (2x3.78 GHz + 4x2.11 GHz) | kf_rear_camera: Triple camera: 48 MP, f/1.8, 24mm (wide), 1/1.28"", 1.22µm, dual pixel PDAF, sensor-shift OIS 12 MP, f/2.8, 120mm (periscope telephoto), 1/3.06"", 1.12µm, dual pixel PDAF, 3D sensor-shift OIS, 5x optical zoom 12 MP, f/2.2, 13mm, 120˚ (ultrawide), 1/2.55"", 1.4µm, dual pixel PDAF TOF 3D LiDAR scanner (depth) Features: Dual-LED dual-tone flash, HDR (photo/panorama) Video: 4K@24/25/30/60fps, 1080p@25/30/60/120/240fps, 10-bit HDR, Dolby Vision HDR (up to 60fps), ProRes, 3D (spatial) video, stereo sound recording | kf_front_camera: Single: 12 MP, f/1.9, 23mm (wide), 1/3.6"", PDAF, OIS SL 3D (depth/biometrics sensor) Features: HDR, Dolby Vision HDR Video: 4K@24/25/30/60fps, 1080p@25/30/60/120fps, gyro-EIS | kf_connectivity: Wi-Fi, Bluetooth 5.3 USB Type-C 3.2 Gen 2, DisplayPort GPS | kf_other_features: Face ID, accelerometer, gyro, proximity, compass, barometer sensors IP68 dust tight and water resistant (immersible up to 6m for 30 min) | kf_sim_type: Single SIM and eSIM"
891a0af4bc2b,Oppo,Oppo Reno 15F,23999.0,23999.0,[256.0],[8.0],['5G'],Smart Phones,True,"Network: 5G | Sim Type: Nano-SIM | Port Type: Type C | Display Type: AMOLED | Charging Type: Wired | Number of Sim: Dual-SIM | kf_brand: OPPO | kf_model_name: Reno 15F | kf_display: 6.57-Inch AMOLED display Resolution: 1080 × 2372 pixels 120Hz Refresh rate Brightness: 600 nits (typ), 1400 nits (HBM) | kf_processor: Qualcomm SM6450 Snapdragon 6 Gen 1 (4 nm) - Octa Core | kf_rear_camera: Triple Camera 50 MP, f/1.8, 26mm (wide), 1/1.95"", 0.8µm, PDAF, OIS 8 MP, f/2.2, 16mm, 112˚ (ultrawide), 1/4.0"", 1.12µm 2 MP, (macro) Color spectrum sensor LED flash, HDR Panorama Ring LED flash (Afterglow Pink model only) Video Resolutions: 4K@30/60fps, 1080p@30/60/120fps, gyro-EIS, OIS | kf_front_camera: 50 MP, f/2.0, 100˚, 18mm (ultrawide), AF Panorama | kf_battery: 7000 mAh Si/C Li-Ion battery 80W wired, 55W PPS, 13.5W PD/QC 100% in 64 min Reverse wired | kf_num_sim_cards: Dual SIM | kf_connectivity: WiFi, Bluetooth 5.1, USB-C, OTG Positioning: GPS, GLONASS, GALILEO, BDS, QZSS | kf_operating_system: Android 16, ColorOS 16 | kf_other_features: Sensors: Fingerprint (under display, optical), accelerometer, gyro, proximity, compass"
8b4d72459682,Oppo,Oppo Reno 15 Pro,38799.0,51000.0,[512.0],[12.0],['5G'],Smart Phones,True,"Network: 5G | Sim Type: Nano-SIM and Nano-USIM | Port Type: Type C | Display Type: OLED | Charging Type: Wired | Number of Sim: Dual-SIM | Display Resolution: 2640x1216 | Operating System Type: ColorOS 16.0 | Water Resistant: Yes | Screen Size: 6.3200 Inch | Front Camera: 50.0000 megapixels | Primary Camera: 200.0000 megapixels | Battery Capacity: 6200 mAh | Connectivity: Wi-Fi 6 (802.11ax) 802.11a/b/g/n, WLAN Display, WLAN tethering, Bluetooth 5.4, Low Energy, BLE Audio, USB Type-C, GPS, GLONASS, BDS, Galileo, QZSS | Chipset Manufacturer: MediaTek Dimensity 8450, Octa Core | Video Capture Format: 4K video: 60fps, 30fps | Processor Manufacturer: MediaTek Dimensity 8450, Octa Core | Audio Jack Type: Type-C | Zoom Capability: 3.5x optical zoom and 18x digital zoom | kf_brand: Oppo | kf_model_name: Reno 15 Pro | kf_display: 6.32 inch, FHD+, (2640x1216), 460 PPI Refresh Rate: 120Hz Touch Sampling Rate: Max: 240Hz, Default: 120Hz 1.07 billion colors (10 bits) Normal brightness: 600nits (Typical) HBM: 1800nits (Typical) Corning Gorilla Glass 7i+AMOLED | kf_processor: MediaTek Dimensity 8450, Octa Core | kf_rear_camera: Ultra-wide angle: 50MP; f/2.0; FOV 116°; 6P lens; AF supported Wide angle: 200MP; f/1.8; FOV 84°; 6P lens; AF supported; Supports 2-axis OIS Telephoto: 50MP; f/2.8; FOV 30°; 4P lens; AF supported; Supports 2-axis OIS Shooting Mode: Portrait, Night, PRO, Panorama, SLO-MO, Dual-view video, TIME-LAPSE Video: 4K video: 60fps, 30fps Video zoom shooting: 3.5x optical zoom and 18x digital zoom | kf_front_camera: 50MP; f/2.0; FOV 100°; 5P lens; AF supported Shooting Mode: Portrait, Night, Panorama, Dual-view video, TIME-LAPSE Video: 4K video: 60fps, 30fps | kf_battery: 6200mAh/24.31Wh, 80W SUPERVOOC | kf_num_sim_cards: Dual SIM | kf_connectivity: Wi-Fi 6 (802.11ax) 802.11a/b/g/n WLAN Display, WLAN tethering Bluetooth 5.4, Low Energy, BLE Audio USB Type-C GPS, GLONASS, BDS, Galileo, QZSS | kf_operating_system: ColorOS 16.0 | kf_other_features: Fingerprint, Facial Recognition Proximity sensor, Ambient light sensor E-compass, Accelerometer, Gyroscope Infrared remote control IP69 Water and dust resistance"
8c24402d0b86,Realme,Realme C71,8175.0,9533.0,"[128.0, 256.0]","[4.0, 6.0]",['4G'],Smart Phones,True,"Network: 4G | Sim Type: Nano-SIM | Port Type: Type C | Display Type: HD+ | Charging Type: Wired | Number of Sim: Dual-SIM | kf_brand: Realme | kf_model_name: C71 | kf_display: 6.67-inch Resolution HD+ (1604×720) Refresh rate Up 120Hz Brightness 725 nit | kf_processor: UNISOC T7250 12nm Process, 8 Cores | kf_rear_camera: 50MP AI Camera, Resolution 8192x6144, Equivalent Focal Length 27mm, FOV75.5°, Aperture f/1.8, Lens 5P Video Recording 1080P@30 fps, 720P@30 fps Support video zoom shooting | kf_front_camera: 5MP, FOV: 78°, Aperture f/2.2, Lens 3P, Sensor size 1/5” Video Recording 720P@30 fps | kf_battery: 6300mAh (typ) Massive Battery 6235mAh (min) Battery Capacity Includes an 45W Charging Adapter | kf_num_sim_cards: 2 | kf_connectivity: Wi-Fi, Bluetooth 5.2, GPS, USB Type-C | kf_other_features: Geomagnetic, proximity, light, acceleration"
8cc1d54aa3e6,Xiaomi,Xiaomi Note 14,8833.0,9787.0,"[128.0, 256.0]",[8.0],['4G'],Smart Phones,True,"Network: 4G | Port Type: Type C | Display Type: AMOLED | Charging Type: Wired | Number of Sim: Dual-SIM | Water Resistant: Yes | kf_display: 2400 × 1080 Rear Camera Triple Camera 108MP, f/1.7, 1/1.67”, 0.64μm, 9in1 1.92μm 2 MP, f/2.4, (depth) 2 MP, f/2.4, (macro) | kf_video: 1080p@30/60fps, 720p@30fps Front Camera 20MP, f/2.2, 1/4"", 4P 1080p@30fps, 720p@30fps Processor Helio G99-Ultra 6nm - Octa Core Battery 5500mAh Battery capacity 33 Watt fast charging Number of SIM cards Dual SIM Connectivity WiFi, Bluetooth 5.3, USB-C, GPS, GLONASS, BDS, Galileo, Fingerprint"
8f3ff55326e3,Xiaomi,Xiaomi Redmi 15C,8354.0,9110.0,"[128.0, 256.0]","[6.0, 8.0]",['4G LTE'],Smart Phones,True,"Network: 4G LTE | Sim Type: Nano-SIM | Port Type: Type C | Display Type: IPS LCD | Number of Sim: Dual-SIM | Display Resolution: 720x1600 | Operating System Type: Android 15 | Water Resistant: Yes | Screen Size: 6.9000 Inch | Front Camera: 8.0000 megapixels | Primary Camera: 50.0000 megapixels | Battery Capacity: 6000 mAh | Connectivity: Bluetooth 5.4, USB Type-C 2.0 OTG, FM radio, Wi-Fi, GPS | Chipset Manufacturer: MediaTek | Video Capture Format: 1080p@30fps | Processor Manufacturer: MediaTek Helio G81 Ultra (12nm), Octa-core | kf_brand: Xiaomi | kf_model_name: Redmi 15C | kf_display: 6.9 Inch, IPS LCD, 120Hz refresh rate 720 × 1600 pixels | kf_processor: MediaTek Helio G81 Ultra (12nm), Octa-core | kf_rear_camera: 50 MP, f/1.8, 28mm (wide), 1/2.76"", 0.64µm, PDAF QVGA, f/3.0 LED flash, HDR Video 1080p@30fps | kf_front_camera: 8 MP, f/2.0, (wide), 1/4.0"", 1.12µm HDR Video 1080p@30fps | kf_battery: 6000 mAh, 33W wired charging | kf_num_sim_cards: Dual SIM | kf_connectivity: Bluetooth 5.4 USB Type-C 2.0, OTG FM radio Wi-Fi GPS | kf_other_features: Side-mounted fingerprint sensor IP64 dust and water resistance"
91c43b49677d,Itel,Itel it2160 Dual-SIM,725.0,725.0,[],[],[],Feature Phones,True,"Network: 2G | Charging Type: Wired | Number of Sim: Dual-SIM | Display Resolution: 128x160 | Screen Size: 1.7000 Inch | Connectivity: FM radio, USB port | kf_display: 1.7-inch screen | kf_rear_camera: 1.3MP rear camera | kf_battery: 1000mAh battery capacity | kf_num_sim_cards: Dual SIM | kf_connectivity: FM radio, USB port | kf_memory: 512MB internal storage, 256MB RAM"
9331ddd7be2f,Infinix,Infinix Hot 60,8499.0,8919.0,[128.0],[6.0],['5G'],Smart Phones,True,"Network: 5G | Sim Type: Nano-SIM | Port Type: Type C | Display Type: IPS LCD | Charging Type: Wired | Display Resolution: 720x1600 | kf_brand: Infinix | kf_model_name: Hot 60 | kf_display: 6.7 Inch HD+ (720x1600) Refresh Rate: 60Hz/90Hz/120Hz IPS LCD Brightness: 560 nits (TYP), 700 nits (HBM) Touch Sampling Rate: Up to 240Hz Always-On Display | kf_processor: MediaTek Dimensity 7060, 6nm | kf_rear_camera: Dual Camera 50MP, f/1.6, FOV 77.3°, AF supported Rear Dual Flash Vlog, Video, AI Cam, Portrait, Super Night Video Recording: 2K 30FPS | kf_front_camera: 8MP, f/2.0, FOV 77.8° Front Flash Vlog, Video, AI Cam, Portrait, Super Night Video Recording: 2K 30FPS | kf_battery: 5200mAh, 18W Reverse charging: Max 10W | kf_num_sim_cards: Dual SIM | kf_connectivity: GPS, Wi-Fi 802.11 (a/b/g/n/ac) Bluetooth 5.4 USB TYPE-C, OTG Earphone 3.5 Jack, FM | kf_operating_system: XOS 15, Android 15 | kf_other_features: IP64 Splash, water and dust resistance G-sensor, E-Compass Gyroscope, Proximity sensor Side-Fingerprint, Infrared blaster"
9399f9c3c398,Vivo,Vivo V70,37199.0,37199.0,[256.0],[12.0],['5G'],Smart Phones,True,"Network: 5G | Sim Type: Nano-SIM | Port Type: Type C | Display Type: AMOLED | Charging Type: Wired | Number of Sim: Dual-SIM | kf_brand: Vivo | kf_model_name: V70 | kf_display: 6.59 inch AMOLED Display 1B colors, HDR10+, 120Hz, 1800 nits (HBM), 5000 nits (peak) 1260 x 2750 pixels | kf_processor: Qualcomm SM7750-AB Snapdragon 7 Gen 4 (4 nm)-Octa-core | kf_rear_camera: 50 MP, f/1.9, 23mm (wide), 1/1.56"", 1.0µm, PDAF, OIS 50 MP, f/2.7, 73mm (periscope telephoto), 1/1.95"", 0.8µm, PDAF, OIS, 3x optical zoom 8 MP, f/2.2, 15mm, 115˚ (ultrawide) Zeiss optics, Ring-LED flash, panorama, HDR Video 4K@30/60fps, 1080p@30/60fps, gyro-EIS, OIS, HDR, LUT | kf_front_camera: 50 MP, f/2.0, 21mm (wide), 1/2.76"", 0.64µm, AF Zeiss optics, HDR Video 4K@30fps, 1080p@30/60fps | kf_battery: 6500 mAh, 90W wired | kf_num_sim_cards: 2 | kf_connectivity: Wifi Bluetooth 5.4 GPS Infrared port USB Type-C 2.0, OTG | kf_operating_system: Android 16, up to 4 major Android upgrades, OriginOS 6 | kf_other_features: Fingerprint (under display, ultrasonic), accelerometer, gyro, compass, proximity sensors IP68/IP69 dust-tight and water-resistant"
939e98352851,Oppo,Oppo A16,7260.0,7260.0,[64.0],[4.0],['4G LTE'],Smart Phones,True,"Network: 4G LTE | Sim Type: Nano-SIM | Port Type: Type C | Display Type: IPS LCD | Charging Type: Wired | Number of Sim: Dual-SIM | kf_brand: Oppo | kf_model_name: A1 | kf_display: 6.5-inch IPS LCD HD+ (720 x 1600) Eye-Care Display | kf_processor: MediaTek Helio G35 octa-core | kf_rear_camera: 13MP, f/2.2, 26mm (wide lens) 2 MP, f/2.4, (macro lens) 2 MP, f/2.4, (depth lens) | kf_front_camera: 8MP, f/2.0, (wide) | kf_battery: 5000mAh | kf_connectivity: Wi-Fi, GPS, Bluetooth 5.0, Type-C USB, Side-mounted fingerprint"
93ee4e1b16cf,Infinix,Infinix Note 50S,15150.0,15150.0,[256.0],[8.0],['5G'],Smart Phones,True,"Network: 5G | Sim Type: Nano-SIM | Port Type: Type C | Display Type: AMOLED | Charging Type: Wired | Number of Sim: Dual-SIM | kf_brand: Infinix | kf_model_name: Note 50S (5G) Display 6.78 Inch, AMOLED, 144Hz, 1300 nits (peak) Resolutions: (1080 x 2436) Protection: Corning Gorilla Glass 5 | kf_processor: Mediatek Dimensity 7300 Ultimate (4 nm), Octa-core | kf_rear_camera: Dual Camera 64 MP, f/1.8, (wide), PDAF 2 MP Features: Dual-LED flash, HDR, panorama Video: 4K@30fps, 1080p@30fps Front Camera 13 MP, f/2.2, (wide) Video: 4K@30fps, 1080p@30fps | kf_battery: 5200 mAh, 45W wired 10W reverse wired, bypass charging | kf_num_sim_cards: Dual SIM (Nano SIM) Connectivity Wi-Fi 802.11 a/b/g/n/ac/6, dual-band Bluetooth 5.4 GPS USB Type-C 2.0, OTG Other Features IP64 dust and splash resistant RGB notification light Stereo speakers (tuned by JBL) Hi-Res audio (24-bit/192kHz) Fingerprint (under display) Sensors: accelerometer, gyro, proximity, compass"
93ee4e1b16cf,Infinix,Infinix Note 50s,15222.0,15645.0,[256.0],[8.0],['5G'],Smart Phones,True,"Network: 5G | Sim Type: Nano-SIM | Port Type: Type C | Display Type: AMOLED | Number of Sim: Dual-SIM | Water Resistant: Yes | kf_brand: Infinix | kf_model_name: Note 50s Display 6.78 inch AMOLED, 1300 nits 1080 x 2436, 144Hz, 2304Hz PWM Processor Mediatek Dimensity 7300 Ultimate (4 nm) Octa-cor Rear Camera 64 MP, f/1.8, (wide), 1/1.73"", 0.8µm, PDAF 2 MP Dual-LED flash, HDR, panorama Video 4K@30fps, 1080p@30fps Front Camera 13 MP, f/2.2, (wide) Video 4K@30fps, 1080p@30fps | kf_battery: 5500 mAh, 45W wired, 100% in 60 min, 10W reverse wired | kf_num_sim_cards: Dual SIM Connectivity Bluetooth 5.4 USB Type-C 2.0-OTG GPS Infrared port Wi-Fi Other Features Fingerprint (side-mounted) Accelerometer, Gyro, Proximity, Compass Sensors IP64 dust-tight and water-resistant"
93f23e4f2096,Motorola,Motorola Edge 60 Fusion,16799.0,17999.0,[256.0],[12.0],['5G'],Smart Phones,True,"Network: 5G | Sim Type: Nano-SIM | Port Type: Type C | Display Type: P-OLED | Charging Type: Wired | Number of Sim: Dual-SIM | kf_brand: Motorola | kf_model_name: Edge 60 Fusion | kf_display: 6.67 inches P-OLED, 120Hz HDR10+, 1220 x 2712 pixels | kf_processor: MediaTek Dimensity 7300 (4 nm) - Octa Core | kf_rear_camera: 50 MP, f/1.9, (wide), 1/1.56"", 1.0µm, multi-directional PDAF, OIS 13 MP, f/2.2, 120˚ (ultrawide), 1/3.0"", 1.12µm, AF LED flash, HDR, panorama Video 4K@30fps, 1080p@30/60/120/240fps, gyro-EIS | kf_front_camera: 32 MP, f/2.2, (wide), 1/3.14"", 0.7µm HDR Video 4K@30fps, 1080p@30fps, gyro-EIS | kf_battery: 5200 mAh, 68W wired | kf_num_sim_cards: Dual SIM | kf_connectivity: Wi-Fi Bluetooth 5.4 USB Type-C 2.0 GPS | kf_other_features: Fingerprint Stereo Speakers with Dolby Atmos"
94e302f88452,Apple,Apple iPhone 16 Pro,68100.0,68100.0,[128.0],[8.0],['5G'],Re-furbished Mobiles,True,"Network: 5G | Sim Type: Nano SIM and eSIM | Port Type: Type C | Display Type: Super Retina XDR OLED | Charging Type: Wired / Wireless | Number of Sim: Single SIM | kf_brand: Apple | kf_model_name: iPhone 16 Pro Display 6.3 inches, Super Retina XDR OLED 2622 × 1206 pixels, 120Hz | kf_processor: Apple A18 Pro - 6 Cores | kf_rear_camera: 48MP Wide, 2MP (telephoto), and 48MP (ultrawide) | kf_front_camera: 12MP Battery Capacity Supports fast charging (20W wired) MagSafe wireless charging (15W) | kf_num_sim_cards: Single SIM Connectivity WiFi, Bluetooth, USB Type-C 3.2 Gen 2, DisplayPort"
956abacf85ad,Infinix,Infinix Hot 60 Pro Plus,11999.0,12888.0,[256.0],[8.0],['4G'],Smart Phones,True,"Network: 4G | Sim Type: Nano-SIM | Port Type: Type C | Display Type: AMOLED | Charging Type: Wired | Number of Sim: Dual-SIM | Display Resolution: 1224x2720 | Operating System Type: Android 15 | Water Resistant: Yes | Screen Size: 6.7800 Inch | Front Camera: 13.0000 megapixels | Primary Camera: 50.0000 megapixels | Battery Capacity: 5160 mAh | Connectivity: Bluetooth 5.4, Wifi, GPS, FM radio, Infrared port, USB Type-C 2.0, OTG | Chipset Manufacturer: MediaTek Helio G200 (6nm), Octa-core | Video Capture Format: 1440p@30fps, 1080p@30/60fps | Processor Manufacturer: MediaTek Helio G200 (6nm), Octa-core | kf_brand: Infinix | kf_model_name: Hot 60 Pro Plus | kf_display: 6.78-inch AMOLED display, 144Hz refresh rate (1224 x 2720 ) pixels, 700 nits (typ), 1600 nits (HBM), 4500 nits (peak) | kf_processor: MediaTek Helio G200 (6nm), Octa-core | kf_rear_camera: 50 MP, 26mm (wide), 1/1.95"", 0.8µm, PDAF Auxiliary lens Dual-LED flash, HDR, panorama Video 1440p@30fps, 1080p@30/60fps | kf_front_camera: 13 MP, f/2.0, 22mm (wide) Dual-LED flash Video 1440p@30fps, 1080p@30/60fps | kf_battery: 5160 mAh, 45W fast charging 50% in 22 minutes | kf_num_sim_cards: Dual | kf_connectivity: Bluetooth 5.4, USB Type-C 2.0 (OTG), Infrared port, FM Radio, Wifi | kf_other_features: Fingerprint sensor IP65 water and dust resistance"
95d9b4f690d8,Oppo,Oppo A16K,5125.0,5138.0,[32.0],[3.0],['4G LTE'],Smart Phones,True,"Network: 4G LTE | Sim Type: Nano-SIM | Port Type: micro USB | Display Type: IPS LCD | Charging Type: Wired | Number of Sim: Dual-SIM | kf_brand: Oppo | kf_model_name: A16K | kf_display: 6.52-inch (720 x 1600) IPS LCD touchscreen | kf_processor: MediaTek MT6765G Helio G35 octa-core | kf_rear_camera: 13MP, f/2.2, 26mm (wide) | kf_front_camera: 5 MP, f/2.4, 27mm (wide) | kf_battery: 4230mAh | kf_num_sim_cards: Dual sim | kf_connectivity: Bluetooth 5.0, Wi-Fi, GPS, microUSB 2.0 | kf_operating_system: Android 11"
96ad16954c3b,Samsung,Samsung B310E Dual-SIM,860.0,870.0,[],[],[],Feature Phones,True,"Network: 2G | Display Type: TFT | Charging Type: Wired | Number of Sim: Dual-SIM | Display Resolution: 128x160 | Screen Size: 2.0000 Inch | Battery Capacity: 800 mAh | Connectivity: Bluetooth, Wi-Fi, USB | Band Technology: GSM | Memory Storage: 512 MB | kf_brand: Samsung | kf_model_name: B310E | kf_display: 2 Inch, TFT, (128 x 160) | kf_battery: 800 mAh | kf_connectivity: Bluetooth, Wi-Fi, USB | kf_memory: Internal: 512MB"
9969a43961f1,Nokia,Nokia 110 (2023) Dual-SIM,1399.0,1399.0,[],[],[],Feature Phones,True,"Network: 2G | Display Type: TFT LCD | Charging Type: Wired | Number of Sim: Dual-SIM | Display Resolution: 120x160 | Screen Size: 1.8000 Inch | kf_brand: Nokia | kf_model_name: 110 (2023) | kf_display: 1.8 inches, TFT LCD, 65K colors, (120 x 160 pixels) | kf_rear_camera: QVGA rear camera | kf_battery: 1000mAh | kf_num_sim_cards: Dual SIM | kf_connectivity: Wireless FM radio, microUSB 1.1 | kf_memory: microSDHC"
9ab7e621e33a,Infinix,Infinix Hot 70,8599.0,14644.0,"[128.0, 256.0]","[4.0, 6.0, 8.0]",['4G LTE'],Smart Phones,True,"Network: 4G LTE | Sim Type: Nano-SIM | Port Type: Type C | Display Type: IPS LCD | Charging Type: Wired | Number of Sim: Dual-SIM | Display Resolution: 720 x 1576 | Operating System Type: XOS 16 | Water Resistant: Yes | Screen Size: 6.7800 Inch | Front Camera: 8.0000 megapixels | Primary Camera: 50.0000 megapixels | Battery Capacity: 6000 mAh | Connectivity: Wi-Fi, Bluetooth 5.4, GPS, USB Type-C 2.0, OTG, FM radio, Infrared port | Chipset Manufacturer: Mediatek Helio G100 Ultimate (6 nm) | Video Capture Format: 1440p@30fps, 1080p@30fps | Processor Manufacturer: Mediatek | Audio Jack Type: 3.5 mm | Memory Card Slot: Yes | kf_brand: Infinix | kf_model_name: Hot 70 | kf_display: 6.78-inch IPS LCD with 720 × 1576 resolution Up to 120Hz refresh rate Up to 700 nits brightness | kf_processor: Mediatek Helio G100 Ultimate (6 nm) - Octa-core | kf_rear_camera: 50 MP, f/1.9, (wide), AF Auxiliary lens Features: Dual-LED flash, HDR, panorama Video: 1440p@30fps, 1080p@30fps | kf_front_camera: 8 MP, f/2.0, (wide) Features: Dual-LED flash Video: 1440p@30fps, 1080p@30fps | kf_battery: 6000 mAh Charging: 45W wired, 50% in 25 min 10W reverse wired, Bypass charging | kf_num_sim_cards: Dual SIM, | kf_connectivity: Wi-Fi,  Bluetooth 5.4, GPS Infrared port, FM radio USB Type-C 2.0, OTG, 3.5mm jack | kf_operating_system: XOS 16 by Android 16 | kf_other_features: Stereo speakers Fingerprint (side-mounted), accelerometer, gyro, proximity, compass sensors IP65 Dust tight and water resistant"
9b97d37754c3,Motorola,Motorola Edge 50 Fusion,16689.0,16689.0,[512.0],[12.0],['5G'],Smart Phones,True,"Network: 5G | Sim Type: Nano-SIM | Port Type: Type C | Display Type: pOLED | Charging Type: Wired | Number of Sim: Dual-SIM | kf_brand: Motorola | kf_model_name: Edge 50 Fusion | kf_display: • 6.7 Inches, pOLED, 120Hz, 1600 nits • FHD+ Resolution (2400 × 1080) | kf_processor: Qualcomm Snapdragon 7s Gen 2 | kf_rear_camera: • Dual Camera • 50 MP, f/1.88 (Wide) with Ultra Pixel Technology • 13 MP, f/2.2 (Ultra-Wide), OIS | kf_front_camera: • 32 MP, f/2.45 with Quad Pixel Technology • Video: UHD@30fps | kf_battery: 5000 mAh | kf_num_sim_cards: 2 | kf_connectivity: • Wi-Fi • Marshmallow Bluetooth 5.2 • Positioning GPS | kf_other_features: Portrait, Dual Capture, Night Vision Portrait, Photo Booth, Dual Capture • On-screen fingerprint reader • Face unlock feature | kf_video: FHD@30/60fps, UHD@30fps FHD@120fps, HD@240fps"
9e467eafb012,Tecno,Tecno Spark 30 KL6,8777.0,8777.0,[256.0],[8.0],['4G'],Smart Phones,True,"Network: 4G | Port Type: Type C | Charging Type: Wired | Number of Sim: Dual-SIM | Display Resolution: 2460x1080 | Water Resistant: Yes | kf_brand: Tecno | kf_model_name: Spark 30 KL6 | kf_display: 6.78 Inch, FHD+, 90Hz (1080x2460) | kf_processor: MediaTek Helio G91 | kf_rear_camera: SONY IMX682 64MP, Rear Four Flash | kf_front_camera: 13MP, Front Dual Colour Temperature Flash | kf_battery: 5000mAh, 18 Watt Fast Charge | kf_num_sim_cards: Dual SIM | kf_connectivity: USB Type-C, Infrared Remote Control | kf_operating_system: Android 14 | kf_other_features: Fingerprint Stereo Dual Speakers Dolby Atmos IP64 Water Resistance Wet & Oily Touch Control"
9fd0bd0e1aa5,Realme,Realme 16,20284.0,20284.0,[256.0],[8.0],['5G'],Smart Phones,True,"Network: 5G | Sim Type: Nano-SIM | Port Type: Type C | Display Type: AMOLED | Charging Type: Wired | Version: Middle East Version | kf_brand: Realme | kf_model_name: 16 5G | kf_display: 6.57-inch, AMOLED, 1B colors, 120Hz, 1000 nits (typ), 1400 nits (HBM), 4500 nits (peak), (1080 x 2372) | kf_processor: Mediatek Dimensity 6400 Turbo (6 nm) - Octa-core | kf_rear_camera: 50 MP, f/1.8, 26mm (wide), 1/2.93"", 0.60µm, PDAF Auxiliary lens Laser AF, color spectrum sensor, LED flash, HDR, panorama Video 1080p@30fps, gyro-EIS | kf_front_camera: 50 MP, f/2.4, 23mm (wide) Video 1080p@30/60fps | kf_battery: 7000 mAh, Charging 60W wired | kf_num_sim_cards: 2 | kf_connectivity: Wi-Fi 802.11 a/b/g/n/ac, dual-band Bluetooth 5.3, A2DP, LE, aptX HD, LHDC GPS, GALILEO, GLONASS, BDS, QZSS Infrared port USB Type-C 2.0, OTG | kf_operating_system: Android 16, Realme UI 7.0 | kf_other_features: IP68/IP69K dust tight and water resistant (immersible up to 0.5m for 60 days) Fingerprint (under display), accelerometer, gyro, compass, proximity sensors Stereo speakers Realme Buds T200 Lite, Deep Bass Realme Buds T200 Lite, Deep Bass 12.4mm Titanium-Coated Dynamic Driver Dolby Atmos Support 40 Hours Total Battery Life with the charging case (8 Hours Earbuds) Fast Charging: 10 Min = 8 Hours Playback 55ms Low Latency Mode Bluetooth 5.4 Color May Vary"
a7039c7f0795,Nokia,Nokia 150,1127.0,1127.0,[],[],[],Feature Phones,True,"Network: 2G | Sim Type: Nano-SIM | Port Type: micro USB | Charging Type: Wired | Number of Sim: Dual-SIM | Version: Middle East Version | kf_brand: Nokia | kf_model_name: 150, Middle East Version 2023 | kf_display: 2.4 Inch | kf_battery: 1450 mAh | kf_connectivity: Micro USB | kf_memory: 4MB, 4MB RAM"
aa3be37196cd,Honor,Honor X5C,7792.0,8500.0,"[64.0, 128.0]",[4.0],[],Smart Phones,True,"Operating System Type: MagicOS 9.0 | Screen Size: 6.7400 Inch | Front Camera: 5.0000 megapixels | Primary Camera: 13.0000 megapixels | Battery Capacity: 5130 mAh | Connectivity: Wi-Fi 802.11 a/b/g/n/ac 2.4GHz and 5GHz WiFi hotspot/Wi-Fi Direct Bluetooth 5.1 Positioning: GPS/AGPS/Glonass/BeiDou/Galileo USB Type-C | kf_brand: Honor | kf_model_name: X5C | kf_display: 6.74 Inch TFT LCD Eye Comfort/Dynamic Dimming Resolution: 720x1600 | kf_processor: MediaTek Helio G81, Octa-core | kf_rear_camera: Dual Camera 13MP Main Camera (f/2.2) + QVGA 0.08MP Video Shooting: 1920x1080 pixels 10X Digital zoom Image Resolution: 4160x3120 pixels Rear single LED flash Capture Mode: Portrait (including beauty and bokeh) | kf_front_camera: 5 MP Camera (f/2.2 aperture) Image Resolution: 2592*1936 pixels Face Recognition | kf_battery: Battery Capacity: 5130mAh 15W Wired Charging | kf_num_sim_cards: Dual SIM | kf_connectivity: Wi-Fi 802.11 a/b/g/n/ac 2.4GHz and 5GHz WiFi hotspot/Wi-Fi Direct Bluetooth 5.1 Positioning: GPS/AGPS/Glonass/BeiDou/Galileo USB Type-C | kf_other_features: Gravity Sensor, Fingerprint Sensor Acceleration Sensor, Ambient Light Sensor Proximity Sensor"
aa6303faa701,Realme,Realme 15,19852.0,20149.0,[256.0],[12.0],['5G'],Smart Phones,True,"Network: 5G | Sim Type: Nano-SIM | Port Type: Type C | Display Type: OLED | Charging Type: Wired | Number of Sim: Dual-SIM | kf_brand: Realme | kf_model_name: 15 | kf_display: 6.8-inch OLED Display, 144Hz refresh rate, HDR10+, 6500 nits, ( 1280 x 2800 ) pixels | kf_processor: MediaTek Dimensity 7300+ (4nm), Octa-core | kf_rear_camera: 50 MP, f/1.8, 24mm (wide), 1/1.56"", PDAF, OIS 8 MP, f/2.2, 112˚, 16mm (ultrawide) LED flash, HDR, panorama Video 4K@30fps, 1080p@30fps, gyro-EIS, OIS | kf_front_camera: 50 MP, f/2.4, 23mm (wide) Panorama Video 4K@30fps, 1080p@30fps | kf_battery: 7000 mAh, 45W wired charging 50% in 25 minutes | kf_num_sim_cards: Dual SIM | kf_connectivity: Bluetooth 5.4, USB Type-C 2.0, Infrared port, USB Type-C 2.0, Wifi, GPS | kf_other_features: Fingerprint sensor IP68/IP69 water and dust resistance"
ab9a065b9816,Samsung,Samsung Galaxy A26,12999.0,16899.0,"[128.0, 256.0]","[6.0, 8.0]",['4G LTE'],Smart Phones,True,"Network: 4G LTE | Sim Type: Nano-SIM | Port Type: Type C | Display Type: AMOLED | Charging Type: Wired | Number of Sim: Dual-SIM | kf_brand: Samsung | kf_model_name: Galaxy A26 | kf_display: • 6.7-inch Super AMOLED, 120Hz refresh rate. • Corning Gorilla Glass Victus+ • Always-on display. • Resolution: 1080 x 2340 pixels. | kf_processor: Samsung Exynos 1380 (5 nm), Octa-core | kf_rear_camera: • Triple Camera Setup: • 50 MP, f/1.8, 27mm (wide), PDAF, OIS • 8 MP, f/2.2, 120˚ (ultrawide) • 2 MP, f/2.4 (macro) • Features: LED flash, panorama, HDR • Video: 4K@30fps, 1080p@30fps, 720p@480fps, gyro-EIS | kf_front_camera: • 13 MP, f/2.2 (wide) • Video: 1080p@30fps | kf_battery: • 5000 mAh capacity • 25W fast charging SIM & Connectivity: • Dual SIM • Wi-Fi 802.11 a/b/g/n/ac, dual-band, Wi-Fi Direct • Bluetooth 5.3, A2DP, LE • Positioning: GPS, GALILEO, GLONASS, BDS, QZSS • USB Type-C 2.0, OTG | kf_other_features: • IP67 dust/water resistant (up to 1m for 30 min). • Fingerprint (side-mounted), accelerometer, gyro, compass. • Virtual proximity sensing."
ac58e7e66d6f,Honor,Honor X9d,22599.0,23222.0,[256.0],"[8.0, 12.0]",['5G'],Smart Phones,True,"Network: 5G | Sim Type: Nano-SIM | Port Type: Type C | Display Type: AMOLED | Charging Type: Wired | Display Resolution: 2640x1200 | kf_brand: Honor | kf_model_name: X9d | kf_display: 6.79 Inch, AMOLED Eye Comfort Technology 2640*1200 800 nits (typical) 1800 nits (HBM type) 6000 nits (APL type) | kf_processor: Qualcomm Snapdragon 6 Gen 4, Octa-core | kf_rear_camera: Dual Camera 108MP Main Camera (F1.75) 5MP Wide (F2.2) 10X Digital zoom Image Resolution: 12000*9000 pixels Video Resolution: 3840*2160 pixels LED flash Stabilization Mode: OIS | kf_front_camera: 16MP (F2.45) Image Resolution: 3456x4608 pixels Video Resolution: 2520x1080 pixels Face Recognition | kf_battery: 8300 mAh 66W super-fast charging | kf_num_sim_cards: Dual SIM | kf_connectivity: Wi-Fi 6 (802.11 ax) and 802.11 a/b/g/n/ac, 2.4GHz and 5GHz Wi-Fi Direct & Wi-Fi Hotspot BT5.2, Type-C, USB 2.0, GPS | kf_other_features: Sensors: Gravity, Fingerprint Ambient Light Sensor. Proximity IP69K Water Resistance"
ae38630afa38,Xiaomi,Xiaomi Redmi 10C,6372.0,6372.0,[128.0],[4.0],['4G LTE'],Smart Phones,True,"Network: 4G LTE | Sim Type: Nano-SIM | Port Type: Type C | Display Type: IPS LCD | Charging Type: Wired | Number of Sim: Dual-SIM | kf_brand: Xiaomi | kf_model_name: Redmi 10C | kf_display: 6.7 Inch IPS LCD (720x1650) | kf_processor: Qualcomm SM6225 Snapdragon 680 4G Octa Core Processor | kf_rear_camera: Dual Camera 50 MP, f/1.8, 26mm (wide), PDAF 2 MP, f/2.4, (depth) | kf_front_camera: 5MP | kf_battery: 5000mAh Fast Charging 18W | kf_connectivity: Wi-Fi, Bluetooth 5.0, GPS, USB Type-C 2.0, fingerprint"
aec3c21b0621,Digit,Digit Z1 Dual-SIM,2507.0,2507.0,[],[],[],Feature Phones,True,"Network: 4G | Port Type: Type C | Display Type: TFT | Charging Type: Wired | Number of Sim: Dual-SIM | Connectivity: USB Type-C, 4G, Wi-Fi, Hotspot | kf_brand: Digit | kf_model_name: Z1 | kf_display: 2.8 Inch TFT Touch Screen | kf_processor: Quad Core 4G | kf_rear_camera: VGA | kf_front_camera: VGA | kf_battery: 2500 mAh | kf_connectivity: USB Type-C, 4G, Wi-Fi, Hotspot | kf_memory: 1GB RAM, 8GB Storage"
af2d5f45b647,Xiaomi,Xiaomi Redmi Note 10s,9305.0,9305.0,[128.0],[6.0],['4G LTE'],Smart Phones,True,"Network: 4G LTE | Port Type: Type C | Display Type: AMOLED | Number of Sim: Dual-SIM | Display Resolution: 1080x2400 | Operating System Type: Android | Screen Size: 6.4300 Inch | Front Camera: 13.0000 megapixels | Primary Camera: 64.0000 megapixels | Battery Capacity: 5000 mAh | Processor Manufacturer: MediaTek | kf_brand: Xiaomi | kf_model_name: Redmi Note 10s Display 6.43-inch (2400x1080) AMOLED DotDisplay Rear Camera 64 MP (f/1.79) wide-angel camera 8 MP (f/2.2) ultra-wide angelÂ camera 2 MP (f/2.4) macro camera 2 MPÂ (f/2.4) depth sensor Front Camera 13 MP (f/2.45)Â camera Processor MediaTekÂ Helio G95 octa-core processor Battery Capacity 5000mAh with 33W fast charging Connectivity Wi-Fi, Bluetooth 5.0, GPS, USB Type-C"
b17bec64d18e,Itel,Itel A50C,5162.0,5173.0,[64.0],[2.0],['4G LTE'],Smart Phones,True,"Network: 4G LTE | Sim Type: Nano-SIM | Port Type: Type C | Display Type: IPS LCD | Charging Type: Wired | Number of Sim: Dual-SIM | kf_brand: Itel | kf_model_name: A50C | kf_display: 6.56 Inches, IPS LCD, (540 x 1208 pixels) | kf_processor: Unisoc T603, Octa-core | kf_rear_camera: 8 MP, AF LED flash | kf_front_camera: 5 MP | kf_battery: 4000 mAh | kf_num_sim_cards: Dual SIM | kf_connectivity: Wi-Fi, Bluetooth, GPS, USB Type-C | kf_other_features: Fingerprint"
b1ca12767dbb,Vivo,Vivo Y11D,9240.0,9241.0,[128.0],[4.0],['4G'],Smart Phones,True,"Network: 4G | Sim Type: Nano-SIM | Port Type: Type C | Display Type: LCD | Charging Type: Wired | Version: Middle East Version | kf_brand: vivo | kf_model_name: Y11d | kf_display: LCD 6.74-inch (17.13 cm), 120Hz, 1200 nits (HBM) Color: 83% NTSC color gamut, 260 PPI, (720 x 1600) | kf_processor: T7225 (12 nm) - Octa-core, 2 × 1.8 GHz + 6 × 1.8 GHz | kf_rear_camera: 50 MP, f/1.8 (main), 0.08 MP, f/3.0 Video recording: Yes Rare Flash: Yes Modes:  Photo, Night, Portrait, Video, Live Photo, Time-lapse, Pro, Pano, Documents, Slo-mo, Dual View | kf_front_camera: 5 MP, f/2.2 Modes: Photo, Night, Portrait, Video, Live Photo, Dual View modes | kf_battery: 6500 mAh (TYP), Charging 44W wired (FlashCharge) | kf_num_sim_cards: 2 nano SIMs | kf_connectivity: Wi-Fi 2.4 GHz / 5 GHz Bluetooth 5.2 GPS, BeiDou, GLONASS, Galileo, QZSS USB Type-C 2.0, OTG supported | kf_operating_system: Android 16 | kf_other_features: IP65 dust and water resistance Side-mounted capacitive fingerprint sensor Accelerometer, ambient light sensor, e-compass, proximity sensor Ordinary vibration motor Dimensions: 167.40 × 77.10 × 8.39 mm"
b1eb26ec84da,Realme,Realme P1 Pro,16499.0,16499.0,[256.0],[12.0],['5G'],Smart Phones,True,"Network: 5G | Sim Type: Nano-SIM | Port Type: Type C | Display Type: AMOLED | Charging Type: Wired | Number of Sim: Dual-SIM | Display Resolution: 2412x1080 | Operating System Type: Android | Water Resistant: Yes | Screen Size: 6.7000 Inch | Front Camera: 16.0000 megapixels | Battery Capacity: 5000 mAh | Connectivity: Wi-Fi 802.11 a/b/g/n/ac/6, dual-band, Bluetooth 5.2, A2DP, LE, Positioning GPS, GLONASS, GALILEO, BDS, QZSS, USB Type-C 2.0, OTG | Chipset Manufacturer: Qualcomm Snapdragon | Video Capture Format: 4K @ 30fps, 1080p@30/60/120fps, gyro-EIS | Manufacturer Warranty: 12 Month | kf_brand: Realme | kf_model_name: P1 Pro | kf_display: 6.7 Inch, AMOLED, 1B colors, 120Hz, 800 nits (HBM), 950 nits (peak) (1080 x 2412) | kf_processor: Qualcomm SM6450 Snapdragon 6 Gen 1 (4 nm), Octa-core | kf_rear_camera: Dual Camera 50 MP, f/1.8, 26mm (wide), 1/1.95"", 0.8µm, PDAF, OIS 8 MP, f/1.7, 16mm, 112˚ (ultrawide), 1/4.0"", 1.12µm Features LED flash, HDR, panorama Video 4K@30fps, 1080p@30/60/120fps, gyro-EIS | kf_front_camera: 16 MP, f/2.4, 24mm (wide), 1/3.0"", 1.0µm Video 1080p@30fps | kf_battery: 5000 mAh, 45W | kf_num_sim_cards: Dual SIM Connectivity Wi-Fi 802.11 a/b/g/n/ac/6, dual-band Bluetooth 5.2, A2DP, LE Positioning GPS, GLONASS, GALILEO, BDS, QZSS USB Type-C 2.0, OTG | kf_other_features: Fingerprint (under display, optical), accelerometer, gyro, proximity, compass Stereo speakers, 24-bit/192kHz Hi-Res audio IP65 dust/water resistant | kf_memory: 256GB 12GB"
b2086525fc35,Infinix,Infinix Smart 10,5209.0,9147.0,"[64.0, 128.0, 256.0]","[3.0, 4.0]",['4G LTE'],Smart Phones,True,"Network: 4G LTE | Sim Type: Nano-SIM | Port Type: Type C | Display Type: IPS LCD | Charging Type: Wired | Display Resolution: 720x1600 | kf_brand: Infinix | kf_model_name: Smart 10 Display 6.67 Inch IPS LCD, 120Hz refresh rate HD+ (720 × 1600), 700 nits | kf_processor: Unisoc T7250, Octa-core Rear Camera 8MP, f/2.0, 1/4” sensor, 1.12μm, AF Dual flash 1080P 30FPS/720P 30FPS Video AI Cam, Video, Dual Video, Beauty, Portrait Front Camera 8MP, f/2.0, 1/4” sensor, 1.12um, FF | kf_battery: 5000mAh, supports 15W charging | kf_num_sim_cards: Dual SIM | kf_connectivity: Bluetooth, USB Type-C, 3.5mm audio jack, FM radio, Wi-Fi, GPS Other Features Fingerprint sensor IP64 water and dust resistance"
b3ecd617bc22,Tecno,Tecno Spark 40 Pro,10144.0,11259.0,"[128.0, 256.0]",[8.0],['4G'],Smart Phones,True,"Network: 4G | Sim Type: Nano-SIM | Port Type: Type C | Display Type: AMOLED | Charging Type: Wired | Version: Middle East Version | kf_brand: Tecno | kf_model_name: Spark 40 Pro | kf_display: 6.78-inch, AMOLED (1224 x 2720) 144Hz, 1600 nits (HBM), 4500 nits (peak) | kf_processor: Mediatek Helio G100 Ultimate (6 nm) - Octa-core | kf_rear_camera: 50 MP, f/1.6 (wide), PDAF Auxiliary lens Dual-LED flash, HDR Video Resolutions: 1440p@30fps, 1080p@30fps | kf_front_camera: 13 MP, f/2.2 (wide) Dual-LED flash 1080p@30fps video recording | kf_battery: 5200mAh Battery, 45W Wired Charging 10W Reverse Wired Charging | kf_num_sim_cards: 2 | kf_connectivity: Wi-Fi 802.11 a/b/g/n/ac, dual-band Bluetooth 5.3 GPS Infrared port FM Radio USB Type-C 2.0, OTG | kf_operating_system: Android 15, HIOS 15.1 | kf_other_features: Fingerprint (under display, optical) Sensors: accelerometer, proximity, compass Corning Gorilla Glass 7i protection IP64 dust and splash resistant Drop resistant up to 1.5m Stereo speakers 3.5mm audio jack 24-bit/192kHz Hi-Res & Hi-Res Wireless audio microSDXC card slot"
b44cd98a8f5f,HMD,HMD 150 Music Dual-SIM,1699.0,1699.0,[],[],[],Feature Phones,True,"Network: 2G | Sim Type: Mini-SIM | Port Type: Type C | Display Type: TFT | Charging Type: Wired | Number of Sim: Dual-SIM | kf_brand: HMD | kf_model_name: 150 Music | kf_display: 2.4 inches, 240 x 320 pixels, 4:3 ratio (~167 ppi density) TN TFT | kf_processor: Unisoc 6531F No. of SIM Card: Dual, 2G, Mini-SIM | kf_rear_camera: QVGA LED flash | kf_battery: 2500 mAh, removable | kf_connectivity: Bluetooth 5.0 & USB Type-C 1.1 | kf_other_features: Built-in MP3 player | kf_memory: 8 MB, RAM: 8 MB"
b554137c27be,Tecno,Tecno Spark Go 2,5527.0,6250.0,"[64.0, 128.0]","[3.0, 4.0]",['4G'],Smart Phones,True,"Network: 4G | Sim Type: Nano-SIM | Port Type: Type C | Display Type: IPS LCD | Charging Type: Wired | Number of Sim: Dual-SIM | Display Resolution: 720x1600 | Operating System Type: HIOS 15 | Screen Size: 6.6700 Inch | Front Camera: 8.0000 megapixels | Primary Camera: 13.0000 megapixels | Battery Capacity: 5000 mAh | Connectivity: WLAN, Bluetooth, GPS,  Infrared port, USB Type-C, OTG, FM radio | Chipset Manufacturer: Unisoc T7250 | Video Capture Format: 1080p@30fps | Processor Manufacturer: Unisoc T7250 | Audio Jack Type: 3.5 mm | kf_brand: Tecno | kf_model_name: Spark Go 2s | kf_display: 6.67-inch IPS LCD, 120Hz Resolution: 720x1600 (~263 ppi) Screen-to-body ratio: ~84.2% | kf_processor: Unisoc T7250 (12 nm) Octa-core (2x1.8 GHz Cortex-A75 & 6x1.6 GHz Cortex-A55), Mali-G57 MP1 GPU | kf_rear_camera: 13 MP, f/1.8, 27mm (wide), PDAF Dual-LED flash, HDR Video: 1080p@30fps | kf_front_camera: 8 MP Dual-LED flash Video: Yes | kf_battery: 5000 mAh, 15W wired charging | kf_num_sim_cards: Dual SIM (Nano-SIM + Nano-SIM) | kf_connectivity: WLAN, Bluetooth, GPS Infrared port, USB Type-C, OTG FM radio | kf_operating_system: Android 15, HIOS 15 | kf_other_features: Side-mounted fingerprint sensor IP64 dust-tight and water-resistant (water splashes) Dual speakers, 3.5mm jack"
b5854a6224d2,Apple,Apple iPhone 15 Plus,63000.0,132219.0,[128.0],[6.0],['5G'],Smart Phones,True,"Network: 5G | Sim Type: Nano-SIM | Port Type: Type C | Display Type: Super Retina XDR OLED | Charging Type: Wired / Wireless | Number of Sim: Single SIM | Display Resolution: 1290×2796 | Operating System Type: iOS | Water Resistant: Yes | Screen Size: 6.7000 Inch | Front Camera: 12.0000 megapixels | Primary Camera: 48.0000 megapixels | Connectivity: Wi-Fi 802.11 a/b/g/n/ac/6, dual-band, hotspot - Bluetooth 5.3, A2DP, LE - Positioning GPS, GLONASS, GALILEO, BDS, QZSS - USB-C 2.0, DisplayPort | Chipset Manufacturer: Apple | Processor Manufacturer: Apple | kf_connectivity: Wi-Fi 802.11 a/b/g/n/ac/6, dual-band, hotspot Bluetooth 5.3, A2DP, LE Positioning GPS, GLONASS, GALILEO, BDS, QZSS USB-C 2.0, DisplayPort"
b74a897e7400,HMD,HMD Barbie,9999.0,9999.0,[],[],[],Smart Phones,True,"Operating System Type: S30+ | Screen Size: 2.8000 Inch | Primary Camera: 0.3000 megapixels | Battery Capacity: 1450 mAh | Connectivity: Wi-Fi -Bluetooth 5.0 -GPS -USB Type-C | Chipset Manufacturer: Unisoc | kf_brand: HMD | kf_model_name: Barbie | kf_display: 2.8 -inch ( 240 x 320) External display  1.77-inch TFT LCD | kf_processor: Unisoc T107 (22 nm) | kf_rear_camera: 0.3 MP LED flash | kf_battery: 1450 mAh, removable battery | kf_num_sim_cards: 2 | kf_connectivity: Wi-Fi Bluetooth 5.0 GPS USB Type-C"
b9c2ee5167b8,Huawei,Huawei nova 15 Max,21499.0,21998.0,[256.0],[8.0],['4G'],Smart Phones,True,"Network: 4G | Sim Type: Nano-SIM | Port Type: Type C | Display Type: OLED | Charging Type: Wired | Number of Sim: Dual-SIM | Display Resolution: 2756 × 1272 | Operating System Type: EMUI 14.2 | Screen Size: 6.8400 Inch | Front Camera: 8.0000 megapixels | Primary Camera: 50.0000 megapixels | Battery Capacity: 8500 mAh | Connectivity: Wi-Fi 802.11 - Bluetooth 5.2 - USB Type-C (USB 2.0) - GPS, A-GPS, GLONASS, BeiDou, Galileo, QZSS - Type-C Earjack | Video Capture Format: Video Recording up to 4K (3840 × 2160) | Version: Middle East Version | Gift: with Huawei FreeBuds SE 3 Earbuds (Color May Vary) | Zoom Capability: 10x Digital Zoom | kf_brand: Huawei | kf_model_name: nova 15 Max CHZ-LX1 | kf_display: 6.84-inch OLED Display FHD+ (2756 × 1272) Resolution Up to 120Hz Refresh Rate 300Hz Touch Sampling Rate 1.07 Billion Colors | kf_rear_camera: 50 MP Ultra Sensing Camera (f/1.9) 2 MP Ultra Lighting Camera (f/2.4) AI Image Stabilization (AIS) 10x Digital Zoom Video Recording up to 4K (3840 × 2160) | kf_front_camera: 8 MP Camera (f/2.0) Video Recording up to 4K (3840 × 2160) | kf_battery: Capacity: 8500mAh 40W HUAWEI SuperCharge Turbo | kf_num_sim_cards: Dual SIM (Nano, 4G) | kf_connectivity: Wi-Fi 802.11a/b/g/n/ac/ax/be (2.4GHz & 5GHz) Bluetooth 5.2 USB Type-C (USB 2.0) GPS, A-GPS, GLONASS, BeiDou, Galileo, QZSS Type-C Earjack | kf_operating_system: EMUI 14.2 | kf_other_features: Fingerprint Sensor Gravity Sensor, Infrared Sensor Gyroscope, Compass, Ambient Light Sensor, Proximity Sensor HUAWEI Histen Audio Comes with Huawei FreeBuds SE 3 Earbuds (color may vary) | kf_dimensions: 163.3 × 78.0 × 7.98mm"
bb6d92e756ac,Motorola,Motorola Moto G35,8989.0,9222.0,[256.0],[8.0],['5G'],Smart Phones,True,"Network: 5G | Sim Type: Nano-SIM | Port Type: Type C | Display Type: IPS LCD | Charging Type: Wired | Number of Sim: Dual-SIM | kf_brand: Motorola | kf_model_name: Moto G35 | kf_display: 6.72 inches FHD+ (1080 × 2400) IPS LCD, 120 Hz refresh rate | kf_processor: Unisoc T760 (6 nm) - Octa Core | kf_rear_camera: • Dual Camera • 50 MP, f/1.8 (wide), 0.64µm, PDAF • 8 MP, f/2.2, 120˚ (ultrawide), 1/4.0"", 1.12µm | kf_front_camera: 16 MP, f/2.5 (wide), 1.0µm | kf_battery: 5000 mAh, 18W wired charging | kf_num_sim_cards: Dual SIM | kf_connectivity: • Wi-Fi 802.11 a/b/g/n/ac, dual-band • Bluetooth 5.0, A2DP, LE • USB-C | kf_video: 4K@30fps, 1080p@30fps"
bcb2bcef9749,Samsung,Samsung Galaxy A37,21301.0,25575.0,"[128.0, 256.0]","[8.0, 12.0]",['5G'],Smart Phones,True,"Network: 5G | Sim Type: Nano-SIM | Port Type: Type C | Display Type: Super AMOLED | Charging Type: Wired | Number of Sim: Dual-SIM | Display Resolution: 2340x1080 | Operating System Type: Android 16 | Water Resistant: Yes | Screen Size: 6.7000 Inch | Front Camera: 13.0000 megapixels | Primary Camera: 50.0000 megapixels | Battery Capacity: 5000 mAh | Connectivity: Wi-Fi 802.11dual-band, Wi-Fi Direct - Bluetooth: 5.3, A2DP, LE - GPS, GALILEO, GLONASS, BDS, QZSS - USB Type-C 2.0, OTG | Chipset Manufacturer: Samsung Exynos 1380 (5 nm), Octa Core | Video Capture Format: 4K@30fps, 1080p@30/60fps, gyro-EIS | Processor Manufacturer: Samsung Exynos 1380 (5 nm), Octa Core | Audio Jack Type: Type-C | Zoom Capability: Digital Zoom up to 10x | kf_brand: Samsung | kf_model_name: Galaxy A37 Display Super AMOLED, 120Hz, 1000 nits (HBM), 6.7 inches Resolution: ‎1080 x 2340‎ (FHD+) | kf_processor: Samsung Exynos 1380 (5 nm), Octa Core | kf_rear_camera: Triple: 50 MP, f/1.8, (wide), PDAF, OIS 8 MP, f/2.2, 123˚ (ultrawide) 5 MP, f/2.4, (macro) Features: LED flash, panorama, HDR Video: 4K@30fps, 1080p@30/60fps, gyro-EIS Digital Zoom up to 10x | kf_front_camera: 13 MP, f/2.2, (wide) Video: 4K@30fps, 1080p@30fps | kf_battery: 5000 mAh, 45 watts fast charging | kf_num_sim_cards: Dual SIM (Nano), 5G | kf_connectivity: Wi-Fi 802.11dual-band, Wi-Fi Direct Bluetooth: 5.3, A2DP, LE GPS, GALILEO, GLONASS, BDS, QZSS USB Type-C 2.0, OTG | kf_operating_system: Android 16 | kf_other_features: Fingerprint, accelerometer, gyro, compass, Virtual proximity sensing IP678 dust/water resistant"
bcd6ffd6f873,Realme,Realme C11 2021,4485.0,4485.0,[32.0],[2.0],['4G LTE'],Smart Phones,True,"Network: 4G LTE | Sim Type: Nano-SIM | Port Type: micro USB | Display Type: IPS LCD | Charging Type: Wired | Number of Sim: Dual-SIM | Display Resolution: 720x1600 | Operating System Type: Android 11 | Screen Size: 6.5200 Inch | Front Camera: 5.0000 megapixels | Primary Camera: 8.0000 megapixels | Battery Capacity: 5000 mAh | Connectivity: Wi-Fi, Bluetooth 4.2, GPS, Micro USB 2.0 | Chipset Manufacturer: Unisoc | Video Capture Format: 1080p@30fps | Processor Manufacturer: Unisoc | Memory Card Slot: Yes | kf_brand: Realme | kf_model_name: C11 2021 | kf_display: 6.52-inch (720 × 1600) IPS LCD capacitive touchscreen Rear Camera 8 MP camera Front Camera 5 MP wide camera Processor Unisoc SC9863A (28 nm) octa-core processor Battery Capacity 5000mAh with 10W fast charging Connectivity Wi-Fi, Bluetooth 4.2, GPS, Micro USB 2.0"
be22ff8a37a9,Honor,Honor X8d,17025.0,22761.0,"[256.0, 512.0]",[8.0],['4G'],Smart Phones,True,"Network: 4G | Sim Type: Nano-SIM | Port Type: Type C | Display Type: AMOLED | Charging Type: Wired | Number of Sim: Dual-SIM | Display Resolution: 1080x2392 | Operating System Type: Android 15 | Water Resistant: Yes | Screen Size: 6.7700 Inch | Front Camera: 16.0000 megapixels | Primary Camera: 108.0000 megapixels | Battery Capacity: 7000 mAh | Connectivity: Wi-Fi, Bluetooth, GPS, NFC, 4G, USB-C | Chipset Manufacturer: Qualcomm | Video Capture Format: Support up to 1080P (1920×1080) video recording | Processor Manufacturer: Snapdragon 680 / 6s Gen 2 | Zoom Capability: Up to 8X Digital zoom | kf_brand: HONOR | kf_model_name: X8d | kf_display: 6.77-inch AMOLED, 1080×2392 (FHD+), 120Hz | kf_processor: Snapdragon 6s 4G Gen 2 | kf_rear_camera: 108MP Main + 5MP Ultra Wide | kf_front_camera: 16MP | kf_battery: 7000 mAh, 45W SuperCharge | kf_num_sim_cards: Dual SIM (4G) | kf_connectivity: Bluetooth, USB-C, NFC, Wi-Fi | kf_operating_system: Android 15 (MagicOS 10) | kf_other_features: IP65, microSD support, fingerprint sensor"
bfa92aad2bb7,Nokia,Nokia 125 Dual-SIM,1160.0,1399.0,[],[],[],Feature Phones,True,"Network: 3G | Sim Type: Mini-SIM | Port Type: micro USB | Display Type: TFT LCD | Charging Type: Wired | Number of Sim: Dual-SIM | kf_brand: Nokia | kf_display: 2.4 inches,tf 240 x 320 pixels, 4:3 ratio (~167 ppi density) TFT LCD, 65K colors | kf_battery: Li-Ion 1020 mAh, removable Up to 560 h Up to 19 h | kf_connectivity: FM radio, microUSB 2.0 Model No.: TA-1253 | kf_operating_system: Android | kf_memory: 4 MB, RAM: 4MB No. of SIM Cards: Dual (Mini)"
c47e6e25e18c,Apple,Apple iPhone 13,40409.0,49000.0,[128.0],[4.0],['5G'],Smart Phones,True,"Network: 5G | Sim Type: Nano-SIM | Port Type: Lightning | Display Type: Super Retina XDR OLED | Charging Type: Wired / Wireless | Number of Sim: Single SIM | kf_processor: Faster Performance, Efficient Power Usage Powered by Apple A15 Bionic (5 nm) Hexa-core for fast performance, smooth multitasking, and efficient battery usage Charge Fast and Stay Connected 3240mAh with 20W fast charge, reaching up to 50% in 30 minutes Faster  Connectivity Wi-Fi, GPS, Bluetooth 5.0, Face ID | kf_video: 4K@24/25/30/60fps, 1080p@30/60/120fps, gyro-EIS"
c50a5cd5a99a,Oppo,Oppo A5x,9896.0,9896.0,[128.0],[4.0],['4G LTE'],Smart Phones,True,"Network: 4G LTE | Sim Type: Nano-SIM | Port Type: Type C | Display Type: LCD | Charging Type: Wired | Number of Sim: Dual-SIM | Operating System Type: ColorOS 15.0 | Water Resistant: Yes | Screen Size: 6.6700 Inch | Front Camera: 5.0000 megapixels | Primary Camera: 32.0000 megapixels | Battery Capacity: 5860 mAh | Connectivity: Wi-Fi 5 (802.11ac), 802.11b/g/a/n, Bluetooth 5.0, USB Type-C, Earphone Jack: 3.5mm jack, Beidou, GPS, GLONASS, Galileo, QZSS | Chipset Manufacturer: Qualcomm Snapdragon | Video Capture Format: Up to 1080P 30fps | kf_brand: Oppo | kf_model_name: A5x | kf_display: • 6.67 Inch, LCD, 264 PPI, 90 Hz • Resolution: 720 × 1604 • Touch sampling: up to 180 Hz • Brightness: typical 850 nits, peak 1000 nits | kf_processor: Snapdragon 6s 4G Gen 1 Mobile Platform, Octa‑core | kf_rear_camera: • Wide Angle, 32 MP, f/1.8, autofocus, 76° FOV, 5P lens • Up to 1080P 30fps | kf_front_camera: • 5 MP, f/2.2, 77° FOV, 3P lens • Up to 1080P 30fps | kf_battery: 5860 mAh, Fast charging 45 Watt SUPERVOOC | kf_num_sim_cards: Dual SIM | kf_connectivity: • Wi-Fi 5 (802.11ac), 802.11b/g/a/n • Bluetooth 5.0, USB Type-C • Earphone Jack: 3.5mm jack • Beidou, GPS, GLONASS, Galileo, QZSS | kf_other_features: • IP65 water and dust resistance • Ultra Volume Mode • Fingerprint, Facial Recognition • Infrared remote control"
c9669435d575,Nokia,Nokia 106 (2018) Dual-SIM,485.0,575.0,[],[],[],Feature Phones,True,"Network: 2G | Port Type: micro USB | Display Type: TFT | Charging Type: Wired | Number of Sim: Dual-SIM | Water Resistant: No | kf_brand: Nokia | kf_model_name: 106 (2018) | kf_display: 1.8 inches, TFT, 120 × 160 resolution | kf_battery: 800 mAh | kf_connectivity: FM radio, Micro USB 2.0 | kf_memory: RAM – 4 MB"
c9af0ee52286,Tecno,Tecno Spark 30 Pro,11400.0,11400.0,[256.0],[8.0],['4G LTE'],Smart Phones,True,"Network: 4G LTE | Sim Type: Nano-SIM | Port Type: Type C | Display Type: AMOLED | Charging Type: Wired | Number of Sim: Dual-SIM | Display Resolution: 2436x1080 | Operating System Type: Android 14 | Screen Size: 6.7800 Inch | Front Camera: 13.0000 megapixels | Primary Camera: 108.0000 megapixels | Battery Capacity: 5000 mAh | Connectivity: Wi-Fi, Bluetooth 5.3, Positioning GPS, FM radio,  USB Type-C 2.0, OTG | Chipset Manufacturer: Mediatek Helio G100 (6 nm) | Video Capture Format: 1440p@30fps, 1080p@30fps | kf_brand: Tecno | kf_model_name: Spark 30 Pro KL7 | kf_display: • 6.78 inch, AMOLED, 120Hz, 1700 nits, 1080 × 2436 | kf_processor: Mediatek Helio G100 (6 nm) | kf_rear_camera: • 108 MP, f/1.9 (wide), 1/1.52"", PDAF, Auxiliary lens • Quad-LED flash, HDR • Video: 1440p@30fps, 1080p@30fps | kf_front_camera: 13 MP (wide) • Dual-LED dual-tone flash • Video: 1080p@30fps | kf_battery: 5000 mAh, 33W wired | kf_num_sim_cards: 2 | kf_connectivity: • Wi-Fi, Bluetooth 5.3, Positioning: GPS • FM radio, USB Type-C 2.0, OTG | kf_other_features: • Fingerprint (under display, optical), accelerometer, gyro, proximity, compass"
c9df91f2cd3d,Motorola,Motorola Edge 60 Pro,44780.0,44780.0,[512.0],[12.0],['5G'],Smart Phones,True,"Network: 5G | Port Type: Type C | Display Type: P-OLED | Charging Type: Wired / Wireless | Number of Sim: Dual-SIM | Audio Jack Type: Type-C | kf_brand: Motorola | kf_model_name: Edge 60 Pro | kf_display: Type: P-OLED, 1B colors, 120Hz, 720Hz PWM, HDR10+, 4500 nits peak 6.7 inches, 1220 x 2712 pixels Corning Gorilla Glass 7i | kf_processor: Mediatek Dimensity 8350 Extreme (4 nm), Octa-core | kf_rear_camera: Triple Camera 50 MP, f/1.8, 24mm (wide), 1/1.56"", 1.0µm, multi-directional PDAF, OIS 10 MP, f2.0, 73mm (telephoto), 1/3.94"", 1.0µm, PDAF, 3x optical zoom, OIS 50 MP, f/2.0, 120˚ (ultrawide), 1/2.76"", 0.64µm, PDAF Color spectrum sensor, LED flash HDR, panorama, Pantone Validated Colour and Skin Tones 4K@30fps, gyro-EIS, HDR10+ | kf_front_camera: 50 MP, f/2.0, (wide), 1/2.76"", 0.64µm, HDR Video: 4K@30fps | kf_battery: 6000 mAh 90W wired, PD3.0 15W wireless 5W reverse wired | kf_num_sim_cards: Dual SIM | kf_connectivity: Wi-Fi 802.11 a/b/g/n/ac/6e, tri-band Bluetooth GPS, GLONASS, GALILEO, BDS, NavIC USB Type-C, OTG | kf_other_features: IP68/IP69 dust-tight and water-resistant Stereo speakers (with Dolby Atmos) Fingerprint, accelerometer, gyro, proximity, compass Smart Connect support"
ca05e0a49b5e,Honor,Honor X7d,13777.0,16000.0,[256.0],[8.0],"['4G', '5G']",Smart Phones,True,"Network: 5G | Sim Type: Nano-SIM | Port Type: Type C | Display Type: TFT LCD | Number of Sim: Dual-SIM | Display Resolution: 720x1610 | kf_brand: Honor | kf_model_name: X7d | kf_display: 6.77 Inches, TFT LCD 720x1610 850nit (HBM)/ 700nit (Typical) | kf_processor: Qualcomm Snapdragon 685, Octa-core | kf_rear_camera: Dual Camera 108M Main camera (f1.75) 2MP Depth Camera (f/2.4) Up to 8X Digital zoom Video Resolution: 1920x1080 pixels LED flash | kf_front_camera: 8 MP Camera (f/2.0) Image Resolution: 3264X2448 pixels Face Recognition | kf_battery: 6500mAh, 35 Watt HONOR SuperCharge | kf_num_sim_cards: Dual SIM | kf_connectivity: Wifi 802.11 a/b/g/n/ac 2.4GHz and 5GHz BT5.0, OTG Type-C, USB 2.0 GPS/AGPS/Glonass/BeiDou/Galileo | kf_other_features: Gravity Sensor, Fingerprint Sensor Acceleration Sensor Proximity Sensor"
cc3546a3c82d,Apple,Apple iPhone 17,68222.0,69499.0,[256.0],[8.0],['5G'],Smart Phones,True,"Network: 5G | Sim Type: e-SIM | Display Type: LTPO Super Retina XDR OLED | Number of Sim: eSIM | Operating System Type: iOS 26 | Screen Size: 6.3000 Inch | Front Camera: 18.0000 megapixels | Primary Camera: 48.0000 megapixels | Battery Capacity: 3692 mAh | Connectivity: Bluetooth 6, USB Type-C 2.0, Wi-Fi 7, GPS | Chipset Manufacturer: Apple | Video Capture Format: 4K@24/25/30/60fps, 1080p@25/30/60/120/240fps | Processor Manufacturer: Apple A19 (3 nm), Hexa-core | kf_battery: 3692 mAh battery with wired PD 2.0 fast charging (up to 50% in 20 minutes) and 25W MagSafe/Qi2 wireless charging (up to 50% in 30 minutes), delivering up to 30 hours of video playback. | kf_num_sim_cards: Dual SIM | kf_connectivity: Bluetooth 6, USB Type-C 2.0, Wi-Fi 7, GPS for fast and reliable performance. OS: iOS 26 | kf_other_features: Face ID IP68 water and dust resistance Crash Detection for emergency assistance"
cf72c0eecefe,Hope,Hope BM-10,863.0,863.0,[],[],[],Feature Phones,True,Screen Size: 0.6600 Inch | kf_brand: Hope | kf_model_name: BM-10 Comes with a back cover attachment to convert it to a Bluetooth device | kf_battery: Below 1000 mAh 0.66 Inch | kf_num_sim_cards: Dual SIM | kf_connectivity: GSM | kf_memory: Less than 512MB Less than 256MB
cfffcab99f77,Samsung,Samsung Galaxy A04s - Local Version,6483.0,6483.0,[64.0],[4.0],['4G LTE'],Smart Phones,True,"Network: 4G LTE | Sim Type: Nano-SIM | Display Type: LCD | Charging Type: Wired | Number of Sim: Dual-SIM | Display Resolution: 720x1600 | kf_brand: Samsung | kf_model_name: Galaxy A04s | kf_display: 6.5-inch PLS LCD HD+ with 90Hz refresh rate | kf_processor: Exynos 850 (8nm) Octa-core | kf_rear_camera: 50MP (Wide) 2MP (Depth) 2MP (Macro) | kf_front_camera: 5MP | kf_battery: 5000mAh with 15W fast charging | kf_connectivity: Wi-Fi, GPS, Bluetooth 5.0, Type-C USB 2.0, side fingerprint"
d0d1b8404968,Xiaomi,Xiaomi Redmi Note 15 Pro Plus,27699.0,30799.0,"[256.0, 512.0]",[12.0],['5G'],Smart Phones,True,"Network: 5G | Sim Type: Nano-SIM | Port Type: Type C | Display Type: AMOLED | Charging Type: Wired | Display Resolution: 2772 x 1280 | kf_brand: Xiaomi | kf_model_name: Redmi Note 15 Pro Plus | kf_display: 6.83-inch CrystalRes AMOLED display Resolution (2772 x 1280) 1.5K Up to 120Hz refresh rate 3200 nits peak brightness | kf_processor: Snapdragon 7s Gen 4, 4nm, Octa-core | kf_rear_camera: 200MP main camera Optical Image Stabilization (OIS)0.56μm, 16in1, 2.24μm, f/1.7, 7P lens, 1/1.4"" sensor size 8MP ultra-wide camera f/2.2 Video recording 4K at 30 fps,1080p at 30/60, fps720p at 30 fps | kf_front_camera: 32MP front camera1/3.6"" sensor size f/2.2, 4P lens Video recording 1080p at 30/60 fps, 720p at 30 fps | kf_battery: 6500mAh, 100W HyperCharge | kf_num_sim_cards: 2 | kf_connectivity: Bluetooth 5.4 Wi-Fi GPS USB Type-C | kf_operating_system: Xiaomi HyperOS 2 | kf_other_features: AI Writing, AI Speech Recognition, AI Interpreter, AI Search AI Dynamic Wallpapers, AI Creativity Assistant Circle to Search with Google, Google Gemini In-screen fingerprint sensor AI face unlock IP68/IP69 Water and  Dust Resistance"
d346e1389106,Oppo,Oppo A6 Pro,16299.0,18333.0,[256.0],[8.0],"['4G', '5G']",Smart Phones,True,"Network: 5G | Sim Type: Nano-SIM | Port Type: Type C | Display Type: AMOLED | Charging Type: Wired | Number of Sim: Dual-SIM | kf_brand: Oppo | kf_model_name: A6 Pro | kf_display: 6.57-inch AMOLED display, FHD + ( 2372 x 1080 ) 120Hz refresh rate, 600 nits, 1400 nits high brightness mode | kf_processor: MediaTek Dimensity 6300- Octa Core | kf_rear_camera: 50MP f/1.8 aperture; 76° FOV; 5P lens; supports autofocus (AF), Wide Angle 2MP  f/2.4 aperture; 89° FOV; 3P lens, Monochrome Supports multi-view video shooting ( 1080P Video: 60 fps, 30 fps, 720P Video: 60 fps, 30 fps, 720P SLO-MO Video: 120 fps, 1080P Time-Lapse Video: 30 fps) | kf_front_camera: 16 MP; f/2.4 aperture; 85° FOV; 4P lens. Supports multi-view video shooting ( 1080P video: 30 fps, 720P video: 30 fps, 1080P time-lapse video: 30 fps) | kf_battery: 7000mAh, 27.44Wh Charging | kf_num_sim_cards: Dual SIM Card | kf_connectivity: Wi-Fi, Bluetooth 5.4, GPS, USB Type-C | kf_other_features: Fingerprint sensor Face ID"
d6560ee2d3d9,Nokia,Nokia 102 TA-1765 DS Dual-SIM,999.0,999.0,[],[],[],Feature Phones,True,"Network: 2G | Sim Type: Mini-SIM | Port Type: micro USB | Display Type: TFT | Charging Type: Wired | Number of Sim: Dual-SIM | kf_brand: Nokia | kf_model_name: 102 TA-1765 DS | kf_display: 1.77 inches , 128 x 160 pixels (~116 ppi density) TFT | kf_rear_camera: QVGA | kf_battery: 1000 mAh Removable 2.75W | kf_connectivity: Wireless FM radio, microUSB | kf_operating_system: S30+ | kf_memory: Internal Memory  4MB, RAM  8MB"
d7d42df9a6d2,Samsung,Samsung Galaxy S25 Ultra,65333.0,80999.0,"[256.0, 512.0, 1024.0]",[12.0],"['4G LTE', '5G']",Smart Phones,True,"Network: 5G | Sim Type: Nano-SIM | Port Type: Type C | Display Type: Dynamic LTPO AMOLED 2X | Charging Type: Wired / Wireless | Number of Sim: Dual-SIM | Display Resolution: 3120x1440 | Operating System Type: Android 15 | Water Resistant: Yes | Screen Size: 6.9000 Inch | Front Camera: 12.0000 megapixels | Primary Camera: 200.0000 megapixels | Battery Capacity: 5000 mAh | Connectivity: Wi-Fi 802.11 a/b/g/n/ac/6e/7, tri-band, Wi-Fi Direct, dBluetooth 5.4, A2DP, LEPositioning GPS, GLONASS, BDS, GALILEO, QZSSUSB Type-C 3.2, DisplayPort 1.2, OTG | Chipset Manufacturer: Qualcomm SM8750-AB Snapdragon 8 Elite (3 nm), Octa Core | Processor Manufacturer: Qualcomm Snapdragon | Audio Jack Type: Type-C | Zoom Capability: 3x optical zoom, 5x optical zoom | Memory Card Slot: No | Water Resistance Level: 1.5000 Meter | kf_front_camera: 12MP wide camera for brighter selfies with HDR and HDR10+ support (f/2.2, 26mm, 1/3.2"", 1.12µm, dual pixel PDAF) Video 4K@30/60fps, 1080p@30fps Battery Capacity 5000 mAh battery with 45W wired charging for quick power-ups on Samsung S25 Ultra. 15W wireless charging for cable-free charging and 4.5W reverse wireless charging for sharing power with other devices. | kf_other_features: IP68 dust tight and water resistant keeps Samsung S25 Ultra protected (up to 1.5m for 30 min). Stylus Pen for enhanced productivity and stereo speakers for immersive sound experience."
d821bf2d6255,Nokia,Nokia 6310 2021 Dual-SIM,888.0,899.0,[],[],[],Feature Phones,True,"Network: 2G | Sim Type: Nano-SIM | Port Type: micro USB | Display Type: TFT LCD | Charging Type: Wired | Number of Sim: Dual-SIM | kf_brand: Nokia | kf_model_name: 6310 2021 | kf_display: 2.8 inches TFT LCD (240×320) | kf_rear_camera: VGA, LED flash | kf_battery: 1150 mAh | kf_connectivity: Bluetooth 5.0, FM Radio, Micro-USB, 3.5 mm Headphone jack | kf_memory: 16MB internal storage, 8MB RAM"
d8450d5da5ee,Oppo,Oppo Reno 14,28877.0,30999.0,[256.0],[12.0],['5G'],Smart Phones,True,"Network: 5G | Sim Type: Nano-SIM | Port Type: Type C | Display Type: AMOLED | Charging Type: Wired | Number of Sim: Dual-SIM | kf_brand: Oppo | kf_model_name: Reno 14 | kf_display: • 6.59 Inch, AMOLED, 20 Hz, 460 PPI • Resolution: 1256 × 2760 • Touch sampling rate: up to 240 Hz • Brightness: 600 nits typical, 1200 nits HBM | kf_processor: MediaTek Dimensity 8350, Octa Core | kf_rear_camera: • Triple Camera • 50 MP wide-angle, f/1.8, 79° FOV, 5P lens, autofocus • 8 MP ultra-wide, f/2.2, 116° FOV, 5P lens, autofocus • 50 MP telephoto, f/2.8, 30° FOV, 4P lens, autofocus • Video: Up to 4K video: 60fps | kf_front_camera: • 50 MP, f/2.0, 90° FOV, 5P lens, autofocus • Up to 4K video 60fps | kf_battery: 6000mAh, Fast charging 80 Watt SUPERVOOC | kf_num_sim_cards: Dual SIM | kf_connectivity: • Wi-Fi 6 (802.11ax) • Bluetooth 5.4, USB Type-C • Earphone Jack: USB Type-C • Beidou, GPS, GLONASS, Galileo, QZSS | kf_other_features: • Fingerprint, Facial Recognition • Infrared remote control, AI Call translator • AI Editor 2.0, AI Nano Dual-Drive Cooling System"
dc28a9b61dd2,Nokia,Nokia Dual-SIM,863.0,895.0,[],[],[],Feature Phones,True,Network: 2G | Sim Type: Mini-SIM | Port Type: micro USB | Display Type: TFT LCD | Charging Type: Wired | Number of Sim: Dual-SIM | kf_brand: Nokia | kf_model_name: 105 (2023) | kf_display: 1.8 Inch (120 x 160) TFT LCD Display | kf_rear_camera: Not Available | kf_battery: 1000 mAh Li-ion Battery | kf_connectivity: Wireless FM radio & microUSB 1.1
df1400cda40e,Itel,Itel A200 Plus,6344.0,6360.0,[128.0],[3.0],['LTE'],Smart Phones,True,"Network: LTE | Sim Type: Nano-SIM | Port Type: Type C | Display Type: IPS LCD | Charging Type: Wired | Number of Sim: Dual-SIM | Display Resolution: 720x1600 | Operating System Type: Android 15 | Water Resistant: Yes | Screen Size: 6.7500 Inch | Front Camera: 5.0000 megapixels | Primary Camera: 13.0000 megapixels | Battery Capacity: 6000 mAh | Connectivity: Wifi -USB Type-C 2.0, OTG -Bluetooth  -GPS -Infrared | Chipset Manufacturer: Unisoc | Video Capture Format: 1080p@30fps | Processor Manufacturer: Unisoc T7250 (12 nm)- Octa-Core | Audio Jack Type: 3.5 mm | kf_brand: Itel | kf_model_name: A200 Plus | kf_display: 6.75-inch, 720 × 1600 pixels, 20:9 ratio (~260 ppi density), IPS LCD, 120Hz | kf_processor: Unisoc T7250 (12 nm)- Octa-Core | kf_rear_camera: 13 MP LED Flash Video 1080p@30fps | kf_front_camera: 5 MP | kf_battery: 6000 mAh, 18W fast wired charging | kf_num_sim_cards: 2 | kf_connectivity: Wifi USB Type-C 2.0, OTG Bluetooth GPS Infrared | kf_operating_system: Android 15 | kf_other_features: IP65 dust-tight and water-resistant Drop-resistant up to 1.8 meters"
e1a751deef71,Oppo,Oppo Reno 15,29199.0,43000.0,"[256.0, 512.0]",[12.0],['5G'],Smart Phones,True,"Network: 5G | Sim Type: Nano-SIM | Port Type: Type C | Display Type: OLED | Charging Type: Wired | Number of Sim: Dual-SIM | Display Resolution: 1256x2760 | Operating System Type: ColorOS 16.0 | Water Resistant: Yes | Screen Size: 6.5900 Inch | Front Camera: 50.0000 megapixels | Primary Camera: 50.0000 megapixels | Battery Capacity: 6500 mAh | Connectivity: Wi-Fi 6 (802.11ax) 802.11a/b/g/n, Wi-Fi Display, WLAN Tethering, Bluetooth 5.4, Low Energy, USB Type-C, Earphone Jack: Type-C, GPS, GLONASS, Beidou, Galileo, QZSS | Chipset Manufacturer: Qualcomm Snapdragon 7 Gen 4 Mobile Platform, Octa Core | Video Capture Format: 4 K video: 60fps, 30fps | Processor Manufacturer: Qualcomm Snapdragon 7 Gen 4 Mobile Platform, Octa Core | Audio Jack Type: Type-C | Gift: with Oppo Enco Buds3 Earbuds- Snow White | Zoom Capability: up to 3.5× optical zoom and 18× digital zoom | kf_brand: Oppo | kf_model_name: Reno 15 | kf_display: 6.59 inch, FHD+, (2760x1256), 460 PPI Refresh Rate: 120Hz Touch Sampling Rate: Max: 240Hz, Default: 120Hz Colour Depth: 1.07 billion colours (10-bit) Normal brightness: 600nits (Typical) HBM: 1200nits (Typical) Corning Gorilla GG7i Glass+AMOLED | kf_processor: Qualcomm Snapdragon 7 Gen 4 Mobile Platform, Octa Core | kf_rear_camera: Ultra-wide angle: 8MP; f/2.2; FOV 116°; 5P lens; AF supported Wide angle: 50MP; f/1.8; FOV 79°; 5P lens; AF supported; 2-axis OIS Telephoto: 50MP; f/2.8; FOV 30°; 4P lens; AF supported; 2-axis OIS Shooting Mode: Portrait, Night, PRO, SLO-MO, Dual-view video, TIME-LAPSE Video: 4K video: 60fps, 30fps Video zoom shooting: up to 3.5× optical zoom and 18× digital zoom | kf_front_camera: 50MP; f/2.0; FOV 100°; 5P lens; AF supported Shooting Mode: Portrait, Night, Panorama, Dual-view video, TIME-LAPSE Video: 4K video: 60fps, 30fps Video zoom shooting: up to 2× digital zoom | kf_battery: 6500mAh/25.48Wh, Fast Charge 80W SUPERVOOC | kf_num_sim_cards: Dual SIM | kf_connectivity: Wi-Fi 6 (802.11ax) 802.11a/b/g/n Wi-Fi Display, WLAN Tethering Bluetooth 5.4, Low Energy USB Type-C Earphone Jack: Type-C GPS, GLONASS, Beidou, Galileo, QZSS | kf_operating_system: ColorOS 16.0 | kf_other_features: Fingerprint, Facial Recognition Proximity sensor, Ambient light sensor Accelerometer, Gyroscope Infrared remote control IP69 Water and Dust resistance"
e34a601d7835,Honor,Honor Magic7 Pro,58237.0,58237.0,[512.0],[12.0],['5G'],Smart Phones,True,"Network: 5G | Port Type: Type C | Display Type: OLED | Charging Type: Wired / Wireless | Number of Sim: Dual-SIM | Water Resistant: Yes | kf_brand: Honor | kf_model_name: Magic 7 Pro | kf_display: 6.8 Inch, FHD+, OLED Gesture support 5000 nits 1600 nits HONOR NanoCrystal Shield 1280 × 2800 | kf_processor: Snapdragon 8 Elite Mobile Platform – Octa Core | kf_rear_camera: Triple camera system 200MP Telephoto camera (f/2.6, 3x optical zoom, up to 100x digital zoom, OIS) 50MP Wide main camera (f/1.4–f/2.0, OIS) 50MP Ultra-wide camera (f/2.0) Single rear LED flash | kf_front_camera: 50MP front camera + 3D depth camera (f/2.0) | kf_battery: 5850 mAh 100W HONOR SuperCharge 80W Wireless HONOR SuperCharge Dual SIM | kf_connectivity: Wi-Fi 6/7 (802.11 a/b/g/n/ac/ax/be), 2x2 MIMO (2.4GHz/5GHz/6GHz) Bluetooth 5.4 GPS / AGPS / GLONASS / BeiDou / Galileo USB Type-C, USB 3.2 Gen1 Infrared remote control OTG, Wi-Fi Direct, Hotspot 3D face unlock Sensors: gravity, infrared, compass, fingerprint, accelerometer, gyroscope, ambient light, proximity HONOR Surround Subwoofer Water & dust resistance: IP68 & IP69 | kf_video: up to 4K @ 60fps EIS + OIS 16384 × 12288 pixels up to 4K 8192 × 6144 pixels"
e35cae83ed12,Apple,Apple iPhone 17 Pro Max,94999.0,189999.0,"[256.0, 512.0, 1024.0, 2048.0]",[12.0],['5G'],Smart Phones,True,"Network: 5G | Port Type: Type C | Display Type: LTPO Super Retina XDR OLED | Charging Type: Wired / Wireless | Number of Sim: Single SIM | Display Resolution: 1320x2868 | kf_brand: Apple | kf_model_name: iPhone 17 Pro Max | kf_display: 6.9-inch LTPO Super Retina XDR OLED display, (1320 x 2868) 120Hz Refresh rate, 1000 nits (typ), 1600 nits (HBM), 3000 nits (peak) | kf_processor: Apple A19 Pro (3 nm) Hexa-core | kf_rear_camera: 48 MP, f/1.8, 24mm (wide), 1/1.28"", 1.22µm, dual pixel PDAF, sensor-shift OIS 48 MP, f/2.8, 100mm (periscope telephoto), 1/2.55"", 0.7µm, PDAF, 3D sensor‑shift OIS, 4x optical zoom 48 MP, f/2.2, 13mm, 120˚ (ultrawide), 1/2.55"", 0.7µm, PDAF TOF 3D LiDAR scanner (depth) Dual-LED dual-tone flash, HDR (photo/panorama) Video 4K@24/25/30/60/100/120fps, 1080p@25/30/60/120/240fps, 10-bit HDR, Dolby Vision HDR (up to 120fps), ProRes, ProRes RAW (up to 120fps), Apple Log 2, 3D (spatial) video/audio, stereo sound rec. | kf_front_camera: 18 MP multi-aspect, f/1.9, 20mm (ultrawide), PDAF SL 3D, (depth/biometrics sensor) HDR, Dolby Vision HDR, 3D (spatial) audio, stereo sound rec., ProRes RAW, Apple Log 2 Video 4K@24/25/30/60fps, 1080p@25/30/60/120fps, gyro-EIS | kf_num_sim_cards: 1 | kf_connectivity: Wi-Fi Bluetooth 6.0 GPS USB Type-C 3.2 Gen 2, DisplayPort | kf_operating_system: iOS 26 | kf_other_features: Face ID, accelerometer, gyro, proximity, compass, barometer sensors IP68 dust-tight and water-resistant"
e37aaa0dcf05,Apple,Apple iPhone 17 Pro,92400.0,118732.0,"[256.0, 512.0, 1024.0]",[12.0],['5G'],Smart Phones,True,"Network: 5G | Sim Type: Nano SIM and eSIM | Port Type: Type C | Display Type: LTPO Super Retina XDR OLED | Charging Type: Wired / Wireless | Display Resolution: 1206x2622 | kf_num_sim_cards: Dual SIM | kf_connectivity: Bluetooth 6, USB Type-C 3.2 Gen 2 with DisplayPort, GPS , Wi-Fi for better and secure connectivity | kf_other_features: Face ID IP68 water and dust resistance Crash Detection for emergency assistance"
e37df9589f45,Realme,Realme C30s,5595.0,5595.0,[64.0],[3.0],['4G'],Smart Phones,True,"Network: 4G | Sim Type: Nano-SIM | Port Type: micro USB | Display Type: IPS LCD | Charging Type: Wired | Number of Sim: Dual-SIM | kf_brand: Realme | kf_model_name: C30s | kf_display: 6.5 Inch, IPS LCD (720x1600) | kf_processor: Cortex-A55, Octa-core 1.6 GHz | kf_rear_camera: 8 MP, (wide), 1/4.0"", 1.12µm Features: LED flash, HDR, panorama Video: 1080p@30fps | kf_front_camera: 5 MP, (wide), 1/5.0"", 1.12µm Features: HDR Video: 720p@30fps | kf_battery: 5000 mAh, 10W | kf_connectivity: Wi-Fi 802.11 b/g/n, Bluetooth 4.2, A2DP Positioning GPS, GLONASS, Micro USB 2.0, OTG"
e9a643c2231f,Vivo,Vivo Y73,9702.0,9702.0,[128.0],[8.0],['4G LTE'],Smart Phones,True,"Network: 4G LTE | Port Type: Type C | Display Type: AMOLED | Charging Type: Wired | Number of Sim: Dual-SIM | Water Resistant: Yes | kf_brand: Vivo | kf_model_name: Y73 | kf_display: 6.4-inch AMOLED (1080×2400) touchscreen | kf_processor: Mediatek Helio G95 octa-core processor | kf_rear_camera: 64 MP, f/1.8, 26mm (wide) 2 MP, f/2.4, (macro) 2 MP, f/2.4, (depth) | kf_front_camera: 16 MP, f/2.0, (wide) | kf_battery: 4000mAh with 33W fast charge | kf_connectivity: Wi-Fi, Bluetooth 5.0, GPS, Type-C USB 2.0, under-display fingerprint"
eb094a9f4554,Honor,Honor X6c,7614.0,10029.0,"[128.0, 256.0]",[6.0],['4G LTE'],Smart Phones,True,"Network: 4G LTE | Sim Type: Nano-SIM | Port Type: Type C | Display Type: TFT LCD | Charging Type: Wired | Number of Sim: Dual-SIM | kf_brand: Honor | kf_model_name: X6c | kf_display: 6.61 Inch, TFT LCD, 120Hz, 1010 nits 720 x 1604 | kf_processor: Mediatek Helio G81 Ultra (12 nm)- Octa core | kf_rear_camera: Dual Camera 50 MP, f/1.8, (wide), PDAF QVGA, (depth) LED flash, HDR, panorama Video 1080p@30fps | kf_front_camera: 5 MP, f/2.2, (wide) Video 1080p@30fps | kf_battery: 5300 mAh, 35W wired | kf_num_sim_cards: 2 | kf_connectivity: Wi-Fi Bluetooth 5.1 Positioning GPS USB Type-C 2.0, OTG Other Features Fingerprint (side-mounted) IP64 dust tight and water resistant"
eba210c3583a,Nokia,Nokia 105 2023 Dual-SIM,1044.0,1044.0,[],[],[],Feature Phones,True,Network: 2G | Sim Type: Mini-SIM | Display Type: TFT LCD | Charging Type: Wired | Number of Sim: Dual-SIM | Display Resolution: 120x160 | kf_brand: Nokia | kf_model_name: 105 (2023) | kf_display: 1.8 Inch (120 x 160) TFT LCD Display | kf_rear_camera: Not Available | kf_battery: 1000 mAh Li-ion Battery | kf_connectivity: Wireless FM radio & microUSB 1.1
ed716e8147d7,Oppo,Oppo Reno 14F,24222.0,24222.0,[256.0],[12.0],['5G'],Smart Phones,True,"Network: 5G | Sim Type: Nano-SIM | Port Type: Type C | Display Type: AMOLED | Charging Type: Wired | Number of Sim: Dual-SIM | kf_brand: Oppo | kf_model_name: Reno 14F | kf_display: • 6.57 Inch, AMOLED, 397 PPI, 120 Hz • Resolution: 2372 × 1080 • Touch sampling rate: up to 240 Hz • Brightness: 600 nits, 1400 nits (HBM) | kf_processor: Qualcomm Snapdragon 6 Gen 1 Mobile Platform, Octa core | kf_rear_camera: • Triple Camera • 50 MP wide-angle, f/1.8, 79° FOV, 5P lens, autofocus • 8 MP ultra-wide, f/2.2, 112° FOV, 5P lens • 2 MP macro, f/2.4, 89° FOV, 3P lens • Up to 4K 30fps, Dual-view video shooting | kf_front_camera: • 32 MP, f/2.0, 90° FOV, 5P lens, autofocus • Up to 1080P 30fps, Dual-view video shooting • Support TIME-LAPSE 1080P 30fps | kf_battery: 6000 mAh, Fast Charging 45 Watt SUPERVOOC | kf_num_sim_cards: Dual SIM | kf_connectivity: • Wi-Fi 5 (802.11ac), 802.11b/g/a/n • Bluetooth 5.1, USB Type-C • Earphone Jack: Type-C • Beidou, GPS, GLONASS, Galileo, QZSS | kf_other_features: • Fingerprint, Facial recognition. • IP69 water and dust resistance. • AI Editor 2.0, AI Ultra-thin Dual-Drive Cooling System."
f0f6f83d5554,Xiaomi,Xiaomi Redmi 15,9754.0,11502.0,"[128.0, 256.0]","[6.0, 8.0]",['4G'],Smart Phones,True,"Network: 4G | Sim Type: Nano-SIM | Port Type: Type C | Display Type: IPS LCD | Charging Type: Wired | Number of Sim: Dual-SIM | kf_brand: Xiaomi | kf_model_name: Redmi 15 | kf_display: 6.9 Inch IPS LCD, 144Hz, 600 nits (typ) 700 nits (HBM), 850 nits (peak) Resolution: 1080 x 2340 pixels Corning Gorilla Glass 3, Mohs level 6 | kf_processor: Qualcomm SM6375 Snapdragon 6s Gen 3 (6 nm), Octa-core | kf_rear_camera: Dual Camera 50 MP, f/1.8, (wide), 1/2.88"" 0.61μm, PDAF Auxiliary lens Features: LED flash, HDR Video: 1080p@30fps | kf_front_camera: 8 MP, f/2.0, (wide) Features: HDR Video: 1080p@30fps | kf_battery: Battery Capacity: 7000 mAh 33W wired 18W reverse wired | kf_num_sim_cards: Dual SIM | kf_connectivity: Wi-Fi 802.11 a/b/g/n/ac, dual-band Wi-Fi Direct Bluetooth 5.1, A2DP, LE, aptX GPS, GLONASS, GALILEO, BDS Infrared port USB Type-C 2.0, OTG | kf_other_features: IP64 dust-tight and water-resistant (water splashes) Card slot: microSDXC Loudspeaker 24-bit/192kHz Hi-Res audio Fingerprint (side-mounted), accelerometer, compass Virtual proximity sensing"
f216375d393a,Samsung,Samsung Galaxy A27,18999.0,19222.0,[256.0],[8.0],['5G'],Smart Phones,True,"Network: 5G | Sim Type: Nano-SIM | Port Type: Type C | Display Type: Super AMOLED | Charging Type: Wired | Number of Sim: Dual-SIM | kf_brand: Samsung | kf_model_name: Galaxy A27 | kf_display: 6.7-inch, Super AMOLED, 120Hz, (1080 x 2340) | kf_processor: Qualcomm SM6475-AB Snapdragon 6 Gen 3 (4 nm)-Octa Core | kf_rear_camera: 50 MP, f/1.8, (wide), 1/2.76"", 0.64µm, PDAF, OIS 5 MP, f/2.2, (ultrawide), 1/5.0"", 1.12µm 2 MP (macro) LED flash, panorama, HDR Video: 4K@30fps, 1080p@30fps, 720p@480fps, gyro-EIS | kf_front_camera: 12 MP, f/2.2, (wide) Video 1080p@30fps | kf_battery: 5000 mAh, 25W wired, 45% in 30 min | kf_num_sim_cards: 2 | kf_connectivity: Bluetooth 5.1 Wi-Fi GPS USB Type-C 2.0, OTG | kf_operating_system: Android 16 | kf_other_features: Fingerprint (side-mounted), accelerometer, gyro, compass IP64 dust tight and water resistant (water splashes)"
f66f2e348d2e,Samsung,Samsung Galaxy M55,16999.0,16999.0,[256.0],[8.0],['5G'],Smart Phones,True,"Network: 5G | Sim Type: Nano-SIM | Port Type: Type C | Display Type: Super AMOLED | Charging Type: Wired | Number of Sim: Dual-SIM | kf_brand: Samsung | kf_model_name: Galaxy M55 | kf_display: 6.7 Inch, Super AMOLED+, 120Hz, 1000 nits (HBM) Always-on display 1080 × 2400 | kf_processor: Qualcomm SM7450-AB Snapdragon 7 Gen 1 (4 nm), Octa-core | kf_rear_camera: Triple Camera • 50 MP, f/1.8, (wide), 1/1.56"", 1.0µm, PDAF, OIS • 8 MP, f/2.2, 123˚ (ultrawide) • 2 MP, f/2.4, (macro) • Features: LED flash, panorama, HDR • Video: 4K@30fps, 1080p@30/60fps, gyro-EIS, OIS | kf_front_camera: • 50 MP, f/2.4, (wide) • Video: 4K@30fps, 1080p@30/60fps • Battery Capacity: 5000 mAh, 45W Fast Charging | kf_num_sim_cards: Dual SIM | kf_connectivity: • Wi-Fi 802.11 a/b/g/n/ac/6, dual-band, Wi-Fi Direct • Bluetooth 5.2, A2DP, LE • GPS, GALILEO, GLONASS, BDS, QZSS • USB Type-C 2.0, OTG | kf_other_features: • Stereo speakers • Fingerprint (under display, optical), accelerometer • Gyro, proximity, compass"
f6700577880e,Xiaomi,Xiaomi POCO C85,8549.0,8555.0,[256.0],[8.0],['4G'],Smart Phones,True,"Network: 4G | Sim Type: Nano-SIM | Port Type: Type C | Display Type: IPS LCD | Charging Type: Wired | Display Resolution: 720x1600 | kf_brand: Xiaomi | kf_model_name: POCO C85 | kf_display: 6.9-inch IPS LCD display Resolution 1600x720 Refresh rate Up to 120Hz Brightness 660 nits (typ), 810 nits HBM | kf_processor: MediaTek Helio G81-Ultra - Octa-core | kf_rear_camera: 50MP main camera, 5P lens, f/1.8, Auxiliary lens, Film Camera HDR mode,  Night mode, Portrait mode,  Time-lapse Video recording 1080p (1920x1080) HD video recording at 30 fps, 720p (1280x720) HD video recording at 30 fps | kf_front_camera: 8MP front camera, f/2.0, Film Camera HDR mode, Soft-light ring, Portrait mode,  Time-lapse, Night mode Video recording1080p (1920x1080) HD video recording at 30 fps, 720p (1280x720) HD video recording at 30 fps | kf_battery: 6000mAh, Supports 33W fast charging | kf_num_sim_cards: 2 | kf_connectivity: Wi-Fi, Bluetooth 5.4, GPS, USB Type-C, 3.5mm headphone jack | kf_other_features: IP64 resistant to splash and dust Virtual proximity, Ambient light, Accelerometer, Electronic compass sensors Side fingerprint sensor, and AI face unlock"
f6e8e16dcd6d,HMD,HMD Arc,9999.0,9999.0,[64.0],[4.0],[],Smart Phones,True,"Operating System Type: Android 14 | Screen Size: 6.5200 Inch | Front Camera: 5.0000 megapixels | Primary Camera: 13.0000 megapixels | Battery Capacity: 5000 mAh | Connectivity: Wi-Fi -Bluetooth 5.2 -GPS - FM radio -USB Type-C | kf_brand: HMD | kf_model_name: Arc | kf_display: 6.52-inch ( 576 x 1280) IPS LCD, 460 nits (peak) | kf_processor: Unisoc SC9863A (28 nm)- Octa Core | kf_rear_camera: 13 MP, (wide), AF, LED flash, panorama | kf_front_camera: 5 MP | kf_battery: 5000 mAh 10 Watt wired | kf_num_sim_cards: 1 | kf_connectivity: Wi-Fi Bluetooth 5.2 GPS FM radio USB Type-C | kf_other_features: Fingerprint (side-mounted), accelerometer, proximity"
f792646a170c,Nokia,Nokia 5310,882.0,882.0,[],[],[],Feature Phones,True,"Screen Size: 2.4000 Inch | Battery Capacity: 1200 mAh | Connectivity: Bluetooth, micro USB 1.1, FM Radio | Processor Manufacturer: MediaTek | Ram Size: 8 MB | Storage Capacity: 16 MB | kf_brand: Nokia | kf_model_name: 5310 | kf_display: 2.4-inch (240x320) TFT Display | kf_processor: MediaTek MT6260A | kf_rear_camera: VGA Rear Camera | kf_battery: 1200mAh | kf_connectivity: Bluetooth, Micro USB 1.1, FM Radio | kf_memory: 16MB Internal Storage, 8MB RAM"
f7a971278184,Techno,Techno Spark 30,9999.0,9999.0,[256.0],[8.0],['4G LTE'],Smart Phones,True,"Network: 4G LTE | Sim Type: Nano-SIM | Port Type: Type C | Display Type: IPS LCD | Charging Type: Wired | Audio Jack Type: Type-C | kf_brand: Tecno | kf_model_name: Spark 30 Display 6.78 inch, IPS LCD, 90Hz, 800 nits 1080 x 2460 KL6 | kf_processor: Mediatek Helio G91 (12 nm) Rear Camera 64 MP, (wide), 1/1.73"", 0.8µm, PDAF, Auxiliary lens Quad-LED flash, HDR Video 1440p\@30fps, 1080p\@30fps Front Camera 13 MP, (wide) Dual-LED dual-tone flash Video 1080p\@30fps | kf_battery: 5000 mAh, 18W wired | kf_num_sim_cards: 2 Connectivity Wi-Fi Bluetooth Positioning GPS USB Type-C Other Features Fingerprint (side-mounted)"
fc06148e46a3,Xiaomi,Xiaomi Redmi Note 14 Pro,15888.0,18852.0,"[256.0, 512.0]","[8.0, 12.0]",['4G LTE'],Smart Phones,True,"Network: 4G LTE | Sim Type: Nano-SIM | Port Type: Type C | Display Type: AMOLED | Charging Type: Wired | Number of Sim: Dual-SIM | Display Resolution: 1220x2712 | Operating System Type: Xiaomi HyperOS | Water Resistant: Yes | Screen Size: 6.6700 Inch | Front Camera: 32.0000 megapixels | Primary Camera: 200.0000 megapixels | Battery Capacity: 5500 mAh | Connectivity: Wi-Fi, Bluetooth 5.3, GPS, GALILEO, GLONASS, QZSS, BDS, Infrared port, USB Type-C 2.0, OTG | Chipset Manufacturer: Mediatek | Video Capture Format: 4K @ 24/30fps, 1080p@30/60/120fps, gyro-EIS, OIS | Processor Manufacturer: Mediatek | Memory Card Slot: No | kf_brand: Xiaomi | kf_model_name: Redmi Note 14 Pro Display 6.67 Inch, AMOLED, 68B colors, 120Hz, HDR10+ Dolby Vision, 1800 nits (p2712eak) Corning Gorilla Glas2712s Victus 2, Always-on display (1220 x 2712) Processor Mediatek Helio G100 Ultra (6 nm) - Octa Core Rear Camera Triple Camera 200 MP, f/1.7, 23mm (wide), 1/1.4"", 0.56µm, multi-directional PDAF, OIS 8 MP, f/2.2, 15mm, 120˚ (ultrawide), 1/4.0"", 1.12µm 2 MP, f/2.4, (macro) | kf_battery: 5500 mAh, 45W | kf_num_sim_cards: Dual SIM Connectivity Wi-Fi 802.11 a/b/g/n/ac/6, dual-band, Wi-Fi Direct Bluetooth 5.3, A2DP, LE Positioning GPS, GALILEO, GLONASS, QZSS, BDS Infrared port USB Type-C 2.0, OTG Other Features IP64 dust tight and water resistant (immersible up to 1.5m for 30 min) Stereo speakers (with Dolby Atmos) Fingerprint (under display, optical), accelerometer, gyro, compass, proximity | kf_other_features: LED flash, HDR, panorama HDR, panorama | kf_video: 4K@24/30fps, 1080p@30/60/120fps, gyro-EIS, OIS Front Camera 32 MP, f/2.2, 25mm (wide), 1/4.0"", 0.7µm 1080p@30/60fps"
fcf48bd90418,Samsung,Samsung Galaxy A57,26999.0,33500.0,"[256.0, 512.0]","[8.0, 12.0]",['5G'],Smart Phones,True,"Network: 5G | Sim Type: Nano-SIM | Port Type: Type C | Display Type: Super AMOLED Plus | Charging Type: Wired | Number of Sim: Dual-SIM | Display Resolution: 2340x1080 | Operating System Type: Android 16 | Water Resistant: Yes | Screen Size: 6.7000 Inch | Front Camera: 12.0000 megapixels | Primary Camera: 50.0000 megapixels | Battery Capacity: 5000 mAh | Connectivity: USB Type-C -Bluetooth v6.0 -Wi-Fi 802.11a/b/g/n/ac/ax 2.4GHz+5GHz+6GHz, HE80, MIMO, 1024-QAM -Switch (PC version) -GPS, Glonass, Beidou, Galileo, QZSS | Chipset Manufacturer: Exynos 1680 | Video Capture Format: MP4, M4V, 3GP, 3G2, AVI, FLV, MKV, WEBM | Audio Jack Type: Type-C | Zoom Capability: zoom up to 10x | Water Resistance Level: 1.5000 Meter | kf_brand: Samsung | kf_model_name: Galaxy A57 | kf_display: 6.7 inch, Super AMOLED Plus 1080 x 2340‎ (FHD+), 120 Hz‎ | kf_processor: Exynos 1680, Eight-core speed: 2.9 GHz, 2.6 GHz, 1.9 GHz | kf_rear_camera: 3 Rear Cameras ‎50.0 MP +12.0 MP + 5.0 MP‎ With Optical Image Stabilizer and Autofocus Video Recording Resolution: UHD 4K(3840×2160) at 30 fps | kf_front_camera: 12.0 MP supports Digital zoom up to 10x | kf_battery: 5000 mAh Up to 29 hours of Video Playback Time Fast charging 45 watts | kf_num_sim_cards: 2 | kf_connectivity: USB Type-C Bluetooth v6.0 Wi-Fi 802.11a/b/g/n/ac/ax 2.4GHz+5GHz+6GHz, HE80, MIMO, 1024-QAM Switch (PC version) GPS, Glonass, Beidou, Galileo, QZSS | kf_operating_system: Android 16 | kf_other_features: Fingerprint Sensor Accelerometer, Gyro Sensor Ground Magnetism Sensor Light Sensor, Proximity Sensor"
fd26c5a78208,Samsung,Samsung Galaxy S26,49500.0,49940.0,[256.0],[12.0],['5G'],Smart Phones,True,"Network: 5G | Sim Type: Nano-SIM | Port Type: Type C | Display Type: Dynamic AMOLED 2X | Charging Type: Wired | Number of Sim: Dual-SIM | Display Resolution: 2340x1080 | Operating System Type: Android 16 | Screen Size: 6.3000 Inch | Front Camera: 12.0000 megapixels | Primary Camera: 50.0000 megapixels | Battery Capacity: 4300 mAh | Connectivity: USB Type-C 3.2 Gen 1 -GPS -Wifi -Bluetooth 5.4 | Chipset Manufacturer: Snapdragon 8 Elite | Video Capture Format: UHD 8K (7680 x 4320)@30fps | Processor Manufacturer: Snapdragon 8 Elite Gen 5-Deca-Core | Zoom Capability: Optical Zoom 3x, Optical quality Zoom 2x, Digital Zoom up to 30x | kf_brand: Samsung | kf_model_name: Galaxy S26 | kf_display: 6.3-inch Full HD+ Dynamic AMOLED 2X 120Hz Refresh Rate, (2340 x 1080) | kf_processor: Snapdragon 8 Elite Gen 5-Deca-Core | kf_rear_camera: Triple Camera ( 50.0 MP + 10.0 MP + 12.0 MP ) F1.8 , F2.4 , F2.2 Auto Focus, OIS Optical Zoom 3x, Optical quality Zoom 2x (Enabled by Adaptive Pixel sensor) , Digital Zoom up to 30x UHD 8K (7680 x 4320)@30fps 240fps @FHD, 120fps @FHD, 120fps @UHD Slow Motion | kf_front_camera: 12MP, F2.2 | kf_battery: 4300 mAh, Supports 25W Fast Charging Up to 30 Hours Video Playback Time | kf_num_sim_cards: Dual SIM | kf_connectivity: USB Type-C 3.2 Gen 1 GPS Wifi Bluetooth 5.4 | kf_operating_system: Android 16 | kf_other_features: Accelerometer, Barometer, Fingerprint Sensor, Gyro Sensor Geomagnetic Sensor, Hall Sensor, Light Sensor, Proximity Sensor"
fd841784e0ea,Nothing,Nothing Phone 3A,24625.0,24999.0,[256.0],[12.0],['5G'],Smart Phones,True,"Network: 5G | Sim Type: Nano-SIM | Port Type: Type C | Display Type: AMOLED | Charging Type: Wired | Number of Sim: Dual-SIM | kf_brand: Nothing | kf_model_name: Phone 3A Display 6.77 Inches AMOLED display 1B colors, 120Hz, 2160Hz PWM, HDR10+ 800 nits (typ), 1300 nits (HBM), 3000 nits (peak) Resolution 1080 x 2392 pixels Ultra HDR image support | kf_processor: Qualcomm SM7635 Snapdragon 7s Gen 3 (4 nm) - Octa Core Rear Camera Triple Camera 50 MP, f/1.9, 24mm (wide), 1/1.57"", 1.0µm, dual pixel PDAF, OIS 50 MP, f/2.0, 50mm (telephoto), 1/2.74"", 0.64µm, PDAF (25cm - ∞), 2x optical zoom 8 MP, f/2.2, 15mm, 120˚ (ultrawide), 1/4.0"", 1.12µm Features: LED flash, panorama, HDR Video: 4K@30fps, 1080p@30/60/120fps, gyro-EIS, OIS Front Camera 32 MP, f/2.2, 22mm (wide), 1/3.44"" Video: 1080p@30fps Battery 5000 mAh Battery capacity Charging: 50 watts wired, 50% in 19 min, 100% in 56 min | kf_num_sim_cards: Dual SIM Connectivity Wi-Fi, Bluetooth 5.4, USB-C 2.0, OTG Positioning: GPS, GALILEO, GLONASS, BDS, QZSS Other Features Fingerprint (under display, optical), accelerometer, gyro, proximity, compass sensors IP64 Dust tight and water resistant 3 LED light strips on the back With stereo speakers"
fefcd6d5b829,Infinix,Infinix Hot 60i,7840.0,9102.0,"[128.0, 256.0]","[6.0, 8.0]",['4G'],Smart Phones,True,"Network: 4G | Sim Type: Nano-SIM | Display Type: IPS LCD | Charging Type: Wired | Number of Sim: Dual-SIM | Operating System Type: XOS 15.1 | kf_brand: Infinix | kf_model_name: Hot 60i | kf_display: Type: IPS LCD, 120Hz, 700 nits (HBM) 6.7 inches, 720 x 1600 pixels | kf_processor: Mediatek Helio G81 Ultimate (12 nm), Octa-core | kf_rear_camera: 50 MP, (wide), AF Auxiliary lens Features: Dual-LED flash, HDR, panorama Video: 1440p@30fps | kf_front_camera: 8 MP, (wide), Video | kf_battery: 5160 mAh 45W wired, 50% in 24 min 10W reverse wired, Bypass charging | kf_num_sim_cards: Dual SIM | kf_connectivity: Wi-Fi 802.11 a/b/g/n/ac, dual-band Bluetooth 5.3, A2DP, LE Positioning GPS FM radio USB Type-C 2.0, OTG | kf_other_features: IP64 dust tight and water resistant (water splashes) Drop resistant up to 1.5m Stereo speakers Fingerprint (side-mounted) Accelerometer, gyro, proximity, compass"
ff6cdbf6ceb8,Samsung,Samsung Galaxy A16,7777.0,8702.0,[128.0],[4.0],['4G LTE'],Smart Phones,True,"Network: 4G LTE | Sim Type: Nano-SIM | Port Type: Type C | Display Type: AMOLED | Charging Type: Wired | Number of Sim: Dual-SIM | kf_brand: Samsung | kf_model_name: Galaxy A16 | kf_display: 6.7 inch, Super AMOLED, 90Hz ( 1080 x 2340 ) | kf_processor: Mediatek Helio G99 (6 nm)- Octa Core | kf_rear_camera: 50 MP, f/1.8, (wide), AF: 5 MP, f/2.2, (ultrawide): 2 MP, f/2.4, (macro) | kf_front_camera: 13 MP, f/2.0, (wide) | kf_battery: 5000 mAh, 25 Watt wired charging | kf_num_sim_cards: 2 | kf_connectivity: Wi-Fi, Bluetooth 5.3, GPS, USB Type-C 2.0, Fingerprint"
