model_id,brand,model,price_min,price_max,storage_options,ram_options,network,category,in_stock,spec_text
01b910b3a0dd,Oppo,Oppo Find X9 Pro,69999.0,69999.0,[512.0],[16.0],['5G'],Smart Phones,True,"Brand: Oppo | Model: Find X9 Pro; CPH2791 | Display: 6.78 Inch, 450 PPI; FHD+, AMOLED (2772 × 1272) | Processor: MediaTek Dimensity 9500, 8 cores | Rear Camera: Quad Camera | Front Camera: 50MP, f/2.0, FOV 90°, 5P lens, AF | Battery: 7500mAh; Fast Charge 80W SUPERVOOC | SIM Cards: Dual SIM | Connectivity: Wi-Fi Display, WLAN Tethering; Wi-Fi 6GHz 320MHz; Bluetooth 6.0; USB-C, USB 3.2 Gen 1; GPS, GLONASS, Galileo, QZSS, NavIC | Other Features: Fingerprint, Facial Recognition; Proximity sensor, Ambient light sensor; Accelerometer, Gyroscope; Laser focusing sensor, Spectral sensor; Infrared remote control | Unknown Refresh Rate: 120Hz | Video: Up to 4K video: 120fps; Up to 4K video: 60fps | Unknown Touch Sampling Rate: 240Hz, Default: 120Hz | Unknown Ultra Wide Angle: 50MP, f/2.0, FOV 120°, 6P lens, AF | Unknown Wide Angle: 50MP, f/1.5, FOV 84°, 7P lens, AF, OIS | Unknown Shooting Mode: Portrait, Night, SLO-MO, Dual-view video, TIME-LAPSE; Portrait, Night, Dual-view video, TIME-LAPSE | Unknown Brightness: Normal: 800nits, HBM: 1800nits; Corning Gorilla Glass Victus 2 | Unknown Monochrome: 2MP, f/2.4, FOV 88°, 3P lens | Unknown Telephoto: 200MP, f/2.1, FOV 34°, 6P lens, AF, OIS | Unknown Color Depth: 1.07 billion colors (10-bit) | Unknown Optical Zoom: Up to 3X, Digital Zoom: Up to 18X"
01c0fbf13197,Honor,Honor 600 Lite,19120.0,22120.0,"[128.0, 256.0]",[8.0],['5G'],Smart Phones,True,"Brand: Honor | Model: 600 Lite | Display: 6.6-inch AMOLED Display; 800 nits (typical) 2000 nits (HBM type) 6500 nits (APL type); 1200x2600 pixels; Eye Comfort Technology | Processor: MediaTek Dimensity 7100 Elite-G610 MC2-Octa-core | Rear Camera: 108MP Main Camera(f/1.75); 5MP Ultra-Wide Camera(f/2.2); Support up to 12000x8976 pixels; Video Shooting Support up to 1080P (1080×2520) video recording; Rear single LED flash; Up to 10X Digital zoom | Front Camera: 16MP Camera (f/2.45); Support up to 1080P (1920×1080) video recording; Support up to 4608x3456 pixels Image Resolution; Support 2D Face Recognition | Battery: 6320mAh, 45W wired, Standard Charger 45W HONOR SuperCharge | SIM Cards: 2 | Connectivity: Wifi; Bluetooth 6.0; GPS; Type-C, USB 2.0 | Operating System: MagicOS 10 (Based on Android 16) | Other Features: IP66 Water and Dust Resistance; Gravity Sensor; Fingerprint Sensor; Compass Sensor; Ambient Light Sensor"
020e41e81ae6,Nokia,Nokia 210 Dual-SIM,828.0,856.0,[],[],[],Feature Phones,True,"Brand: Nokia | Model: 210 | Display: 2.4-inch TFT screen | Rear Camera: 0.3MP rear camera | Battery: 1020mAh; Connectivity; Bluetooth 3.0, FM radio, micro USB 2.0, 3.5mm headphone jack | SIM Cards: Dual SIM | Memory: 16MB internal storage"
04dce69c44b0,Honor,Honor X8C,15505.0,15505.0,[512.0],[8.0],['4G LTE'],Smart Phones,True,"Brand: Honor | Model: X8C | Display: – 6.7 Inch, AMOLED, 120Hz; – 1200 nits (HBM), 2800 nits (peak), (1080 x 2412) | Processor: – Qualcomm SM6225 Snapdragon 685 (6 nm), Octa Core | Rear Camera: – Dual Camera; – 108 MP, f/1.8, 24mm (wide), 1/1.67"", PDAF, OIS; – 5 MP, f/2.2, (ultrawide) | Front Camera: – 50 MP, f/2.1, (wide) | Battery: – 5000 mAh, 35W | SIM Cards: – Dual SIM | Connectivity: – Wi-Fi 802.11 a/b/g/n/ac, dual-band, Wi-Fi Direct; – Bluetooth 5.0/5.1, A2DP, LE | Other Features: – IP64 dust tight and water resistant (water splashes), (up to 0.25m for 3 min, 0.5m for 1 min); – Drop resistant up to 1.8m; – Fingerprint (side-mounted), accelerometer, gyro, compass, proximity (ultrasonic) | Unknown Video: 1080p@30fps, gyro-EIS; 1080p@30fps | Unknown Positioning: GPS, GLONASS, GALILEO, BDS | Unknown Features: LED flash, HDR, panorama | Unknown Usb Type: C 2.0, OTG"
05984217a598,Apple,Apple iPhone 16,46400.0,118376.0,"[128.0, 256.0]","[6.0, 8.0]",['5G'],Re-furbished Mobiles,True,"Brand: Apple | Model: iPhone 16 | Display: 6.1- Inch Super Retina XDR OLED (1179 x 2556); 1000 nits (typ), 2000 nits (HBM); Super Retina XDR OLED, 6.1-inch, 2556×1179 | Processor: Apple A18 (3 nm)-Hexa-core; Apple A18 | Rear Camera: 48 MP, f/1.6, 26mm (wide), 1/1.56"", 1.0µm, dual pixel PDAF, sensor-shift OIS; 12 MP, f/2.2, 13mm, 120˚ (ultrawide), 0.7µm, dual pixel PDAF; Dual-LED dual-tone flash, HDR (photo/panorama); Video 4K@24/25/30/60fps, 1080p@25/30/60/120/240fps, HDR, Dolby Vision HDR (up to 60fps), stereo sound rec.; 48MP Main (OIS) + 12MP Ultra Wide (Auto Focus) | Front Camera: 12 MP, f/1.9, 23mm (wide), 1/3.6"", 1.0µm, PDAF; SL 3D, (depth/biometrics sensor); HDR, Dolby Vision HDR, 3D (spatial) audio, stereo sound rec.; Video 4K@24/25/30/60fps, 1080p@25/30/60/120fps, gyro-EIS; 12MP | Battery: Up to 22 hours video playback | SIM Cards: 1; Single SIM; Dual SIM | Connectivity: Wi-Fi; Bluetooth 5.3; GPS; USB Type-C 2.0, DisplayPort; Wi-Fi 802.11 a/b/g/n/ac/6/7, dual-band, hotspot; Bluetooth 5.3, A2DP, LE; Positioning GPS, GLONASS, GALILEO, BDS, QZSS; Other Features; Stereo speakers; IP68 dust/water resistant (up to 6m for 30 min); Crash Detection for emergency assistance; Sensors; Face ID, accelerometer, gyro, proximity, compass, barometer; Ultra Wideband (UWB) support (gen2 chip); Emergency SOS, Messages and Find My via satellite; Bluetooth 5.3, USB-C, NFC, Wi-Fi 7 | Operating System: iOS 18 | Other Features: Face ID, accelerometer, gyro, proximity, compass, barometer sensors; IP68 dust-tight and water-resistant (immersible up to 6m for 30 min); Action Button, Apple Intelligence | Unknown Next Level Chip: Apple A18 (3 nm) for powerful performance, advanced gaming, and camera features; 6‑core CPU with 2 performance and 4 efficiency cores; 5‑core GPU; 16‑core Neural Engine | Unknown Full Control In A Pro Level Camera: Dual camera system for perfect shots in no time, with easy access to essential tools like zoom and depth of field and, Photographic Styles for personalized photos; 48 MP, f/1.6, 26mm (wide), 1/1.56"", 1.0µm, dual pixel PDAF, sensor-shift OIS with 2x optical-quality zoom for closer shots without losing clarity; 12 MP, f/2.2, 13mm, 120˚ (ultrawide), 0.7µm, dual pixel PDAF so no detail goes unnoticed; Features Dual-LED dual-tone flash, HDR (photo/panorama); Video 4K@24/25/30/60fps, 1080p@25/30/60/120/240fps, HDR, Dolby Vision HDR (up to 60fps), stereo sound rec. | Unknown Look Your Best With The Selfie Camera: 12 MP, f/1.9, 23mm (wide), 1/3.6"", PDAF for sharp, detailed selfies; SL 3D, (depth/biometrics sensor); Features HDR, Dolby Vision HDR, 3D (spatial) audio, stereo sound rec.; Video 4K@24/25/30/60fps, 1080p@25/30/60/120fps, gyro-EIS | Unknown Battery For All Day Power: 3561 mAh battery to charge fast with up to 50% in around 30 minutes via USB-C, or faster wireless charging with 25W MagSafe and 15W Qi2; Powered by the A18 chip, iPhone 16 delivers up to 22 hours of video playback, with support for 4.5W reverse wired"
059c6b30e64c,Xiaomi,Xiaomi Redmi Note 15,10999.0,19581.0,"[128.0, 256.0, 512.0]","[6.0, 8.0, 12.0]","['4G', '5G']",Smart Phones,True,"Brand: Xiaomi | Model: Redmi Note 15 | Display: 6.77-inch AMOLED display; Resolution (2392 × 1080); Up to 120Hz refresh rate; 3200 nits peak brightness, 800 nits (type) | Processor: MediaTek Helio G100-Ultra, 6nm, Octa-core; Snapdragon 6 Gen 3, 4nm, Octa-core | Rear Camera: 108MP main camera, 0.64μm, 9in1 1.92μm f/1.7, 6P lens, 1/1.67"" sensor size; 2MP depth camera f/2.4; Video recording1080p at 60fps, 1080p at 30fps, 720p at 30fps; 108MP main camera0.64μm, 9in1 1.92μm, f/1.7, 6P lens, 1/1.67"" sensor size; 8MP ultra-wide camera f/2.2; Video recording 4K at 30fps, 1080p at 30fps, 720p at 30fps | Front Camera: 20MP front camera sensor size 1/4'' f/2.2, 4P lens; video recording1080p at 30fps, 720p at 30fps; 20MP front camera 1/4'' sensor size f/2.2, 4P lens; Video recording 1080p at 30fps, 720p at 30fps | Battery: 6000mAh, 33W turbo charging; 5520mAh, 45W turbo charging | SIM Cards: 2 | Connectivity: Bluetooth 5.3; Wi-Fi; GPS; USB Type-C; Bluetooth 5.1 | Operating System: Xiaomi HyperOS 2 | Other Features: Proximity sensor, Ambient light sensor, Accelerometer, electronic compass; IP64 Splash, Water, and Dust Resistant; In-screen fingerprint sensor; AI face unlock; Virtual proximity sensor, Ambient light sensor, Accelerometer, Electronic compass; IP66 Splash, Water, and Dust Resistant"
0637b9a01197,Oppo,Oppo A5i,8358.0,8358.0,[64.0],[4.0],['4G LTE'],Smart Phones,True,"Brand: Oppo | Model: A5i | Display: 6.67 Inch, HD+ LCD, 264PPI, 90Hz; 1604 × 720 pixels | Processor: Qualcomm Snapdragon 6s Gen1, Octa Core | Rear Camera: 8MP, f/2.0, 4P lens; Autofocus, open-loop focus motor; 78° field of view; Up to 1080P@30fps | Front Camera: 5MP, f/2.2, 3P lens; 78° field of view, Fixed Focus; Up to 1080/720P@30fps | Battery: 5100mAh, 45-Watt SUPERVOOC fast charging | SIM Cards: Dual SIM | Connectivity: Wi-Fi 5 (802.11ac), 802.11a/b/g/n; Bluetooth 5.0, USB Type-C; Earphone Jack 3.5mm; BeiDou, GPS, GLONASS, Galileo, and QZSS | Other Features: IP54 splash and dust resistance.; Fingerprint, Facial Recognition.; Ultra Volume Mode, Turbo Torch. | Unknown Brightness: 1000 nits"
07c37a1b20eb,Oppo,Oppo Reno 13,30622.0,36882.0,"[256.0, 512.0]",[12.0],['5G'],Smart Phones,True,"Video: 4K@30/60fps, 1080p@30/60/120fps, EIS.; Front Camera; 50MP front camera to capture stunning selfies (AF, f/2.0, 90° FOV; and a 5P lens); 4K@30/60fps, 1080p@30/60fps, EIS.; Processor; MediaTek Dimensity 8350 Octa-Core Processor for powerful performance and efficient everyday multitasking.; Battery; 5600mAh battery with 80W fast charging on Oppo Reno 13 5G to stay connected all day and recharge quickly.; Connectivity; WiFi, Bluetooth 5.4, USB-C, Fingerprint, GPS, GLONASS, Galileo, QZSS | Unknown Oppo Reno 13 5G: AI -Powered Smartphone; Display; 6.59 Inches AMOLED display with ultra-slim edges with FHD+ (1256 x 2760 Pixels).; 120Hz refresh rate for smooth scrolling and immersive viewing experience.; Camera; 50MP wide angle camera for detailed everyday shots (OIS, AF, and f/1.8; FOV 79°; and 5P lens).; 8MP ultra-wide camera for landscapes shots (AF; f/2.2; FOV 116°; 2MP Monochrome camera to capture high-contrast monochrome shots (f/2.4; 89° FOV; and 3P lens)."
09189477c2e6,Realme,Realme C75x,8794.0,11646.0,"[128.0, 256.0]","[6.0, 8.0]",['4G'],Smart Phones,True,"Brand: Realme | Model: C75x | Display: 6.67 Inches, IPS LCD, 120Hz, 500 nits; 720 x 1604 | Processor: Mediatek Helio G81 Ultra (12 nm) | Rear Camera: 50 MP, f/1.8, (wide), 1/2.88"", PDAF | Front Camera: 5 MP, f/2.2, (wide), 1/5"" | Battery: 5600 mAh, 45W wired, 100% in 90 min | SIM Cards: 2 | Connectivity: Wi-Fi; Bluetooth 5.0; Positioning GPS; USB Type-C 2.0 | Other Features: LED flash, panorama; Fingerprint (side-mounted); Drop resistant up to 1.8 meters | Video: 1080p@30fps; Panorama"
0a2f092ba8fb,Infinix,Infinix GT 30 Pro,22888.0,23933.0,[512.0],[12.0],['5G'],Smart Phones,True,"Brand: Infinix | Model: GT 30 Pro | Display: 6.78 inches, 1224 x 2720 pixels | Processor: Mediatek Dimensity 8350 Ultimate (4 nm), Octa-core | Rear Camera: Dual Camera; 108 MP, f/1.9, (wide), 1/1.33"", 0.8µm, PDAF; 8 MP, f/2.2, 111˚ (ultrawide), 1/4.0"", 1.0µm, AF | Front Camera: 13 MP, f/2.2, (wide), 1/3.1"", 1.12µm | Battery: 5500 mAh; 45W wired, 30W wireless; 10W reverse wired; 5W reverse wireless, Bypass Charging 2 | SIM Cards: Dual SIM | Connectivity: Wi-Fi 802.11 a/b/g/n/ac/6, dual-band, Wi-Fi Direct; Bluetooth 5.4, A2DP, LE; Positioning GPS, GLONASS, GALILEO; Infrared port; FM radio; USB Type-C 2.0, OTG | Other Features: Dual-LED flash, HDR, panorama; IP64 dust-tight and water-resistant (water splashes); Customizable RGB LEDs on the back; Stereo speakers, tuned by JBL; Fingerprint (under display, optical); Accelerometer, proximity, compass, gyro | Video: 4K@30/60fps; 4K@30fps, 1080p@30fps | Unknown Type: AMOLED, 1B colors, 144Hz, 2304Hz PWM; 700 nits (typ), 1600 nits (peak), 4500 nits (peak); Corning Gorilla Glass 7i"
0de1b6ea4891,Itel,Itel S23,6705.0,6705.0,[128.0],[4.0],['4G LTE'],Smart Phones,True,"Brand: Itel | Model: S23 | Display: 6.6 inch IPS LCD, Resolution (720 x 1612 pixels) | Processor: Unisoc T606 (12 nm), Octa-core (2x1.6 GHz Cortex-A75 & 6x1.6 GHz Cortex-A55) | Rear Camera: 50 MP, f/1.6 (wide), 0.08 MP (auxiliary lens), LED flash | Front Camera: 8 MP, LED flash | Battery: 5000 mAh non-removable Li-Po, Supports 10W fast charging | SIM Cards: Dual SIM | Connectivity: Wi-Fi, Bluetooth, USB Type-C 2.0, OTG, GPS, Fingerprint"
0e1e3efbd9e3,Samsung,Samsung Galaxy A17,9199.0,14770.0,"[128.0, 256.0, 265.0]","[4.0, 6.0, 8.0]","['4G LTE', '5G']",Smart Phones,True,"Brand: Samsung | Model: Galaxy A17 | Display: 6.7 Inch, Super AMOLED, 90Hz, 800 nits (HBM); (1080 x 2340); 1080 x 2340 (FHD+) | Processor: Samsung Exynos 1330 (5 nm), Octa Core; Connectivity; Wi-Fi 802.11 a/b/g/n/ac, dual-band, Wi-Fi Direct; Bluetooth 5.3, A2DP, LE; Positioning GPS, GALILEO, GLONASS, BDS, QZSS; USB Type-C 2.0 | Rear Camera: Triple Camera; 50 MP, f/1.8, (wide), 1/2.76"", 0.64µm, AF, OIS; 5 MP, f/2.2, (ultrawide), 1/5.0"", 1.12µm; 2 MP, f/2.4, (macro); Features LED flash, panorama, HDR; Video 1080p@30fps, gyro-EIS | Front Camera: 13 MP, f/2.0, (wide), 1/3.1"", 1.12µm; Video 1080p@30fps | Battery: 5000 mAh, 25 Watt | SIM Cards: Dual SIM | Other Features: Loudspeaker; Fingerprint, accelerometer, gyro, proximity; IP54 dust protected and water resistant (water splashes)"
0e47b50fd374,Hope,Hope Bm10,588.0,588.0,[],[],[],Feature Phones,True,"Brand: Hope | Model: BM10 | Display: 0.66 Inch (128 × 160) | Battery: 350 mAh | Connectivity: Wi-Fi, Cellular | Memory: 512MB"
12f3758fc468,Realme,Realme Note 60x,6064.0,8145.0,"[64.0, 128.0]","[3.0, 4.0]","['4G', '4G LTE']",Smart Phones,True,"Brand: Realme | Model: Note 60x | Display: 6.74 Inch, IPS LCD, 90Hz, 560 nits; 720 x 1600; 6.74 Inch (720 x 1600) IPS LCD Display; 90Hz Refresh Rate and 560 nits (peak) Brightness; Reinforced Glass Protection | Processor: Unisoc Tiger T612 (12 nm) Octa Core; Unisoc Tiger T612 (12 nm); Octa-core (2x1.8 GHz Cortex-A75 and 6x1.8 GHz Cortex-A55) | Rear Camera: 8 MP; Auxiliary Lens | Front Camera: 5 MP, (wide) | Battery: 5000 mAh, 10W wired; 5000mAh, 10W Wired Charging | SIM Cards: 2; Dual SIM (Nano-SIM + Nano-SIM) | Connectivity: Wi-Fi, Bluetooth 5.0, Positioning GPS, USB Type-C 2.0; Wi-Fi, dual-band; Bluetooth 5.0; GPS, GALILEO, GLONASS, BDS; USB Type-C 2.0 | Operating System: Android 14 | Other Features: LED flash, panorama; IP54 dust protected and water resistant (water splashes) | Video: 1080p@30fps; 720p@30fps"
131d2da2e4b0,Samsung,Samsung Galaxy S25 FE,38500.0,48400.0,"[256.0, 512.0]",[8.0],['5G'],Smart Phones,True,"Brand: Samsung | Model: Galaxy S25 FE | Display: 6.7 inch, Dynamic LTPO AMOLED 2X, 120Hz refresh rate; 1080 x 2340, 1900 nits | Processor: Exynos 2400- 10-core | Rear Camera: 50 MP, f/1.8, 24mm (wide), 1/1.57"", 1.0µm, dual pixel PDAF, OIS; 8 MP, f/2.4, 75mm (telephoto), 1/4.4"", 1.0µm, PDAF, OIS, 3x optical zoom; 12 MP, f/2.2, 13mm, 123˚ (ultrawide), 1/3.0"", 1.12µm; LED flash, HDR, panorama, Best Face; Video 8K@24/30fps, 4K@30/60/120fps, 1080p@30/60/120/240fps; gyro-EIS, HDR10+ | Front Camera: 12 MP, f/2.2, 26mm (wide), 1/3.2"", 1.12µm; Video 4K@30/60fps, 1080p@30/60fps; gyro-EIS, HDR10+ | Battery: 4900 mAh, 45W wired 65% in 30 min, 15W wireless | SIM Cards: 2 | Connectivity: Wi-fi; Bluetooth 5.4; GPS; USB Type-C 3.2, OTG | Operating System: Android 16 | Other Features: Fingerprint sensor; IP68 dust-tight and water-resistant"
14a787e6471b,Nokia,Nokia 5310 Dual-SIM,999.0,999.0,[],[],[],Feature Phones,True,"Brand: Nokia | Model: 5310 | Display: 2.4-inch (240×320) TFT display | Processor: MediaTek MT6260A | Rear Camera: VGA rear camera | Battery: 1200 mAh | Connectivity: Bluetooth, micro USB 1.1, FM Radio | Memory: 16MB internal storage, 8MB RAM"
16796d1f3658,Samsung,Samsung Galaxy S26 Plus,58764.0,59000.0,[256.0],[12.0],['5G'],Smart Phones,True,"Brand: Samsung | Model: Galaxy S26 Plus | Display: 6.7-inch Quad HD+ Dynamic AMOLED 2X; 120Hz Refresh Rate, (3120 x 1440) | Processor: Snapdragon 8 Elite Gen 5-Deca-Core | Rear Camera: Triple Camera ( 50.0 MP + 10.0 MP + 12.0 MP ); F1.8 , F2.4 , F2.2; Auto Focus, OIS; Optical Zoom 3x, Optical quality Zoom 2x (Enabled by Adaptive Pixel sensor) , Digital Zoom up to 30x; UHD 8K (7680 x 4320)@30fps; 240fps @FHD, 120fps @FHD, 120fps @UHD Slow Motion | Front Camera: 12MP, F2.2 | Battery: 4900mAh, Supports 45W Fast Charging; Up to 31 Hours Video Playback Time | SIM Cards: Dual SIM | Connectivity: USB Type-C 3.2 Gen 1; GPS; Wifi; Bluetooth 6.0 | Operating System: Android 16 | Other Features: Accelerometer, Barometer, Fingerprint Sensor, Gyro Sensor; Geomagnetic Sensor, Hall Sensor, Light Sensor, Proximity Sensor"
18f59a2d55f2,Infinix,Infinix Note Edge,15550.0,16799.0,[256.0],[8.0],['5G'],Smart Phones,True,"Brand: Infinix | Model: Note Edge | Display: 6.78 Inches AMOLED display; 1208 × 2644 pixels | Processor: MediaTek Dimensity 7100, octa-core | Rear Camera: 50MP, f/1.8, 0.8μm; Dual Flash | Front Camera: 13MP, f/2.2, 82° FOV; 2K 30FPS/ 1080P 30FPS/ 1080P 60FPS/ 720P 30FPS | Battery: 6500mAh, 45W wired charging | SIM Cards: Dual SIM | Connectivity: Bluetooth 5.4, OTG, USB-C, GPS FM Radio | Operating System: XOS 16, Powered by Android 16 | Other Features: Fingerprint, gyroscope, e-compass, proximity, light sensors; IP65 Splash, water & dust resistance; Infinix XPower 10 Pro Power Bank - Color May Vary | Unknown Refresh Rate: 60Hz, 90Hz, and 120Hz | Video: 2K 30FPS/ 1080P 30FPS/ 1080P 60FPS/ 720P 30FPS | Color: Color may vary | Unknown Capacity: 10000mAh | Unknown Type: Power Bank | Unknown Wattage: 22.5 W | Unknown Number Of Ports: 3 Ports and a charging cable"
19fb818da646,Vivo,Vivo V60,25246.0,29888.0,"[256.0, 512.0]",[12.0],['5G'],Smart Phones,True,"Brand: Vivo | Model: V60; TWS 3; Display; 6.77 inch, AMOLED, 120Hz refresh rate; (1080 x 2392 ), 5000 nits; Processor; Qualcomm SM7750-AB Snapdragon 7 Gen 4 (4nm), Octa-core; Rear Camera; 50 MP, f/1.9, 23mm (wide), 1/1.56"", 1.0µm, PDAF, OIS; 50 MP, f/2.7, 73mm (periscope telephoto), 1/1.95"", 0.8µm, PDAF, OIS, 3x optical zoom; 8 MP, f/2.0, 15mm, 120˚ (ultrawide); Zeiss optics, Ring-LED flash, panorama, HDR; Video 4K@30fps, 1080p@30/60fps, gyro-EIS, OIS; Front Camera; 50 MP, f/2.2, 21mm (wide), 1/2.76"", 0.64µm, AF; Zeiss optics, HDR; Video 4K@30fps, 1080p@30/60fps; Battery Capacity; 6500 mAh, 90W wired chargin | Display: 6.77 inch, AMOLED, 120Hz refresh rate (1080 x 2392), 5000 nits | Processor: Qualcomm SM7750-AB Snapdragon 7 Gen 4 (4nm), Octa-core | Rear Camera: 50 MP, f/1.9, 23mm (wide), 1/1.56"", 1.0µm, PDAF, OIS; 50 MP, f/2.7, 73mm (periscope telephoto), 1/1.95"", 0.8µm, PDAF, OIS, 3x optical zoom; 8 MP, f/2.0, 15mm, 120˚ (ultrawide); Zeiss optics, Ring-LED flash, panorama, HDR | Front Camera: 50 MP, f/2.2, 21mm (wide), 1/2.76"", 0.64µm, AF; Zeiss optics, HDR | Battery: 6500 mAh, 90W wired charging | SIM Cards: Dual SIM; Connectivity; Bluetooth 5.4, USB Type-C 2.0 (OTG), Wi-Fi, GPS; Other Features; Fingerprint sensor; IP68/IP69 water and dust resistance | Connectivity: Bluetooth 5.4, USB Type-C 2.0 (OTG), Wi-Fi, GPS; Bluetooth | Other Features: Fingerprint sensor, IP68/IP69 water and dust resistance; 12.2mm ultra-large drivers; Deep-Live 3D panoramic audio; Intelligent noise reduction; Double transparency mode | Video: 4K@30fps, 1080p@30/60fps, gyro-EIS, OIS; 4K@30fps, 1080p@30/60fps | Color: White | Unknown Type: Earbuds | Unknown Microphone Included: Yes | Unknown Battery Info: 10 hours of battery life with noise reduction off, 40 hours with charging case"
1a377d62b51b,Honor,Honor 400,23678.0,33000.0,"[256.0, 512.0]",[12.0],['4G LTE'],Smart Phones,True,"Brand: Honor; Model Name; 400; Display; 6.55 Inches AMOLED display; 1B colors, 120Hz, HDR, 5000 nits (peak) | Display: 1200 x 2664 pixels; Processor; Qualcomm SM7550-AB Snapdragon 7 Gen 3 (4 nm) - Octa Core; Rear Camera; Dual Camera; 200 MP, f/1.9, (wide), PDAF, OIS; 12 MP, f/2.2, 112˚ (ultrawide), AF | Other Features: LED flash, HDR, panorama; HDR | Video: 4K, 1080p, gyro-EIS, OIS; Front Camera; 50 MP, f/2.1, (wide); 4K, 1080p, gyro-EIS; Battery; Si/C Li-Ion 5300 mAh battery | Unknown Charging: 66 watts wired; 5W reverse wired; Number of SIM cards; Dual SIM; Connectivity; Wi-Fi, Bluetooth 5.4, USB-C 2.0, OTG, Infrared ports | Unknown Positioning: GPS, GALILEO, GLONASS, QZSS, BDS (B1I+B1c); Other Features; Fingerprint (under display, optical), accelerometer, gyro, compass, ultrasound proximity sensors; IP65 Dust tight and water resistant (low pressure water jets); With stereo speakers"
1a7be50c9645,Honor,Honor Magic V5,94699.0,94699.0,[512.0],[16.0],['5G'],Smart Phones,True,"Brand: Honor | Model: Magic V5; Display; Dual Display 7.95 inch inner display, 6.43 inch outer display; OLED, HDR, 5000 nits brightness | SIM Cards: Dual SIM; Connectivity; Bluetooth 6.0; USB Type-C; Wi-Fi; GPS; Other Features; Fingerprint Sensor; Supports 2D face unlock; IP58 and IP59 Water and Dust Resistance | Unknown Inner Screen: (2352×2172) | Unknown External Screen: (2376×1060); Processor; Qualcomm Snapdragon 8 Elite Octa-core; Rear Camera; 50MP Ultra Wide Camera (f/2.0); 50MP Wide Camera (f/1.6, OIS); 64MP telephoto Lens Camera (f/2.5, OIS); Rear single LED flash; Supports 4K (3840×2160 pixels); Front Camera; 20MP Wide Camera (f/2.2) (Interior screen); 20MP Wide Camera (f/2.2) (Exterior screen); Supports 4K (3840×2160) pixels; Battery Capacity; 5820 mAh (typical value), 5690 mAh (rated value); 66W wired SuperCharge, 50W Wireless SuperCharge"
1d5b6e3fcc4e,Realme,Realme C53,8370.0,8370.0,[128.0],[6.0],['4G'],Smart Phones,True,"Brand: Realme | Model: C53 | Display: 6.7 Inch (1080 x 2400) IPS LCD Display with 90Hz Refresh Rate, 560 nits (peak) | Processor: Unisoc Tiger T612 (12 nm) - Octa Core Processor | Rear Camera: Dual Camera; 50 MP, f/1.8, (wide), PDAF | Front Camera: Single Camera - 8 MP, f/2.0, (wide) | Battery: Non-removable 5000 mAh Li-Po Battery; 33W wired, 50% in 31 min | Connectivity: Wi-Fi, Bluetooth V5.0, GPS, USB Type-C 2.0"
1ece1d5afb9c,Tecno,Tecno Camon 40 Pro,18111.0,18111.0,[256.0],[12.0],[],Smart Phones,True,"Brand: Tecno | Model: Camon 40 Pro | Display: 6.78 inch, AMOLED, 144Hz; 1080 x 2436 pixels | Processor: Mediatek Dimensity 7300 (4 nm) Octa-core | Rear Camera: 50 MP, f/1.9, 23mm (wide), 1/1.56"", 1.0µm, PDAF, OIS; 8 MP, (ultrawide), 1/4.0"", 1.12µm, AF; Dual-LED flash, HDR, panorama; Video 4K@30/60fps (HDR), 1080p@30fps | Front Camera: 50 MP, f/2.5, 24mm (wide), 1/2.8"", 0.64µm, PDAF; Video 4K@30fps, 1080p@30/60fps | Battery: 5200 mAh, Charging 45W wired, 50% in 23 min, 100% in 43 min | SIM Cards: 2 | Connectivity: Wifi; Bluetooth; GPS; Infrared port; FM radio; USB Type-C 2.0, OTG | Other Features: Fingerprint sensor; IP68/IP69 dust-tight and water-resistant"
1f1d10e24869,Realme,Realme 15 Pro,26670.0,26670.0,[256.0],[12.0],['5G'],Smart Phones,True,"Brand: Realme | Model: 15 Pro | Display: 6.8-inch OLED Display, 144Hz refresh rate,; HDR10+, 800 nits (HBM), 6500 nits (peak), ( 1280 x 2800 ) pixels | Processor: Qualcomm SM7750-AB Snapdragon 7 Gen 4, Octa-core | Rear Camera: 50 MP, f/1.8, 24mm (wide), 1/1.56"", 1.0µm, multi-directional PDAF, OIS; 50 MP, f/2.0, 16mm, 116˚ (ultrawide), 1/2.88"", 0.61µm; LED flash, HDR, panorama; Video 4K@30/60fps, 1080p@30/60/120fps, gyro-EIS, OIS | Front Camera: 50 MP, f/2.4, 23mm (wide), 1/2.88"", 0.61µm; Panorama; 4K@30/60fps, 1080p@30/60fps | Battery: 7000 mAh, 80W wired charging 50% in 25 minutes | SIM Cards: Dual SIM | Connectivity: Bluetooth 5.4, USB Type-C 2.0, Infrared port, USB Type-C 2.0, Wifi, GPS | Other Features: Fingerprint sensor; IP68/IP69 water and dust resistance"
2285ca69ddb6,Hope,Hope K19,1323.0,1323.0,[],[],[],Feature Phones,True,"Brand: Hope | Model: K19, Middle East Version | Display: 2.4 Inch | Battery: 22000 mAh | Memory: 32MB"
230745d799a5,Samsung,Samsung Guru Music 2 Dual-SIM,863.0,863.0,[],[],[],Feature Phones,True,Brand: Samsung | Model: Guru Music 2 | Display: TFT، 2 Inches، (128 x 160 Pixels) | Battery: 800 mAh، removable Li-Ion | Connectivity: 3.5mm Jack Sound، MicroUSB 2.0، Stereo FM radio، RDS، recording | Memory: microSDHC
2357b66f448b,Apple,Apple iPhone 17e,55999.0,55999.0,[256.0],[8.0],['5G'],Smart Phones,True,"Brand: Apple | Model: iPhone 17e | Display: 6.1‑inch Super Retina XDR OLED display (2532x1170); 800 nits max brightness (typical); 1,200 nits peak brightness (HDR) | Processor: A19 chip, 6‑core CPU, 4‑core GPU, 16‑core Neural Engine | Front Camera: 12MP True­Depth camera; ƒ/1.9 aperture; Autofocus with Focus Pixels; Retina Flash | Battery: Video playback Up to 26 hours; Video playback (streamed) Up to 21 hours; Fast-charge capable, up to 50% charge in 30 minutes with a 20W adapter or higher; MagSafe and Qi2 wireless charging up to 15W | SIM Cards: 2 | Connectivity: Bluetooth 5.3; Wi‑Fi 6; GPS; USB-C | Operating System: iOS 26 | Other Features: Face ID; IP68 Splash, Water, and Dust Resistant (maximum depth of 6 metres up to 30 minutes); Barometer, High dynamic range gyro, High-g accelerometer, Proximity, and Dual ambient light sensors | Unknown 48Mp Fusion Main: 26mm, ƒ/1.6 aperture, optical image stabilization, Hybrid Focus Pixels, super-high-resolution photos (24MP and 48MP) | Unknown Also Enables 12Mp 2X Telephoto: 52mm, ƒ/1.6 aperture, optical image stabilization, Hybrid Focus Pixels; Digital zoom up to 10x; Video Recording 4K Dolby Vision video recording at 24 fps, 25 fps, 30 fps, or 60 fps, 1080p Dolby Vision video recording at 25 fps"
2486b8322c78,Oppo,Oppo A78,12810.0,14253.0,"[128.0, 256.0]",[8.0],['4G LTE'],Smart Phones,True,"Video: 1080P/720P@30fps, Slow-motion videos: 720P@120fps; Front Camera; 8MP; f/2.0; FOV of 83Â°; 4P lens, incapable of AF; Maximum: 1080P/720P@30fps, Default: 720P@30fps; Memory | Memory: 8 GB; Processor; Qualcomm Snapdragon 680, Octa Core; Battery Capacity; 5000mAh/19.35Wh, 67W SUPERVOOC; Sensors; Geomagnetic, Proximity, In-display optical, Acceleration, Gravity, Gyroscope, Step counting; Connectivity; Wi-Fi 5; WLAN 2; Bluetooth v5.0; USB Type-C, Earphone Jack 3.5mm; Color; Green | Unknown Portrait 1 And 2: 2MP; f/2.4; FOV 89Â°; 3P + IR lens; FF prime | Unknown Internal: 128 GB"
25b46c33be03,Oppo,Oppo A5 Pro,17900.0,17900.0,[256.0],[8.0],['4G LTE'],Smart Phones,True,"Brand: Oppo | Model: A5 Pro; Display; 6.67 Inch, IPS LCD, 120Hz, 1000 nits; Corning Gorilla Glass 7i or Schott Xensation Alpha ( 720 x 1604 ) pixels | Processor: Mediatek Dimensity 6300 (6 nm) Octa-core; Rear Camera; 50 MP, f/1.8, (wide), PDAF; 2 MP, f/2.4, (depth); LED flash, HDR, panorama; 1080p@30/60fps; Front Camera; 8 MP, f/2.0, (wide); 1080p@30fps | Battery: 5800 mAh, Charging 45W wired, 45W PD, 50% in 35 min | SIM Cards: 2; Connectivity; Wi-Fi; Bluetooth 5.3; Positioning GPS; USB Type-C 2.0, OTG; Other Features; Sensors Fingerprint (side-mounted), accelerometer, proximity, compass"
268d899f903a,Apple,Apple iPhone Air,76381.0,112859.0,[256.0],[8.0],['5G'],Smart Phones,True,"SIM Cards: Dual SIM | Other Features: Face ID; IP68 dust-tight and water-resistant; Crash Detection for emergency assistance | Unknown Smarter Selfies With Center Stage: 18 MP multi-aspect, f/1.9, (wide), PDAF, OIS SL 3D, (depth/biometrics sensor) - endless framing options with center Stage front camera and Dual Capture support to capture moments from every angle; HDR, Dolby Vision HDR, 3D (spatial) audio, stereo sound rec.; Video 4K@24/25/30/60fps, 1080p@25/30/60/120fps, gyro-EIS | Unknown Os: iOS 26 | Unknown Ultra Slim Design: Feel like you’re holding nothing in your hand, thanks to the ultra-slim titanium 5.6 mm frame, delivering pro-level chip performance without compromise.; Additionally, the Ceramic Shield on both the front and back makes it resistant to drops and scratches | Unknown Ultra Vivid Display: 6.5 Inch LTPO Super Retina XDR OLED, 120Hz, (1260 x 2736); With 1000 nits (typ), 1600 nits (HBM), and 3000 nits (peak), enjoy exceptional outdoor visibility | Unknown Ultra Fast Processor: Apple A19 Pro (3 nm), Hexa-core delivers exceptional performance in a thin and light design. | Unknown Two Professional Cameras In One: 48 MP, f/1.6, 26mm (wide), 1/1.56"", 1.0µm, dual pixel PDAF, sensor-shift OIS, powered by a Fusion camera system with 2x optical-quality zoom to capture every moment in stunning detail.; Dual-LED dual-tone flash, HDR (photo/panorama); Video 4K@24/25/30/60fps, 1080p@25/30/60/120/240fps, HDR, Dolby Vision HDR (up to 60fps), stereo sound rec. | Unknown Stay Connected All Day: With a 3149 mAh battery, enjoy up to 27 hours of video playback, supported by PD 2.0 fast wired charging and 20W MagSafe/Qi2 wireless charging, reaching up to 50% in just 30 minutes. | Unknown Superfast Reliable Connection: Powered by Bluetooth 6, USB Type-C 2.0, Wi-Fi 7, GSP for exceptional performance."
29a086bfbbe0,Vivo,Vivo Y31d,11888.0,14430.0,"[128.0, 256.0]","[6.0, 8.0]",['4G'],Smart Phones,True,"Brand: Vivo | Model: Y31d | Display: 6.75 inch, LCD; 1570 × 720, Up to 120 Hz refresh rate, 1250 nits | Processor: Snapdragon 6s Gen 2 | Rear Camera: Dual Camera 50 MP + 2 MP; f/2.0 (50 MP) + f/2.4 (2 MP); Rear flash; Photo, Night Mode, Portrait, Video, Live Photo, Slow Motion, Time-lapse, Pro, Panorama, Documents; MP4 Video recording | Front Camera: 8 MP, f/2.05 | Battery: 7200 mAh, 44-watt fast charging | SIM Cards: 2 | Connectivity: Wi-Fi; Bluetooth 5.1; USB 2.0 Type C; GPS | Operating System: Android 16, OriginOS 6 | Other Features: Side-mounted fingerprint sensor; Ambient light sensor, Proximity sensor, Gyroscope sensor"
2caa8e25a27a,Realme,Realme 14 Pro Plus,28508.0,28508.0,[256.0],[12.0],['5G'],Smart Phones,True,"Display: 6.83 inches OLED (1272 x 2800) display for sharp details and vivid colors.; 120Hz refresh rate for smooth scrolling.; 1200 nits brightness for clear viewing under direct sunlight.; Processor; Qualcomm Snapdragon 7s Gen 3 Octa Core (SM7635 (4nm) powers Realme 14 Pro Plus for fast and efficient performance.; Rear Camera; 50MP wide camera with OIS for clear and stable images (f/1.8, 24mm, 1/1.56"", 1.0µm, multi-directional PDAF).; 50MP periscope telephoto with OIS and 3x optical zoom for detailed long-distance shots (f/2.7, 73mm, 1/1.95"", 0.8µm, multi-directional PDAF).; 8MP ultrawide camera for wide group shots in a single frame (f/2.2, 16mm, 112˚, 1/4.0"", 1.12µm).; Front Camera; 32MP wide selfie camera with autofocus for clear selfies and video calls (f/2.0, 21mm, 1/2.74"", 0.8µm). | Battery: 6000mAh massive battery to stay connected all day with Realme 14 Pro Plus.; 80W wired fast charging chargers up to 50% in just 24 minutes. | Connectivity: Wi-Fi; Bluetooth 5.2; GPS; USB Type-C 2.0; Other Features | Other Features: Fingerprint (under display, optical), accelerometer, gyro, proximity, compass | Unknown Realme 14 Pro Plus: Powerful Smartphone with AI Camera"
2d7517dc8970,Huawei,Huawei Nova 13,19799.0,19799.0,[256.0],[12.0],[],Smart Phones,True,"Brand: Huawei | Model: Nova 13 | Display: 6.7- inch, (1084 x 2412 ); OLED, 120Hz refresh rate | Processor: Kirin 8000- Octa Core | Rear Camera: 50 MP Ultra Vision Camera (F1.9 aperture); 8 MP Ultra-Wide Macro Camera (F2.2 aperture) | Front Camera: 60 MP Front Ultra-Wide Portrait Camera (F2.4 aperture) | Battery: 5000 mAh 100W wired, 3-50% in 10 min 5W reverse wired | SIM Cards: 2 | Connectivity: Wi-Fi; Bluetooth 5.2; GPS; USB Type-C 2.0, OTG; Infrared port | Other Features: Fingerprint (under display)"
2e0730becf4e,Motorola,Motorola Edge 60,20499.0,20666.0,[512.0],[12.0],['5G'],Smart Phones,True,"Brand: Motorola | Model: Edge 60; Display; 6.67 Inch, P-OLED, 120Hz, HDR10+, 4500 nits (peak) | Processor: Mediatek Dimensity 7300 (4 nm), Octa-core | Rear Camera: Triple Camera; 50 MP, f/1.8, (wide), PDAF, OIS; 10 MP, f/2.0, (telephoto), 3x optical zoom, PDAF, OIS; 50 MP, f/2.0, 122˚ (ultrawide), PDAF | Battery: 5200mAh, 68W wired | SIM Cards: Dual SIM | Operating System: Android 15 | Other Features: LED flash, HDR, panorama; HDR; IP68/IP69 dust and water resistant (up to 1.5m for 30 min); MIL-STD-810H compliant; Stereo speakers with Dolby Atmos; Fingerprint (under display), accelerometer, gyro, proximity, compass; Smart Connect support | Video: 4K@30fps, 1080p@30/60/120/240fps; Front Camera; 50 MP, f/2.0, (wide); 4K@30fps, 1080p@30/120fps | Unknown Resolutions: (1220 x 2712) | Unknown Network: 5G; Connectivity; Wi-Fi 802.11 a/b/g/n/ac/6, dual-band; Bluetooth | Unknown Positioning: GPS, GLONASS, GALILEO | Unknown Protection: Corning Gorilla Glass 7i | Unknown Usb Type: Type-C 2.0, OTG"
2e488e2cef80,Nokia,Nokia 110,852.0,865.0,[],[],[],Feature Phones,True,"Brand: Nokia | Model: 110 | Display: 1.8-inch QQVGA screen | Rear Camera: QVGA rear camera | Battery: 800mAh | SIM Cards: Dual SIM | Connectivity: FM radio, micro USB 2.0, 3.5mm headphone jack | Memory: 4MB internal storage, 4MB RAM"
321909129f8f,Tecno,Tecno Spark Slim,12629.0,12888.0,[256.0],[8.0],['4G'],Smart Phones,True,"Brand: TECNO | Model: Spark Slim | Display: 6.78-inch AMOLED 1.5K, 144Hz; 6.78 inch, (1224 x 2720); AMOLED, 144Hz, 1600 nits (HBM), 4500 nits (peak) | Processor: MediaTek Helio G200; Mediatek Helio G200 (6 nm) Octa-core | Rear Camera: 50MP PDAF; 50 MP, (wide), PDAF; Dual-LED flash; Video 1440p@30fps, 1080p@30fps | Front Camera: 13MP; 13 MP, (wide) | Battery: 5160 mAh, 45W charging; 5160 mAh, 45W wired, 100% in 57 min,10W reverse wired | SIM Cards: Dual SIM (4G); 2 | Connectivity: NFC, Bluetooth, USB-C; Bluetooth; Wifi; GPS; Infrared port; FM radio; USB Type-C, OTG | Operating System: Android 15 (HiOS 15); Android 15, HIOS 15 | Other Features: Dolby Atmos, Infrared, IP64, MIL-STD-810H; IP64 dust-tight and water-resistant; Fingerprint (under display, optical), accelerometer, gyro"
3377ea9de60f,Nokia,Nokia 110 (2019) Dual-SIM,864.0,865.0,[],[],[],Feature Phones,True,"Brand: Nokia | Model: 110 | Display: 1.77 inch QQVGAÂ screen | Rear Camera: QVGA rear camera | Battery: 800mAh | SIM Cards: Dual SIM | Connectivity: FM radio, micro USB 2.0, 3.5mm headphone jack | Memory: 4MB internal storage, 4MB RAM"
33c6c6a2dc76,Infinix,Infinix Hot 60 Pro,10010.0,11499.0,[256.0],[8.0],['4G LTE'],Smart Phones,True,"Brand: Infinix | Model: Hot 60 Pro | Display: 6.78 Inch, AMOLED Display, 144Hz refresh rate; 700 nits (typ), 1600 nits (HBM), 4500 nits (peak) ( 1224 x 2720 ) | Processor: MediaTek Helio G200 (6nm), Octa-core | Rear Camera: 50 MP, f/1.6, 27mm (wide), 1/2.8"", 0.64µm, PDAF Auxiliary lens; Dual-LED flash, HDR, panorama; Video 1440p@30fps, 1080p@30/60fps | Front Camera: 13 MP, f/2.2, 24mm (wide), 1.12µm; Video 1440p@30fps, 1080p@30/60fps | Battery: 5160 mAh, 45W charging | SIM Cards: Dual SIM | Connectivity: Wi-Fi, Bluetooth 5.4, GPS, FM radio, USB Type-C 2.0, OTG | Other Features: Under-display optical fingerprint sensor"
34347a2d39ad,Samsung,Samsung Galaxy A04s,7315.0,7315.0,[128.0],[4.0],['4G LTE'],Smart Phones,True,"Brand: Samsung | Model: Galaxy A04s | Display: 6.5-inch PLS LCD HD+ with 90Hz refresh rate | Processor: Exynos 850 (8nm) Octa-core | Rear Camera: 50MP (Wide); 2MP (Depth); 2MP (Macro) | Front Camera: 5MP | Battery: 5000mAh with 15W fast charging | Connectivity: Wi-Fi, GPS, Bluetooth 5.0, Type-C USB 2.0, side fingerprint"
35e5b5306a26,Vivo,Vivo V50 Lite,15226.0,15226.0,[256.0],[8.0],['4G'],Smart Phones,True,"Brand: Vivo | Model: V50 Lite; Display; 6.77 Inch, AMOLED, 120Hz, 1300 nits (HBM), 1800 nits (peak); (1080 x 2392) | Processor: Mediatek Dimensity 6300 (6 nm), Octa-core; Rear Camera; Dual Camera; 50 MP, f/1.8, (wide), 1/1.95"", 0.8µm, PDAF; 8 MP, f/2.2, 120˚ (ultrawide); Features Ring-LED flash, panorama, HDR; Front Camera; 32 MP, f/2.5, (wide); Video 1080p@30fps | Battery: 6500 mAh, 90W wired, 50% in 23 min, 100% in 52 m | SIM Cards: Dual SIM | Connectivity: Wi-Fi 802.11 a/b/g/n/ac, dual-band; Bluetooth 5.0, A2DP, LE | Other Features: IP65 dust and water resistant; Stereo speakers; Fingerprint, accelerometer, gyro, proximity, compass | Unknown Positioning: GPS, GLONASS, GALILEO, BDS, QZSS | Unknown Usb Type: C 2.0, OTG"
373ecb469482,Honor,Honor 600,26999.0,31699.0,[256.0],"[8.0, 12.0]",['5G'],Smart Phones,True,"Brand: Honor | Model: 600 | Display: 6.57-Inch AMOLED Display (2728×1264) | Processor: Snapdragon 7 Gen 4-Octa Core | Rear Camera: 200 MP (f/1.9 aperture, AF, OIS); 12 MP (AF); Supports up to 3840×2160 pixels Video resolution | Front Camera: 50MP (f/2.0) camera; Supports up to 3840×2160 pixels Video resolution; Supports 2D facial recognition | Battery: 7000mAh, Support Suprt charge, 80W | SIM Cards: 2 | Connectivity: Wi-Fi; Bluetooth 5.4; USB Type-C، USB 2.0; GPS; Infrared | Operating System: Android 16, MagicOS 10 | Other Features: Infrared sensor, Ambient light sensor, Digital compass; Gravity sensor, Fingerprint sensor; IP68, IP69, IP69KWater and dust resistance; Comes with Honor Choice X7 Lite Earbuds, with Active Noise Cancellation- Color May Vary; IP68, IP69, IP69K Water and dust resistance"
37e8855ed416,Oppo,Oppo A5,9990.0,14666.0,[256.0],[8.0],['4G LTE'],Smart Phones,True,"Brand: Oppo | Model: A5; Display; 6.67 Inches, IPS LCD, 120Hz, 500 nits; 720 x 1604 | Processor: Mediatek Dimensity 6300 (6 nm); Rear Camera; 50 MP, f/1.8, (wide), PDAF; 2 MP, f/2.4, (wide); Feature LED flash, HDR, panorama; Video 1080p@30fps; Front Camera; 8 MP, f/2.0, (wide); Panorama; Battery Capacity; 6000 mAh, 45W wired, 33W PPS, 13.5W PD, 50% in 37 min | SIM Cards: 2; Connectivity; Wi-Fi; Bluetooth 5.4; Positioning GPS; USB Type-C 2.0, OTG; Other Features; Fingerprint (side-mounted); IP65 dust tight and water resistant"
39071f166712,Honor,Honor Magic8 Pro,69975.0,72714.0,[512.0],[12.0],['5G'],Smart Phones,True,"Brand: Honor | Display: 6.71 inches, OLED, 1.07 billion colors; FHD+ 1256 x 2808 | Processor: Snapdragon®️ 8 Elite Gen 5 M, Octa-core; Snapdragon 8 Elite Gen 5 M, Octa-core | Rear Camera: 200MP Ultra Night Telephoto Camera (f/2.6, 1/1.4', 3.7X optical zoom, OIS); 50MP Ultra Night Main Camera (f/1.6, 1/1.3', OIS, 4-in-1 2.4μm large pixel output); 50MP Ultra-Wide Camera (f/2.0, 122° wide angle, 2.5cm HD Macro Photography) | Front Camera: 50MP Front Camera(f/2.0) + 3D Depth Camera | Battery: 7100 mAh (typical value), 6920 mAh (rated value), Lithium polymer battery | Other Features: Gravity Sensor, Infrared Sensor, Acceleration Sensor, Gyroscope, Compass, Ambient Light Sensor, Proximity Sensor | Unknown Brightness: HDR Peak Brightness: 6000 nits, Global Peak Brightness: 1800 nits | Unknown Image Resolution: 8192 x 6144 pixels | Unknown Video Shooting: Support for 4K 120fps (3840×2160) video recording; Support for 4K (3840×2160) video recording | Unknown Capture Mode: Portrait, Filter, Capture smiles, Mirror reflection, Timer, Gesture control, Watermark, Night | Unknown Zoom Mode: 3.7x Optical Zoom, 100x Digital Zoom, Image Resolution: 16320 x 12288 pixels, EIS+OIS | Unknown Portrait Macro: Portrait, Super Macro, Night, HDR | Unknown Video Effects: Standard Video, 4K Video, Slow-Mo, Time-Lapse, Panorama | Unknown Ai Beauty: AI Enhancement, Filters, Smart Zoom, Magic Color, Magic Pose | Unknown Special Captures: Capture Smiles, Document Scan, Light Painting, Watermark | Unknown Wired Charging: 100W HONOR SuperCharge, up to 20V/5A SuperCharge, compatible with 11V/6A,10V/4A, 10V/2.25A, 10V/2A | Unknown Wireless Charging: 80W Wireless HONOR SuperCharge | Unknown Wlan Protocols: 802.11 a/b/g/n/ac/ax/be, 2x2 MIMO, Frequency: 2.4GHz and 5GHz and 6GHz, WLAN Hotspot and WLAN Direct | Unknown Bluetooth 6 0 Otg Usb: Type-C, USB 3.2 GEN1, Earjack: USB Type-C; GPS(L1+L5) / AGPS / GLONASS / BeiDou(B1I+B1C+B2a+B2b) / Galileo(E1+E5a+E5b) / QZSS (L1 + L5) | Unknown Face Recognition: Supported 3D face unlocks, Fingerprint Sensor | Unknown Screen Glass Material: HONOR NanoCrystal Shield | Unknown Water And Dust Resistance: Supported (IP68, IP69, and IP69K) | Unknown Stereo: HONOR Surround Subwoofer, Sound Effect: Honor Sound"
3bd585acb848,Nokia,Nokia 108 Dual-SIM,860.0,860.0,[],[],[],Feature Phones,True,"Brand: Nokia | Model: 108 | Display: 2.0 inches, 240 x 320 pixels, 4:3 ratio (~167 ppi density) TFT LCD, 65K colors | Battery: Li-Ion 1450 mAh, removable | Connectivity: Wireless FM radio, USB Type-C | Operating System: Android | Other Features: Dual flashlight, MP3 player; Space for up to 2,000 contacts; Internal memory microSDHC | Memory: 4MB RAM"
3e5fef69f4f2,Itel,Itel P65,5350.0,6982.0,[128.0],[8.0],"['4G', '4G LTE']",Smart Phones,True,"Brand: Itel | Model: P65; Display | Display: 6.7 Inch, Punch-Hole Display; 120Hz | Processor: Unisoc T615; Octa Core | Rear Camera: 50 MP, f/1.6, (wide); Auxiliary lens, 10x Zoom; LED flash, HDR, panorama; 50 MP Auxiliary lens | Front Camera: 8 MP, f/2.0, 26mm (wide); 8 MP | Battery: 5000mAh, 18W; 30 mins from 0% to 40%; 85 mins from 0% to 100%; Up to 3 days of light use; 1-2 days of heavy use.; 7.5 FPS Game, 31 Hours Calling; 105 Hours Music; 18 Hours Social Chat; AI Charging Mode; 5000 mAh | SIM Cards: Dual SIM | Connectivity: WLAN, Bluetooth; GPS, FM radio; USB Type-C, OTG; GPS, Bluetooth, USB Type C; Key Features; 8.7mm thickness; Android 14; LED flash, HDR, panorama; Fingerprint (side-mounted), accelerometer, proximity | Operating System: Android 14, itel OS 14; Other Features; Dynamic Light Show; Dynamic Bar 2.0; Automatic Scene Recognition | Video: 1080p@30fps; Super Night Mode, AI Clear Portrait; HDR Mode | Unknown Type: IPS LCD, 120Hz | Unknown Resolution: 720 x 1600 pixels, 20:9 ratio (~262 ppi density) | Unknown Size: 6.7 inches, 108.4 cm² (~84.5% screen-to-body ratio)"
3ebdd2712d73,Realme,Realme C85 Pro,14444.0,14500.0,"[128.0, 256.0]",[8.0],['4G LTE'],Smart Phones,True,"Brand: Realme | Model: C85 Pro | Display: 6.8-inch AMOLED display (1080 × 2344 px), 120Hz refresh rate, 4000 nits | Processor: Qualcomm SM6225 Snapdragon 685 (6 nm)- Octa core | Rear Camera: 50 MP main camera, f/1.8, 28mm (wide), PDAF; LED flash, HDR, panorama; Video 1080p @ 30/120fps. | Front Camera: 8 MP front camera, f/2.0, 26mm (wide), 1/4.0"", 1.12µm; Panorama; Video1080p@30fps . | Battery: 7000 mAh, 45W wired charging | SIM Cards: 2 | Connectivity: Wi‑Fi; Bluetooth 5.0; GPS; USB Type‑C 2.0, OTG | Operating System: Android 15, Realme UI 6.0 | Other Features: IP68/IP69K water and dust resistance; Fingerprint sensor, accelerometer, proximity sensor, compass"
3ee8db8b3c75,Apple,Apple iPhone 16 Pro Max,73999.0,130999.0,"[256.0, 512.0]",[8.0],['5G'],Re-furbished Mobiles,True,"Brand: Apple | Model: iPhone 16 Pro Max | Display: 6.9 Inch LTPO Super Retina XDR OLED, 120Hz (1320 × 2868); HDR10, Dolby Vision, 1000 nits (typ), 2000 nits (HBM) | Processor: Apple A18 Pro (3 nm)-Hexa-core | Rear Camera: 48 MP, f/1.8, 24mm (wide), 1/1.28"", 1.22µm, Dual Pixel PDAF, Sensor-Shift OIS; 12 MP, f/2.8, 120mm (periscope telephoto), 1/3.06"", 1.12µm, Dual Pixel PDAF, 3D Sensor-Shift OIS, 5x Optical Zoom; 48 MP, f/2.2, 13mm (ultrawide), 0.7µm, PDAF; TOF 3D LiDAR scanner (depth); Dual-LED dual-tone flash, HDR (photo/panorama) | Front Camera: 12 MP, f/1.9, 23mm (wide), 1/3.6"", PDAF, OIS; SL 3D (depth/biometrics sensor); HDR, Dolby Vision HDR, 3D (spatial) audio, stereo sound recording | SIM Cards: 1; 2 | Connectivity: Wi-Fi 802.11 a/b/g/n/ac/6 tri-band; Bluetooth 5.3 (A2DP, LE); GPS (L1+L5), GLONASS, GALILEO, BDS, QZSS, NavIC; USB Type-C 3.2 Gen 2, DisplayPort | Other Features: Face ID, accelerometer, gyroscope, proximity sensor, compass, barometer; Ultra Wideband (UWB) support (Gen 2 chip); IP68 dust tight and water resistant (immersible up to 6m for 30 min) | Video: 4K@24/25/30/60/100/120fps, 1080p@25/30/60/120/240fps, 10-bit HDR, DolbyVision HDR (up to 60fps), ProRes, 3D (spatial) video/audio, stereo sound recording; 4K@24/25/30/60fps, 1080p@25/30/60/120fps, gyro-EIS; 4K@24/25/30/60fps, 1080p@25/30/60/120/240fps; 10-bit HDR, Dolby Vision HDR (up to 60fps); ProRes, 3D (spatial) video, stereo sound rec; Front Camera for Perfect Selfies; 12 MP, f/1.9, 23mm (wide), 1/3.6"", PDAF, OIS; SL 3D, (depth/biometrics sensor); HDR; Other Features; IP68 dust/water resistant (up to 6m for 30 min); Powerful Processor; Powered by the Apple A18 Pro (3 nm) for exceptional performance and efficiency; Reliable Battery for All-Day Power; Long-lasting 4676 mAh Li-Ion non-removable battery with wired charging and 15W MagSafe/Qi2 wireless charging; Number of SIM cards; Single SIM and e-SIM; Connectivity; Wi-Fi 802.11 a/b/g/n/ac/6e/7, dual-band, hotspot; Bluetooth 5.4, A2DP, LE; GPS (L1+L5), GLONASS, GALILEO, BDS, QZSS, NavIC; USB Type-C 3.2 Gen 2, DisplayPort"
403092c562a4,Itel,Itel it2165 Dual-SIM,666.0,666.0,[],[],[],Feature Phones,True,Brand: Itel | Model: it2165 | Display: 1.8-inch LCD display | Processor: MT6261D | Battery: 1000mAh | Connectivity: Micro USB | Other Features: 2000 Contacts and 100 messages memory | Memory: Internal Memory 32 GB
418c47132ad7,Itel,Itel A90,5330.0,7204.0,"[64.0, 128.0, 256.0]","[3.0, 4.0, 12.0]",['4G'],Smart Phones,True,"Brand: Itel | Model: A90 | Display: 6.6-inch IPS LCD, 90Hz; 720x1612 | Processor: Unisoc T7100 Octa-core | Rear Camera: 13 MP, AF, Auxiliary lens; LED flash, HDR, panorama | Front Camera: 5 MP; Wide-angle mode, 4x zoom; Time-lapse, panorama, portrait; Video resolution up to 1080p at 30 fps | Battery: 5000 mAh, 15W fast charging; Up to 3 days of use on a single charge; 18 hours From the video; 75 hours of Play music; 31 hours Talk time | SIM Cards: Dual SIM | Connectivity: WLAN, Bluetooth; GPS; USB Type-C 2.0, OTG | Operating System: Itel OS 14, Android 14 | Other Features: Side fingerprint and face sensor; Camera slide zoom; GPT-based AI assistant alert function.; IP54 Water and dust resistant; Hi Translate, Dynamic Bar; DTS technology, Smart Link+ | Video: 1080p@30fps; HDR mode, automatic multi-scene recognition; Camera beauty enhancement feature; 11 types of photography filters | Unknown Brightness Level: 4096 | Unknown Typical Brightness: 480 nits"
42d6bbcb8cb4,HMD,HMD 101 TA-1757 DS Dual-SIM,899.0,899.0,[],[],[],Feature Phones,True,"Brand: HMD | Model: 101 TA-1757 DS | Display: 1.77 inches , 128 x 160 pixels (~116 ppi density) TFT | Processor: Unisoc 6533G | Battery: 1000 mAh Removable 2.75W | Connectivity: Wireless FM radio, microUSB | Memory: Internal Memory 4MB, RAM 8MB"
447d13e4e1b7,Samsung,Samsung Galaxy A73,15583.0,15583.0,[256.0],[8.0],['5G'],Smart Phones,True,"Brand: Samsung | Model: Galaxy A73 | Display: Super AMOLED Plus; 120Hz, 800 nits (HBM); 1080 x 2400 pixels | Processor: Qualcomm SM7325 Snapdragon 778G 5G (6 nm), Octa-core (1×2.4 GHz Cortex-A78 & 3×2.2 GHz Cortex-A78 & 4×1.9 GHz Cortex-A55) | Front Camera: Single 32 MP, f/2.2, 26mm (wide), 1/2.8"", 0.8µm; HDR | Battery: Li-Po 5000 mAh; 25W wired charging | SIM Cards: Dual SIM | Connectivity: Bluetooth 5.0; USB Type‑C 2.0, OTG | Operating System: Android 12 | Other Features: Fingerprint (under display, optical); accelerometer, gyro, proximity, compass; IP67 dust/water resistant (up to 1m for 30 min) | Video: 4K@30fps, 1080p@30/60fps; gyro-EIS; 4K@30fps, 1080p@30fps | Unknown Gpu: Adreno 642L | Unknown Quad Camera: 108 MP, f/1.8 (wide), PDAF, OIS; 12 MP, f/2.2 (ultrawide); 5 MP (macro); Auxiliary lens; LED flash, panorama, HDR"
467da85c9eb2,Nokia,Nokia 216 Dual-SIM,864.0,864.0,[],[],[],Feature Phones,True,"Brand: Nokia | Model: 216 | Display: 2.4 Inch, TFT, 240 x 320 pixels | Rear Camera: VGA | Battery: 1020 mAh | SIM Cards: Dual Mini-SIM | Connectivity: microUSB 1.1, Bluetooth | Other Features: Camera LED Flash; Waterproof; Built-in music player and FM Radio | Video: 240p@15fps | Unknown Capacity Memory: 16MB"
48e63a9ac793,Vivo,Vivo V70 FE,22780.0,25999.0,[256.0],"[8.0, 12.0]",['5G'],Smart Phones,True,"Brand: Vivo | Model: V70 FE | Display: 6.83 inch, AMOLED, 449 PPI Pixel Density; 2800 × 1260, Up to 120 Hz refresh rate, 1900 nits | Processor: Dimensity 7360-Turbo (Octa-core, 4 nm, 4 × 2.5 GHz + 4 × 2.0 GHz) | Rear Camera: 200 MP OIS + 8 MP wide-angle; f/1.88 (200 MP) + f/2.2 (8 MP); Rear flash & Single rear flash with single color temperature | Front Camera: 50 MP, f/2.0, 92° FOV, supports AF | Battery: 7000 mAh, 90-watt fast charging | SIM Cards: 2 (nano SIM, 5G) | Connectivity: Wi-Fi (2.4G, 5G); Bluetooth 5.4; USB 2.0 Type C; GPS, BeiDou, GLONASS, Galileo, QZSS, NavIC | Operating System: Android 16, OriginOS 6 | Other Features: In-display optical fingerprint sensor; Ambient light sensor, Proximity sensor, Gyroscope, Accelerometer, E-compass, Infrared blaster | Unknown Scene Mode: Photo, Portrait, Night, Video, Micro Movie, High Resolution, Pano, Ultra HD; Photo, Portrait, Night, Video, Micro Movie, High Resolution, Dual View, Film Camera | Unknown Water Resistance: IP68; IP69 ingress protection"
49bce3e6ff5f,Oppo,Oppo A6,10319.0,15398.0,"[128.0, 256.0]","[4.0, 6.0, 8.0]",['4G'],Smart Phones,True,"Brand: Oppo | Model: A6 | Display: 6.75 inches, LCD, 16.7 million colours, 120Hz | Processor: Qualcomm Snapdragon 685, 8 cores | Front Camera: 8MP; f/2.0; FOV 80°; 4P lens; 1080P and 720P video recording at 30fps | SIM Cards: Dual SIM (Nano) | Connectivity: Wi-Fi 5 (802.11ac) supported; Wi-Fi Display supported, WLAN | Operating System: ColorOS 15.0 | Other Features: Fingerprint, Facial Recognition; IP69 Water and Dust Resistance; SuperCool VC System; Proximity sensor, ambient light sensor, e-compass, accelerometer, and side fingerprint sensor | Video: 1080P & 720P video at 30fps, up to 10× digital zoom; Photo, Video, Portrait, Night, PANO, SLO-MO, Dual-view video, TIME-LAPSE, STICKER, HI-RES, Google Lens, Underwater, PRO; Photo, Video, Portrait, Night, PANO, Dual-view video, TIME-LAPSE, STICKER, Retouch, Screen Fill Light, HI-RES | Unknown Wide Angle: 50MP; f/1.8; FOV 76°; 5P lens; AF supported | Unknown Brightness: Normal brightness: 800nits (Typical), HBM: 1125nits (Typical) | Unknown Capacity: 7000mAh/27.44Wh (Typical) | Unknown Model No: CPH2817 | Unknown Resolutions: HD+ 1570 × 720 Pixels, 256 PPI | Unknown Monochrome: 2MP; f/2.4; FOV 89°; 3P lens | Unknown Fast Charge: Up to 45W SUPERVOOCTM charging, Reverse Wired Charging | Unknown Playtime: Up to 41 days standby, Screen-off calls: up to 49 hours | Unknown Bluetooth 5 0 Earphone Jack: Type-C; Beidou, GPS, GLONASS, Galileo, QZSS"
4a217eb9dde6,Apple,Apple iPhone 15,40600.0,114974.0,[128.0],[6.0],['5G'],Smart Phones,True,"Brand: Apple | Model: MHJE3ZM-A; iPhone 15 | Display: 6.1-inch Super Retina XDR OLED (1179 x 2556) – HDR10, Dolby Vision | Processor: Apple A16 Bionic (4 nm) | Rear Camera: 48 MP, f/1.6, 26mm (wide), 1/1.56"", 1.0µm, dual pixel PDAF, sensor-shift OIS; 12 MP, f/2.4, 13mm, 120˚ (ultrawide), 0.7µm; Dual-LED dual-tone flash, HDR (photo/panorama) | Front Camera: 12 MP, f/1.9, 23mm (wide), 1/3.6"", PDAF; SL 3D, (depth/biometrics sensor); Features HDR, Cinematic mode (4K@30fps); Video 4K@24/25/30/60fps, 1080p@25/30/60/120fps, gyro-EIS; With FaceTime; SL 3D (depth/biometric sensor); HDR, Dolby Vision HDR | SIM Cards: 1 | Connectivity: Wi-Fi 802.11 a/b/g/n/ac/6 (dual-band); Bluetooth 5.3 A2DP LE; GPS, GLONASS, GALILEO, BDS, QZSS; USB Type-C 2.0 | Other Features: Face ID, accelerometer, gyro, proximity, compass, barometer sensors | Color: White | Unknown Built For Heavy Use: Durable color-infused glass and aluminum design with Ceramic Shield front and splash, water, and dust resistance for reliable everyday performance; Dynamic Island acts as your daily companion, delivering real-time alerts and activities | Unknown Display For Outdoor Use: 6.1 Inch, Super Retina XDR OLED with HDR10 and Dolby Vision, delivering up to 1000 nits (HBM) and 2000 nits (peak) brightness with a resolution of 1179 x 2556; Up to 2× brighter in direct sunlight | Unknown Advanced Camera For Perfect Portraits: With a dual camera, capture detailed, vibrant portraits with rich color, adjust focus after capture, and zoom in with 2× optical-quality; 48 MP, f/1.6, 26mm (wide), 1.0µm, dual pixel PDAF, sensor-shift OIS; 12 MP, f/2.4, 13mm, 120 (ultrawide); Features Dual-LED dual-tone flash, HDR (photo/panorama); Video 4K@24/25/30/60fps, 1080p@25/30/60/120/240fps, HDR; Dolby Vision HDR (up to 60fps), Cinematic mode (4K@30fps), stereo sound rec. | Unknown Ultra Fast Chip: Powered by the Apple A16 Bionic (4 nm), Hexa Core, delivering superfast, efficient performance with advanced features like computational photography and Voice Isolation; Battery for Fast Charging; Wired charging up to 50% in 30 min (advertised), plus 15W MagSafe and 7.5W wireless (Qi) charging; Connectivity; Wi-Fi 802.11 a/b/g/n/ac/6, dual-band, hotspot; Bluetooth 5.3, A2DP, LE; Positioning GPS, GLONASS, GALILEO, BDS, QZSS; USB-C 2.0, DisplayPort; Apple USB-C Power Adapter, 20 Watt, White - MHJE3ZM-A | Unknown Type: Power Adapter | Unknown Number Of Ports: 1 USB Type-C port | Unknown Video: 4K@24/25/30/60fps, 1080p@25/30/60/120/240fps, HDR, Dolby Vision HDR (up to 60fps), stereo sound recording; 4K@24/25/30/60fps, 1080p@25/30/60/120fps, gyro-EIS | Unknown Maximum Output Power: 20 Watts | Unknown Compatible With: Apple devices"
4b3f1cbd3b5f,Tecno,Tecno Spark Go 3,6111.0,6617.0,"[64.0, 128.0]",[4.0],['4G'],Smart Phones,True,"Brand: Tecno | Model: Spark Go 3 | Display: 6.74-inch, IPS LCD (720 x 1600), 120Hz | Processor: Unisoc T7250 (12 nm) - Octa-core (2x1.8 GHz Cortex-A75 & 6x1.6 GHz Cortex-A55) | Rear Camera: 13 MP, Dual-LED flash, Video recording supported | Front Camera: 8 MP, Video recording supported | Battery: 5000mAh Battery, 15W Wired Charging | SIM Cards: 2 | Connectivity: Wi-Fi 802.11 a/b/g/n/ac, dual-band; Bluetooth; GPS; Infrared port; FM Radio; USB Type-C, OTG | Operating System: Android 15, HIOS 15 | Other Features: Fingerprint (side-mounted), accelerometer; IP64 dust and splash resistant; Drop resistant up to 1.2m; Glass front, plastic back, plastic frame; Dedicated microSDXC card slot; 3.5mm audio jack"
4bdebcefa4df,Vivo,Vivo V25e,14586.0,14586.0,[128.0],[8.0],['4G LTE'],Smart Phones,True,"Memory: 8GB; Battery Capacity; 4500 mAh, Fast charging 44W; Connectivity; Wi-Fi, Bluetooth 5.2, GPS, USB-C 2.0, USB On-The-Go; Color; Gold | Unknown Internal: 128GB"
4c623da0e664,Motorola,Motorola G56,12000.0,12475.0,[256.0],[12.0],[],Smart Phones,True,"Brand: Motorola | Model: G56 | Display: 6.72- inch, (1080 x 2400 ); IPS LCD, 120Hz refresh rate | Processor: Mediatek Dimensity 7060 (6 nm)- Octa Core | Rear Camera: 50 MP, f/1.8, 25mm (wide); 8 MP, f/2.2, 12mm, 118˚ (ultrawide); LED flash, HDR, panorama; Video 1080p@30/60fps | Front Camera: 32 MP, f/2.2, (wide), 0.7µm | Battery: 5200 mAh 30W wired | SIM Cards: 2 | Connectivity: Wi-Fi; Bluetooth 5.3; GPS; USB Type-C 2.0 | Other Features: Fingerprint (side-mounted), accelerometer, gyro, proximity, compass; Smart Connect support"
4de0041a72c5,Vivo,Vivo Y05,7099.0,8299.0,"[64.0, 128.0]",[4.0],['4G'],Smart Phones,True,"Brand: Vivo | Model: Y05 | Display: 6.74-inch IPS LCD; HD+ resolution with up to 120Hz refresh rate; 1200 nits brightness for clear viewing | Processor: Octa-core Unisoc; Unisoc T7225 (12nm) | Rear Camera: 13MP with HDR and panorama | Front Camera: 5 MP | Battery: Battery Range 5500 – 6500 mAh; 15W wired charging speed; Charging port Type-C | SIM Cards: 2 | Connectivity: USB Type-C | Operating System: Android 16; Origin-OS 6.0 | Other Features: Light Weight 209 g; Side-mounted fingerprint sensor; Accelerometer, ambient light sensor; Proximity sensor, and e-compass.; IP65 dust-tight and water-resistant"
4e118a5efe1a,Vivo,Vivo Y04,5756.0,8799.0,"[64.0, 128.0, 256.0]",[4.0],['4G LTE'],Smart Phones,True,"Display: 1600 × 720; 90Hz Refresh rate, 570 nits brightness; Processor; Unisoc T7225 (12 nm) - Octa-core; Rear Camera; 13 MP, f/2.2 aperture; 0.08 MP, f/3.0 aperture; Front Camera; 5 MP, f/2.2 aperture; Battery; 5500mAh Li-ion battery | Battery: 15W; Number of SIM cards; Dual SIM; Connectivity; Wi-Fi. Bluetooth 5.2, USB-C, GPS, OTG, FM, fingerprint"
4e46efb2b6fa,Tecno,Tecno Camon 30,11350.0,11350.0,[256.0],[8.0],['4G LTE'],Smart Phones,True,"Brand: Tecno | Model: Tecno Camon 30 | Display: 6.78 inch AMOLED, 120Hz (1080 x 2436); 6.78 inch AMOLED, 120Hz(1080 x 2436); Processor; Mediatek Helio G99 Ultimate; Rear Camera; 50 MP, f/1.9, (wide), 1/1.57"", PDAF, OIS - 2 MP, (depth); Dual-LED flash, HDR, panorama; Video1440p@30fps, 1080p@30/60fps; Front Camera; 50 MP, (wide), AF; Dual-LED dual-tone; Video 1440p@30fps, 1080p@30/60fps; Battery Capacity; 5000 mAh; Charging 70W wired, 0-100% in 45 min | Processor: Mediatek Helio G99 Ultimate | Rear Camera: 50 MP, f/1.9, (wide), 1/1.57"", PDAF, OIS; 2 MP, (depth); Dual-LED flash, HDR, panorama; Video 1440p@30fps, 1080p@30/60fps | Front Camera: 50 MP, (wide), AF; Dual-LED dual-tone; Video 1440p@30fps, 1080p@30/60fps | Battery: 5000 mAh; Charging 70W wired, 0-100% in 45 min | SIM Cards: Dual SIM; Connectivity; Wi-Fi 802.11 a/b/g/n/ac, dual-band; Bluetooth 5.3, A2DP, LE - GPS | Connectivity: Wi-Fi 802.11 a/b/g/n/ac, dual-band; Bluetooth 5.3, A2DP, LE; GPS | Other Features: Fingerprint, accelerometer, gyro, proximity, compass | Unknown Number Of Sim Cards: Dual SIM"
4e9a1c8ae2ae,Samsung,Samsung Galaxy A56,21555.0,27388.0,"[128.0, 256.0]","[8.0, 12.0]","['4G LTE', '5G']",Smart Phones,True,"Video: 4K@30fps, 1080p@30/60fps, gyro-EIS; Front Camera; 12MP wide front camera for clear selfies and wider shots (f/2.2); 4K@30fps, 1080p@30/60fps, 10-bit HDR; Battery Capacity; 5000 mAh massive battery with 45W fast charging reaches up to 65% in 30 minutes and 100% in 68 minutes.; Connectivity; Wi-Fi 802.11 a/b/g/n/ac/6, dual-band, Wi-Fi Direct; Bluetooth 5.3, A2DP, LE, USB Type-C 2.0, OTG; Positioning GPS, GALILEO, GLONASS, BDS, QZSS; Other Features; IP67 dust and water resistant for reliable protection (up to 1m for 30 min).; Stereo speakers for immersive audio experience.; Fingerprint (under display, optical), accelerometer, gyro, compass; Virtual Proximity Sensing.; 5000mAh massive battery with 45W fast charging reaches up to 65% in 30 minutes and 100% in 68 minutes.; Bluetooth 5.3, A2DP, LE; USB Type-C 2.0, OTG"
51387c67b2be,Realme,Realme 16 Pro,27490.0,27800.0,[256.0],[12.0],['5G'],Smart Phones,True,"Brand: Realme | Model: 16 Pro | Display: 6.78-inch, AMOLED, 1B colors, 144Hz, 1000 nits (typ), 1400 nits (HBM), 6500 nits (peak), (1272 x 2772) | Processor: Mediatek Dimensity 7300 Max (4 nm) - Octa-core | Rear Camera: 200 MP, f/1.9, 23mm (wide), 1/1.56"", 0.5µm, dual-pixel PDAF, OIS; 8 MP, 112˚, (ultrawide), 1/4.0"", 1.12µm; LED flash, HDR, panorama; Video 4K@30fps, 1080p@30/60/120fps, HDR, gyro-EIS, OIS | Front Camera: 50 MP, f/2.4, 23mm (wide), 1/2.88"", 0.61µm; Video 4K@30fps, 1080p@30/60fps, HDR | Battery: 7000 mAh, Charging 80W wired | SIM Cards: 2 | Connectivity: Wi-Fi 802.11 a/b/g/n/ac/6, dual-band; Bluetooth 5.4; GPS, GLONASS, GALILEO, BDS; Infrared port; USB Type-C 2.0, OTG | Operating System: Android 16, Realme UI 7.0 | Other Features: IP68/IP69K dust tight and water resistant (immersible up to 2m for 30 min); Fingerprint (under display, optical), accelerometer, gyro, proximity, compass sensors; Stereo speakers; Realme Buds T200x Earbuds, Active Noise Cancellation; 12.4mm Dynamic Bass Drivers; 25 dB Active Noise Cancellation; 48 Hours of Music Playback; IP55 Rated water & dust resistant; 45ms Latency; Bluetooth 5.4; Color may Vary"
517fe0eafbb1,Vivo,Vivo Y21D,8781.0,11200.0,"[128.0, 256.0]","[4.0, 6.0]",['4G'],Smart Phones,True,"Brand: Vivo | Model: Y21D | Display: 6.68-inch LCD display, (720 × 1608 px), 90Hz refresh rate. | Processor: T7225, Octa-Core | Rear Camera: 50 MP + 0.08 MP; Rear flash; The rear camera has an aperture of f/1.8 (50 MP resolution) + an aperture of f/3.0 (0.08 MP resolution). | Front Camera: 5 MP; The front camera has an aperture of f/2.2 | Battery: 6500 mAh battery with 44W wired charging. | SIM Cards: 2 | Connectivity: Wi-Fi; Bluetooth 5.2; GPS; USB Type‑C OTG | Operating System: Android 15 with Funtouch OS 15 | Other Features: IP68 and IP69 dust and water resistance; Side‑mounted fingerprint sensor"
536a3aa3974f,Oppo,Oppo A96,9950.0,10923.0,"[128.0, 256.0]",[8.0],['4G LTE'],Smart Phones,True,"Brand: Oppo | Model: A96 | Display: 6.59-inch IPS LCD (1080 x 2412) with 90Hz refresh rate; Rear Camera; 50 MP, f/1.8, 27mm (wide), PDAF; Auxiliary lens; LED flash, HDR, panorama; Video 1080p@30fps | Processor: Qualcomm SM6225 Snapdragon 680 4G (6 nm) octa-core | Front Camera: 16MP, f/2.0, 26mm (wide) | Battery: 5000mAh with 33W fast charge (supports reverse charging) | Connectivity: Wi-Fi, Bluetooth 5.0, GPS, USB Type-C 2.0, side-mounted fingerprint"
53b6f9ae21db,Xiaomi,Xiaomi Redmi A5,7031.0,9500.0,"[64.0, 128.0]",[4.0],['4G LTE'],Smart Phones,True,"Brand: Xiaomi | Model: Redmi A5; Display; 6.88 Inch, 450 nits (typ), 260 ppi | Processor: UNISOC T7250 processor 12nm, octa-core; Rear Camera; Dual Camera; 32MP + 32MP; FilmCamera, HDR mode, Ultra HD, Night mode; 4P lens, f/2.0; Auxiliary lens | Battery: 5200mAh, 15W, fast charging | SIM Cards: Dual SIM; Connectivity; USB Type-C; 2.4GHz/5GHz Wi-Fi; Bluetooth 5.2; Supports FM radio (with headphone jack); Supports AAC / SBC; GPS, Glonass, Galileo, BDS (only B1C); 3.5mm headphone jack; Other Features; Virtual proximity sensor, Virtual ambient light sensor; Accelerometer, Electronic compass; Side fingerprint sensor; AI face unlock | Unknown Refresh Rate: Up to 120Hz; DC dimming; TÜV Rheinland Low Blue Light, Flicker Free | Unknown Touch Sampling Rate: Up to 240Hz | Unknown Contrast Ratio: 1500:1; (1640x720) | Unknown Rear Camera Video Recording: 1080p 1920x1080 30fps, 720p 1280x720 30fps; Front Camera; 8MP; HDR mode, Fill-light; Portrait mode, Time-lapse, Night mode; 4P lens, f/2.0 | Unknown Front Video Recording: 1080p 1920x1080 30fps, 720p 1280x720 30fps"
55d0821e81c5,Tecno,Tecno Spark 20 Pro Plus,9700.0,9700.0,[256.0],[8.0],['4G'],Smart Phones,True,"Front Camera: 32MP wide camera with f/2.2 for high-quality, detailed selfies with Tecno Spark 20 Pro Plus. | Video: 1440p @30fps; 1080p @30fps; Processor; MediaTek Helio G99 Ultimate Octa-Core processor powers the Tecno Spark 20 Pro Plus for smooth multi-tasking and efficient power consumption.; Battery; 5000mAh massive battery for all-day power, with 33W Fast Charging for rapid charging.; Connectivity; Wi-Fi 802.11 a/b/g/n/ac, Dual-band, Wi-Fi Direct, Hotspot.; Bluetooth 5.2, A2DP, LE. | Unknown Positioning: GPS, GLONASS, GALILEO, BDS.; USB-C 2.0, USB On-The-Go. | Unknown Tecno Spark 20 Pro Plus: Stylish Design with a Curved Display; Display; 6.78 Inch AMOLED (1080 × 2436) for vibrant visuals.; 120Hz Refresh Rate for ultra-smooth scrolling.; Rear Camera (Dual); 108MP Wide camera for detailed photos with accurate focus (f/1.8 and PDAF).; 2MP Depth camera with f/2.4 for professional portrait shots.; Features; LED Flash for brighter shots, HDR for enhanced detail in bright and dark areas, and Panorama for wide scenic shots."
566fc298fcf2,Xiaomi,Xiaomi 17T,37999.0,37999.0,[512.0],[12.0],['5G'],Smart Phones,True,"Brand: Xiaomi | Model: 17T | Display: 6.59-inch AMOLED display(2756 x 1268), 120Hz eye-care, 3500nits | Processor: MediaTek Dimensity 8500-Ultra | Rear Camera: Leica 23mm main camera 50MP, Light Fusion 800 image sensor; 1/1.55""2.0µm 4-in-1 Super Pixelf/1.7OIS23mm equivalent focal length; Leica 115mm periscope telephoto50MPf/3.0OIS115mm equivalent focal length; Leica 15mm ultra-wide camera12MPf/2.215mm equivalent focal length120°; Digital zoom up to 120x with AI Ultra Zoom; 4K (3840 x 2160) HDR10+ video recording at 30fps, 60fps1080p (1920 x 1080) | Front Camera: 32MP f/2.221mm equivalent focal length; 4K (3840 x 2160) HDR10+ video recording at 30fps1080p (1920 x 1080) HDR10+ video recording at 30fps, 60fps720p (1280 x 720) video recording at 30fps | Battery: 6500mAh , 67W HyperCharge | SIM Cards: 2 | Connectivity: Bluetooth 6.0; Wi-Fi 6E; GPS; USB-C | Operating System: Xiaomi HyperOS 3 | Other Features: In-screen fingerprint sensor; AI Face Unlock; Proximity sensor, Ambient light sensor, accelerometer, gyroscope, Electronic compass; IP68 Dust and Water Resistance"
578c9c1b423c,Realme,Realme C75,9800.0,11123.0,"[128.0, 256.0]",[8.0],['4G LTE'],Smart Phones,True,"Unknown Realme C75: Durability Meets AI; Display; 6.72 inch IPS LCD display (1080 x 2400) for great watching experience while streaming, browsing, and gaming.; 90Hz refresh rate for smooth navigation.; Processor; Mediatek Helio G92 Max (12 nm) powers Realme C75 for smooth performance on your everyday tasks.; Rear Camera; 50MP wide camera with PDAF for clear shots and fast, accurate focusing (f/1.8).; secondary camera; LED flash brightens dark scenes, while HDR enhances details, and panorama captures wider views.; Video 1080p@30fps; Front Camera; 8MP wide front camera for sharp selfies and clear video calls (f/2.0).; Battery Capacity; 5828mAh with 45W wired fast charging for extended use and quick charging.; Reverse wired charging for powering compatible devices using Realme C75.; Connectivity; Wi-Fi 802.11 a/b/g/n/ac, dual-band; Bluetooth 5.0, A2DP, LE; GPS, GALILEO, GLONASS, QZSS, BDS; Other Features; IP68/IP69 dust tight and water resistant rating keeps Realme C75 protected.; Fingerprint (side-mounted), accelerometer, gyro, proximity, compass."
57ff8b9b2433,Nokia,Nokia 230 Dual-SIM,4493.0,4493.0,[],[],[],Feature Phones,True,"Brand: Nokia | Model: 230 | Display: 2.8 Inch, TFT | Rear Camera: 2 MP | Front Camera: 2 MP | Battery: 1000 - 2000 mAh | Memory: 16MB | Unknown Bluetooth: 3.0; Radio Stereo FM radio; Micro USB 1.1"
5c4a7f9844be,Oppo,Oppo A38,8925.0,8925.0,[128.0],[4.0],['4G LTE'],Smart Phones,True,"Brand: Oppo | Model: A38 | Display: 6.56 inch, IPS LCD, (720 x 1612 pixels) | Processor: Mediatek MT6769 Helio G85 (12nm); Octa-core (2x2.0 GHz Cortex-A75 & 6x1.8 GHz Cortex-A55) | Front Camera: 5 MP, f/2.2 (wide) | Battery: 5000 mAh, non-removable Li-Po, supports 33W fast charging | SIM Cards: Dual SIM | Connectivity: Wi-Fi, Bluetooth V5.3, GPS, USB Type-C 2.0, OTG, Fingerprint (side-mounted) | Unknown Dual Camera: 50 MP, f/1.8 (wide) + 2 MP, f/2.4 (depth); LED flash, HDR, panorama"
5cb7c095f25b,Honor,Honor 400 Lite,20346.0,22866.0,[256.0],[8.0],['4G LTE'],Smart Phones,True,"Brand: Honor | Model: 400 Lite; Display; 6.7-inch AMOLED, 120Hz; 2412 × 1080 resolution; Processor; MediaTek Dimensity 7025-Ultra; Octa-core (2xA78 2.5GHz + 6xA55 2.0GHz); Rear Camera; Dual Camera; 108MP Main Camera (f/1.75); 5MP Wide and Depth Camera (f/2.2) | SIM Cards: Dual SIM; Connectivity; Wi-Fi 802.11 a/b/g/n/ac, Wi-Fi Direct; Bluetooth 5.3; USB Type-C USB 2.0; GPS, OTG; Other Features; AI Translate; IP65 Water and Dust Resistance; Gravity Sensor, Fingerprint Sensor | Video: up to 1080P; Support 2D Face Recognition | Unknown Up To 10X Digital Zoom Video: up to 1080P | Unknown Capture Modes: Night, Multi-video, Time-Lapse; Front Camera; 16MP (f/2.45), Selfie Light; Portrait, Multi-video, Gesture Control; Battery Capacity; 5230mAh; 35W Honor SuperCharge"
5d03ba256969,Honor,Honor X5C Plus,7800.0,7800.0,[128.0],[4.0],[],Smart Phones,True,"Brand: Honor | Model: X5C Plus | Display: TFT LCD, 90Hz; 6.74 Inch; 720 x 1600 pixels | Processor: Mediatek Helio G81 (12 nm), Octa-core | Rear Camera: 50 MP, f/1.8, (wide), PDAF; Auxiliary lens; Features LED flash, HDR, panorama | Front Camera: 5 MP, f/2.2, (wide); Video 1080p@30fps | Battery: 5260 mAh | SIM Cards: Dual SIM | Connectivity: Wi-Fi 802.11 a/b/g/n/ac, dual-band; Wi-Fi Direct; Bluetooth 5.1, A2DP, LE, aptX HD; GPS, GLONASS, GALILEO, BDS; FM radio; USB Type-C 2.0, OTG | Other Features: Fingerprint (side-mounted), accelerometer, proximity; Loudspeaker | Video: 1080p@30fps | Unknown Card Slot: microSDXC | Unknown Charging: 15W wired"
5d8b65b03ca1,Realme,Realme Note 70,7635.0,7635.0,[128.0],[4.0],[],Smart Phones,True,"Brand: Realme | Model: Note 70 | Display: 6.74 Inch, HD+; 720x1600; 4160*3120; 2592x1944 | Processor: UNISOC T7250, 12nm, 8 cores | Rear Camera: Dual Camera; Omnivision OV13B10-GA5A Camera | Front Camera: SC520CS 5MP | Battery: 6000mAh; 15W VOOC fast charging | SIM Cards: Dual SIM | Connectivity: USB Type-C port; Wi-Fi 2.4/5GHz, Supports 802.11 a/b/g/n/ac; Bluetooth 5.2; Beidou (B1I) GPS (L1) GLONASS (G1) Galileo (E1) | Other Features: Water and dust resistance with IP54 standard; Linear speaker supporting ORelity Audio effect noise cancellation with a single microphone; Proximity sensor, ambient light sensor; Side fingerprint sensor, gyroscope, accelerometer | Unknown Refresh Rate: Up to 90Hz | Video: 1080P@30fps | Unknown Touch Sampling Rate: Up to 180Hz | Unknown Equivalent Focal Length: 27mm | Unknown Functions: Night. Portrait, Slow Motion, Time-lapse; Portrait, Night, Panorama | Unknown Maximum Brightness: 563 nits | Unknown Angle Of View Fov: 76.5°, Aperture: f/2.2; 76.6°, Aperture: f/2.2 | Unknown Front Camera Supports: 720P@30fps Video"
5e409bb7a450,Nokia,Nokia 105 2019 Dual-SIM,485.0,485.0,[],[],[],Feature Phones,True,"Brand: Nokia | Model: 105 2019 | Display: 1.77 Inch | Battery: 800mAh | Connectivity: Micro USB, Radio FM , 3.5mm"
5f887a7ed1b3,Infinix,Infinix Smart 20,6330.0,7371.0,"[64.0, 128.0]",[4.0],['4G'],Smart Phones,True,"Brand: Infinix | Model: Smart 20 | Display: 6.78 inch, IPS LCD HD+ 720x1576; 45Hz/60Hz/90Hz/120Hz refresh rate; 560 nits (TYP), 700 nits (HBM Brightness) | Processor: MediaTek Helio G81 Ultimate- Octa Core | Rear Camera: 8MP, f/2.0, 1/4'' sensor, 1.12um, AF; Rear Dual Flash; AI Cam, Video, Dual Video, Portrait, Time-Lapse, Super Night, Pro, Panorama, Documents; Video 2K 30FPS/1080P,30FPS/720P 30FPS | Front Camera: 8MP, f/2.0, 1/4'' sensor, 1.12um, FF | Battery: 5200mAh, 10W Charger, 15W Supported | SIM Cards: 2 | Connectivity: Wi-Fi 802.11; Bluetooth; USB Type-C, OTG; 3.5 Jack; FM Radio | Operating System: XOS16, Powered by Android 16 | Other Features: G-sensor, e-compass, gyroscope, light sensor, proximity sensor; Fingerprint sensor; IP64 splash, water and dust resistance"
612452ba68d0,Itel,Itel A50,5151.0,5151.0,[64.0],[3.0],['4G'],Smart Phones,True,"Brand: itel | Model: A50; Display | Display: 720 x 1612 pixels, 20:9 ratio (~267 ppi density) | Processor: Octa Core | Rear Camera: 8 MP auxiliary lens with LED flash | Front Camera: 5 MP | Battery: 5000 mAh | SIM Cards: Dual SIM | Connectivity: GPS, Bluetooth, USB Type C; Key Features; 8.7mm thickness; Android 14; Fingerprint (side-mounted); unspecified sensors; LED flash | Unknown Charging: 10W wired | Unknown Type: IPS LCD, 480 nits (peak) | Unknown Size: 6.6 inches, 104.6 cm2 (~84.3% screen-to-body ratio)"
61deb50c31f9,Realme,Realme C85,12510.0,12510.0,[256.0],[8.0],['4G'],Smart Phones,True,"Brand: Realme | Model: C85 | Display: IPS LCD, 6.8 inch 720 x 1570 pixels; 144Hz, 1200 nits (HBM); 6.7-inch FHD+, 90Hz | Processor: Qualcomm SM6225 Snapdragon 685 (6 nm); Not specified | Rear Camera: 50 MP, f/1.8, 28mm (wide); LED flash, HDR, panorama; 64MP AI Main + Macro | Front Camera: 8 MP, f/2.0, 26mm (wide); Selfie camera | Battery: Li-Ion 7000 mAh; 5000 mAh, 33W charging | SIM Cards: Dual Sim; Dual SIM (4G) | Connectivity: Wi-Fi; Bluetooth 5.0; GPS, GALILEO, GLONASS, QZSS, BDS; USB Type-C 2.0, OTG; Bluetooth, USB-C | Operating System: Android 15, Realme UI 6.0; Android 14 | Other Features: IP68/IP69K dust tight and water resistant; Fingerprint (side-mounted); Accelerometer; Proximity; Compass; AI camera features | Video: 1080p@30/60fps | Unknown Wattage: 45W"
623d5d0b5e4d,Vivo,Vivo V50,27552.0,27552.0,[256.0],[12.0],['5G'],Smart Phones,True,"Other Features: Color spectrum sensor, Zeiss optics, Ring-LED flash, panorama, HDR | Video: 4K@30fps, 1080p@30fps, gyro-EIS, OIS; Front Camera; 50MP wide front camera with Zeiss optics and HDR to capture stunning selfies with enhanced image quality on Vivo V50.; f/2.0, 21mm, 1/2.76"", 0.64µm, AF.; 4K@30fps, 1080p@30fps.; Battery Capacity; 6000mAh powerful battery for all-day use on the Vivo V50, with 90W fast charging to get you back to full power in no time.; Connectivity; WLAN; Bluetooth 5.4, A2DP, LE | Unknown Vivo V50: Exceptional Camera, Powerful Battery; Display; 6.77-inch AMOLED display with HDR10+ on the Vivo V50 for rich, vibrant colors.; 120Hz refresh rate delivers ultra-smooth scrolling.; 4500 nits peak brightness and 1300 nits HBM for excellent visibility under outdoor lighting conditions.; FHD+ (1080 x 2392) resolution provides sharp details and enhanced clarity.; Processor; Qualcomm SM7550-AB Snapdragon 7 Gen 3 (4 nm) Octa Core processor delivers responsive performance and efficient power consumption.; Rear Dual Camera; 50MP wide camera for detailed shots (f/1.9, 23mm, 1/1.55"", 1.0µm, PDAF, OIS).; 50MP ultrawide camera for capturing panoramic views (f/2.0, 15mm, 119˚, 1/2.76"", 0.64µm, AF). | Unknown Positioning: GPS, GALILEO, GLONASS, QZSS, BDS, NavIC; USB Type-C 2.0, OTG; Other Features; IP68/IP69 water resistant protects Vivo V50 from high-pressure water jets and immersion up to 1.5m for 30 minutes.; Stereo speakers for an immersive audio experience.; Fingerprint (under display, optical), accelerometer, gyro, proximity, compass."
63c98bc07f96,Itel,Itel A100C,5111.0,6432.0,"[64.0, 128.0]","[2.0, 3.0]",['4G'],Smart Phones,True,"Brand: Itel | Model: A100C | Display: 6.6-inch IPS LCD, 90Hz; 720x1612 (~267 ppi) | Processor: Unisoc T7100 Octa-core (1.8 GHz), PowerVR GE8322 GPU | Rear Camera: 8 MP, LED flash | Front Camera: 5 MP | Battery: 5000 mAh | SIM Cards: Dual SIM (Nano-SIM + Nano-SIM) | Connectivity: WLAN, Bluetooth, GPS; Infrared port, USB Type-C | Operating System: Itel OS 15, Android 15 (Go edition) | Other Features: Side-mounted fingerprint sensor, accelerometer; 3.5mm jack, loudspeaker | Video: 1080p@30fps; Yes | Unknown Typical Brightness: 400 nits | Unknown Network: 4G"
63d01a809263,Samsung,Samsung Galaxy S26 Ultra,71400.0,95666.0,"[256.0, 512.0, 1024.0]","[12.0, 16.0]",['5G'],Smart Phones,True,"Brand: Samsung | Model: Galaxy S26 Ultra | Display: 6.9-inch Quad HD+ Dynamic AMOLED 2X; 120Hz Refresh Rate, (3120 x 1440) | Processor: Snapdragon 8 Elite Gen 5-Octa-Core | Rear Camera: Quad Camera ( 200.0 MP + 50.0 MP + 50.0 MP + 10.0 MP); F1.4 , F2.9 , F1.9 , F2.4; Auto Focus, OIS; Optical Zoom 3x and 5x, Optical quality Zoom 2x and 10x (Enabled by Adaptive Pixel sensor) , Digital Zoom up to 100x; UHD 8K (7680 x 4320)@30fps; 240fps @FHD, 120fps @FHD, 120fps @UHD Slow Motion | Front Camera: 12MP, F2.2 | Battery: 5000mAh, Supports 60W Fast Charging; Up to 31 Hours Video Playback Time | SIM Cards: Dual SIM | Connectivity: USB Type-C 3.2 Gen 1; GPS; Wifi; Bluetooth 6.0 | Operating System: Android 16 | Other Features: S Pen Support; Accelerometer, Barometer, Fingerprint Sensor, Gyro Sensor; Geomagnetic Sensor, Hall Sensor, Light Sensor, Proximity Sensor"
64ced04698d9,Samsung,Samsung Galaxy A36,17844.0,18124.0,"[128.0, 256.0]",[8.0],"['4G', '5G']",Smart Phones,True,"Brand: Samsung | Model: Galaxy A36 | Display: 6.7 Inch Super AMOLED display (1080 x 2340) for an unparalleled viewing experience.; 120Hz refresh rate for responsive scrolling and 385 ppi for detailed visuals.; 1200 nits (HBM) and 1900 nits peak brightness for clear visibility under direct sunlight.; Corning Gorilla Glass Victus+ protects the screen from everyday scratches and drops.; Always-on display; Rear Triple Camera; 50MP wide camera with OIS and PDAF for clear, stable shots (f/1.8, 1/1.96"").; 8MP ultrawide camera for fitting more people into every shot (f/2.2, 123˚, 1/4.0"", 1.12µm).; 5MP macro camera for capturing small details (f/2.4).; LED flash, panorama, HDR.; Video 4K@30fps, 1080p@30/60fps, gyro-EIS; Front Camera; 12MP wide camera for high-quality selfies and video calls (f/2.2).; Video 4K@30fps, 1080p@30fps, 10-bit HDR; Battery Capacity; 5000mAh battery to keep Samsung A36 powered all day.; 45W fast charging reaches up to 66% in 30 minutes and up to 100% in 68 minutes.; Processor; Qualcomm Snapdragon 6 Gen 3 Octa-core (4 nm- SM6475-AB) processor for reliable everyday performance with Samsung A36.; 6.7 Inches Super AMOLED display; 120Hz, 1200 nits (HBM), 1900 nits (peak); 1080 x 2340 pixels; Corning Gorilla Glass Victus+, Always-on display | Processor: Qualcomm SM6475-AB Snapdragon 6 Gen 3 (4 nm) - Octa-core | Rear Camera: Triple Camera; 50 MP, f/1.8, (wide), 1/1.96"", PDAF, OIS; 8 MP, f/2.2, 123˚, (ultrawide), 1/4.0"", 1.12µm; 5 MP, f/2.4, (macro) | Front Camera: 12 MP, f/2.2, (wide) | Battery: 5000mAh Battery capacity | SIM Cards: Dual SIM | Connectivity: Wi-Fi 802.11 a/b/g/n/ac/6, dual-band, Wi-Fi Direct; Bluetooth 5.4, A2DP, LE; Positioning GPS, GALILEO, GLONASS, BDS, QZSS; USB Type-C 2.0, OTG; Wi-Fi, Bluetooth 5.4 | Other Features: IP67 dust/water resistant (up to 1m for 30 min); Stereo speakers; Fingerprint (under display, optical), accelerometer, gyro, compass; Virtual Proximity Sensing, Circle; LED flash, panorama, HDR | Video: 4K@30fps, 1080p@30/60fps, gyro-EIS; 4K@30fps, 1080p@30fps, 10-bit HDR | Unknown Charging: 45W wired, 66% in 30 min, 100% in 68 min | Unknown Positioning: GPS, GALILEO, GLONASS, BDS, QZSS; USB Type-C 2.0, OTG, Fingerprint | Unknown Samsung A36: A Powerful Smartphone with AI Features"
66c13591f503,Oppo,Oppo A6t,12550.0,12899.0,[128.0],[6.0],"['4G', '5G']",Smart Phones,True,"Brand: Oppo | Model: A6t; CPH2853 | Display: 6.75-inch IPS LCD Display; HD+ (720 × 1570) Resolution; 120Hz Refresh Rate; Up to 1125 nits Peak Brightness; 6.75-inch LCD Display; HD+ (1570 × 720) Resolution | Processor: Qualcomm Snapdragon 685 (6nm) Octa-Core; MediaTek Dimensity 6300 Octa-Core | Rear Camera: 13 MP Wide Camera; LED Flash, HDR, Panorama; Video Recording up to 1080p@60fps; 50 MP Wide Camera; 2 MP Monochrome Camera; Video Recording up to 720P@60fps; Up to 10x Digital Zoom | Front Camera: 5 MP Wide Camera; Video Recording up to 1080p@30fps; 5 MP Camera; Video Recording up to 720P@30fps | SIM Cards: Dual Nano-SIM; Dual Nano-SIM, 5G | Connectivity: Wi-Fi 802.11 a/b/g/n/ac (Dual-Band); Bluetooth 5.0; USB Type-C 2.0; OTG; GPS, GALILEO, GLONASS, BDS, QZSS; 3.5mm Audio Jack; Wi-Fi 802.11 a/b/g/n/ac (Wi-Fi 5); Bluetooth 5.4; USB Type-C; GPS, A-GPS, GLONASS, Galileo, BeiDou, QZSS | Operating System: Android 15, ColorOS 15; ColorOS 15.0, Android 15 | Other Features: Side-Mounted Fingerprint Sensor, Accelerometer, Proximity Sensor, Compass; IP64 Dust and Splash Resistant; microSDXC Card Support; Side-Mounted Fingerprint Sensor, Facial Recognition; Proximity Sensor, Ambient Light Sensor, E-Compass, Accelerometer; microSD Card Support | Unknown Capacity: 6500mAh; 5W Reverse Wired Charging | Unknown Charging: Standard Charging (Fast Charging Not Supported) | Dimensions: 166.6 × 78.5 × 8.6mm; 166.61 × 78.51 × 8.61mm"
679784074262,Xiaomi,Xiaomi Redmi A7 Pro,6689.0,7576.0,"[64.0, 128.0]",[4.0],['4G'],Smart Phones,True,"Brand: Xiaomi | Model: Redmi A7 Pro | Display: 6.9-inch LCD(1600 × 720) resolution; Up to 120Hz refresh rate, 650nits brightness (800nits HBM) | Processor: Unisoc T7250 12nm process, octa-core | Rear Camera: 13MP main camera1/3.06"" sensor size f/2.2Auxiliary lens film Camera; Video recording 1080p at 30fps, 720p at 30fps | Front Camera: 8MP front camera f/2.0; Video recording 1080p at 30fps, 720p at 30fps; Fill-light, HDR mode, Time-lapse, Portrait mode, Night mode | Battery: 6000mAh with 15W fast charging | SIM Cards: 2 | Connectivity: Wi-Fi; Bluetooth 5.2; GPS; USB Type-C; 3.5mm headphone jack | Operating System: Xiaomi HyperOS 3 | Other Features: Side fingerprint sensor; AI Face Unlock"
6ad301f055d2,Xiaomi,Xiaomi Redmi Note 15 Pro,20888.0,23555.0,"[256.0, 512.0]",[12.0],['5G'],Smart Phones,True,"Brand: Xiaomi | Model: Redmi Note 15 Pro | Display: 6.83-inch AMOLED display; Resolution (2772 x 1280) 1.5K; Up to 120Hz refresh rate; 3200 nits peak brightness | Processor: MediaTek Dimensity 7400-Ultra 4nm, Octa-core | Rear Camera: 200MP main camera Optical Image Stabilization (OIS)0.56μm, 16in1, 2.24μm, f/1.7, 7P lens, 1/1.4"" sensor size; 8MP ultra-wide camera f/2.2; Video recording 4K at 30 fps,1080p at 30/60, fps720p at 30 fps | Front Camera: 20MP front camera1/4"" sensor size f/2.2, 4P lens; Video recording 1080p at 30/60 fps, 720p at 30 fps | Battery: 6580mAh, 45W turbo charging | SIM Cards: 2 | Connectivity: Bluetooth 5.4; Wi-Fi; GPS; USB Type-C | Operating System: Xiaomi HyperOS 2 | Other Features: AI Erase Pro, AI Remove Reflection, AI Image Expansion, AI Sky, AI Bokeh, AI Cutouts; AI Image Enhancement, AI Beautify, AI Film; Circle to Search with Google, Google Gemini; In-screen fingerprint sensor; AI face unlock; IP68/IP69 Water and Dust Resistance"
6b0fea50464a,Tecno,Tecno Spark 30,8444.0,8444.0,[256.0],[8.0],['4G'],Smart Phones,True,"Brand: Tecno | Model: Spark 30 | Display: 6.78 inch, (1080 x 2460 ); IPS LCD, 90Hz, 800 nits | Processor: Mediatek Helio G91 (12 nm) Octa-core | Rear Camera: 64 MP, (wide), 1/1.73"", 0.8µm, PDAF; Auxiliary lens; Quad-LED flash, HDR; Video 1440p@30fps, 1080p@30fps | Front Camera: 13 MP, (wide); Dual-LED dual-tone flash; Video 1080p@30fps | Battery: 5000 mAh, 18W wired charging | SIM Cards: 2 | Connectivity: Bluetooth; Wifi; GPS; Infrared port; USB Type-C | Operating System: Android 14, HIOS 14 | Other Features: IP64 dust-tight and water-resistant; Fingerprint (side-mounted); unspecified sensors"
6f4dcd7255b7,Realme,Realme 15T,16657.0,22500.0,[256.0],"[8.0, 12.0]",['4G'],Smart Phones,True,"Brand: Realme | Model: 15T | Display: 6.57 Inch; AMOLED 4R Comfort+; 1080 x 2372 | Processor: Mediatek Dimensity 6400 Max 5G, 6nm, octa-core | Rear Camera: Dual Camera | Battery: 6550mAh; 45W fast charging | SIM Cards: Dual SIM | Connectivity: USB Type-C port; GPS, Glonass, Beidou, Galileo, QZSS; Wi-Fi 5, Bluetooth 5.3 support | Other Features: Water and dust resistance according to IP66/68/69 standards; Proximity sensor, ambient light sensor; Electronic compass, accelerometer, gyroscope; In-display optical fingerprint sensor, infrared controller; Dual stereo headphones, noise cancellation, dual microphones | Unknown Refresh Rate: Up to 120 Hz | Unknown Touch Sampling Rate: Up to 240 Hz | Unknown Brightness: 1400 nits (HBM); up to 4000 nits (maximum brightness) | Unknown Front Video Recording: 1080P at 60FPS | Unknown 50Mp Lens: 5P Angle of View (FOV): 75.5°; 5P, Field of View (FOV): 86.7° | Unknown Aperture: f/1.8; f/2.4 | Unknown Equivalent Focal Length: 27mm | Unknown Functions: Night, Panorama, Cinema, Slo-MO, Dual Video, Time-lapse; Portrait, Night, Panorama, Dual Video, Time-lapse | Unknown View Rear Video Recording: 1080P @ 30FPS | Unknown 2Mp B W Portrait Camera Equivalent Focal Length: 22mm | Unknown Field Of View Fov: 88.8°; Aperture: f/2.4"
70014eb00e94,Apple,Apple iPhone 16 Plus,69899.0,140572.0,"[128.0, 256.0]",[8.0],['5G'],Smart Phones,True,"SIM Cards: Single SIM; Faster Connectivity; Wi-Fi 802.11 a/b/g/n/ac/6/7, dual-band, hotspot; Bluetooth 5.3, A2DP, LE; Positioning GPS, GLONASS, GALILEO, BDS, QZSS; USB Type-C 2.0, DisplayPort | Operating System: iOS 18; Other Features; Stereo speakers; IP68 dust/water resistant (up to 6m for 30 min); Crash Detection for emergency assistance; Sensors; Face ID, accelerometer, gyro, proximity, compass, barometer; Ultra Wideband (UWB) support (gen2 chip); Emergency SOS, Messages and Find My via satellite | Unknown Next Level Chip: Apple A18 (3 nm) for powerful performance, advanced gaming, and camera features; 6‑core CPU with 2 performance and 4 efficiency cores; 5‑core GPU; 16‑core Neural Engine; Full Control in a Pro-Level Camera; Dual camera system for perfect shots in no time, with easy access to essential tools like zoom and depth of field and, Photographic Styles for personalized photos.; 48 MP, f/1.6, 26mm (wide), 1/1.56"", 1.0µm, dual pixel PDAF, sensor-shift OIS with 2x optical-quality zoom for closer shots without losing clarity.; 12 MP, f/2.2, 13mm, 120˚ (ultrawide), 0.7µm, dual pixel PDAF so no detail goes unnoticed; Features Dual-LED dual-tone flash, HDR (photo/panorama); Video 4K@24/25/30/60fps, 1080p@25/30/60/120/240fps; HDR, Dolby Vision HDR (up to 60fps), stereo sound rec. | Unknown Look Your Best With The Selfie Camera: 12 MP, f/1.9, 23mm (wide), 1/3.6"", PDAF for sharp, detailed selfies; SL 3D, (depth/biometrics sensor); Features HDR, Dolby Vision HDR, 3D (spatial) audio, stereo sound rec.; Video 4K@24/25/30/60fps, 1080p@25/30/60/120fps, gyro-EIS | Unknown Battery For All Day Power: Charge fast with up to 50% in around 30 minutes via USB-C, or faster wireless charging with 25W MagSafe and 15W Qi2; Powered by the A18 chip, iPhone 16 Plus delivers up to 27 hours of video playback, up to 24 hours streamed, and up to 100 hours of audio playback."
7316c4a89d99,Nokia,Nokia 105 Dual-SIM,475.0,863.0,[],[],[],Feature Phones,True,"Brand: Nokia | Model: Nokia 105; 105; Display 1.8 Inch QQVGA Display; Storage 4MB Internal Storage - 4MB RAM; Battery Capacity 800mAh; SIM Dual SIM | Display: 1.8 Inch | Battery: 800 mAh | Connectivity: Micro USB 2.0, FM Radio | Memory: 4MB RAM"
73b0d4f52cbb,Apple,Apple iPhone 14,58200.0,58200.0,[128.0],[6.0],['5G'],Smart Phones,True,"Brand: Apple | Model: iPhone 14 | Display: 6.1 inches (1170x2532 pixels); Super Retina XDR OLED; 800 nits (HBM), 1200 nits (peak) | Processor: Apple A15 Bionic (5 nm); CPU Hexa-core; GPU Apple GPU (5-core graphics) | Rear Camera: 12 MP, f/1.5, 26mm (wide), 1/1.7"", 1.9µm, dual pixel PDAF, sensor-shift OIS; 12 MP, f/2.4, 13mm, 120˚ (ultrawide); Dual-LED dual-tone flash, HDR (photo/panorama); Video 4K@24/25/30/60fps, 1080p@25/30/60/120/240fps, HDR, Dolby Vision HDR (up to 60fps), stereo sound rec. | Front Camera: 12 MP, f/1.9, 23mm (wide), 1/3.6"", 1.0µm, PDAF; SL 3D (depth/biometrics sensor); HDR; Video 4K@24/25/30/60fps, 1080p@25/30/60/120fps, gyro-EIS | Battery: 3279 mAh, Wired, PD2.0, 50% in 30 minutes, 15W wireless (MagSafe) | SIM Cards: 1 | Connectivity: WIFI; Bluetooth 5.3; GPS; Lightning, USB 2.0 | Other Features: Face ID; IP68 dust-tight and water resistant"
73bb5827f21e,Motorola,Motorola Moto G85,12999.0,13111.0,[256.0],[12.0],['5G'],Smart Phones,True,"Brand: Motorola | Model: Moto G85 | Display: 6.67 Inch (1080 × 2400) P-OLED, 120 Hz refresh rate | Processor: Qualcomm SM6375 Snapdragon 6s Gen 3 - Octa Core | Rear Camera: Dual Camera; 50 MP, f/1.8 (wide), 1/1.95"", 0.8µm, PDAF, OIS; 8 MP, f/2.2, 118˚ (ultrawide), 1.12µm, AF | Front Camera: 32 MP, f/2.4 (wide), 0.7µm | Battery: 5000 mAh, 30W wired charging | SIM Cards: Dual SIM | Connectivity: Wi-Fi 802.11 a/b/g/n/ac, dual-band; Bluetooth 5.1, A2DP, LE; Type-C | Unknown Video Recording: 1080p@30/60fps"
754cc5882bc2,Nokia,Nokia 110 Y2026 Dual-SIM,1299.0,1299.0,[],[],[],Feature Phones,True,"Brand: Nokia | Model: 110 Y2026 | Display: 2 inches , 120 x 160 pixels, 4:3 ratio (~100 ppi density) TFT | Rear Camera: QVGA | Battery: 1750 mAh, removable | Connectivity: Wireless FM radio, microUSB | Operating System: Android | Memory: Internal Memory 4MB, RAM 4MB"
75b72893aa3d,Samsung,Samsung A07,6798.0,10820.0,"[64.0, 128.0, 256.0]","[4.0, 6.0, 8.0]",['4G LTE'],Smart Phones,True,"Brand: Samsung | Model: Galaxy A07; Display; 6.7 inch PLS LCD, 90Hz refresh rate; 720 x 1600 | Processor: MediaTek Helio G99 (6nm), Octa-core; Rear Camera; 50 MP, f/1.8, (wide), 1/2.76"", 0.64µm, PDAF; 2 MP, f/2.4, (depth); LED flash; Video 1080p@30/60fps | Front Camera: 8 MP, f/2.0, (wide), 1/4.0"", 1.12µm | Battery: 5000 mAh, 25W wired charging | SIM Cards: Dual SIM | Connectivity: Bluetooth 5.3, USB Type-C 2.0, 3.5mm audio jack, FM radio, Wi-Fi, GPS | Operating System: Android 15; Other Features; Side-mounted fingerprint sensor; IP54 water/dust resistance"
75c63e10182c,Vivo,Vivo V60 Lite,16144.0,19186.0,[256.0],"[8.0, 12.0]","['4G', '5G']",Smart Phones,True,"Brand: Vivo | Model: V60 Lite | Display: 6.77-inch AMOLED display ( 2392 x 1080 ); 120Hz refresh rate, 3000 nits | Processor: MediaTek Dimensity 7360-Turbo- Octa Core | Battery: 6500 mAh, 90 watt Charging | SIM Cards: Dual SIM Card | Connectivity: Wi-Fi, Bluetooth 5.4, GPS, USB 2.0 | Other Features: Fingerprint sensor; IP65 Dust and water resistance | Unknown 50Mp Sony Main Camera: Autofocus, f/1.79 aperture, 79° FOV, 5-element lens, f/1.79 aperture | Unknown 8Mp Ultra Wide Angle Camera: f/2.2 aperture, 120° FOV, 5-element lens, H61+ f/2.2 aperture; Night mode, Portrait, Photo, Video, Mini movie, Panorama, HD document, Slow motion, Time-lapse, Super moon, Professional, Food dual; Video recording resolution 4K/1080P | Unknown 32Mp Ultra High Resolution Selfie Camera: f/2.45 aperture, 72° FOV, 5-element lens, f/2.45 aperture; Night mode, Portrait, Photo, Video, Mini movie, Dual scene"
78336b6d77c8,Honor,Honor 600 Pro,51999.0,53869.0,[512.0],[12.0],['5G'],Smart Phones,True,"Brand: Honor | Model: 600 Pro | Display: 6.57-Inch AMOLED Display (2728×1264) | Processor: Snapdragon 8 Elite -Octa Core | Rear Camera: 200 MP (f/1.9 aperture, autofocus, optical image stabilization); 50 MP (f/2.8 aperture, autofocus, optical image stabilization); 12 MP (autofocus); Digital zoom up to 120x; Supports up to 3840×2160 pixels Video resolution | Front Camera: 50MP camera (f/2.0 aperture); Supports up to 3840×2160 pixels Video resolution; Supports 2D facial recognition | Battery: 7000mAh, Support Suprt charge, 80W | SIM Cards: 2 | Connectivity: Wi-Fi; Bluetooth 6; USB Type-C، USB 2.0; GPS; Infrared; USB Type-C, USB 2.0 | Operating System: Android 16, MagicOS 10 | Other Features: Infrared sensor, Ambient light sensor, Digital compass; Gravity sensor, Fingerprint sensor; IP68, IP69, IP69K Water and dust resistance; Comes with Honor Band 10 Smart Watch (Color May Vary)"
7872372508d2,Honor,Honor 400 Pro,38775.0,39399.0,[512.0],[12.0],['5G'],Smart Phones,True,"Brand: Honor | Model: 400 Pro; Display; 6.7 Inches, AMOLED, 120Hz, 5000 nits; 1280 x 2800 | Display: 6.7 inch AMOLED LED, 2800×1280 | Processor: Snapdragon 8 Gen 3 Adreno 750- Octa Core; Qualcomm SM8650-AB Snapdragon 8 Gen 3 (4 nm); Rear Camera; 200 MP, f/1.9, (wide), 1/1.4"", PDAF, OIS; 50 MP, f/2.4, (telephoto), 1/2.0"", 0.8µm, PDAF, OIS, 3x optical zoom; 12 MP, f/2.2, 112˚ (ultrawide), AF; Features LED flash, HDR, panorama; Video 4K, 1080p, gyro-EIS, OIS; Front Camera; 50 MP, f/2.0, (wide); 2 MP, f/2.4, (depth); Features HDR; Video 4K, 1080p, gyro-EIS; Battery Capacity; 6000 mAh; 100W wired, 51% in 15 min, 100% in 39 min, 50W wireless | Rear Camera: 200MP Ultra-clear AI Main Camera(f/1.9, OIS); 50MP Telephoto Camera (f/2.4 , OIS); 12MP Ultra Wide Camera(f/2.2); Up to 50x digital zoom, Support up to 16384×12288 pixels; Video up to 3840×2160 pixels | Front Camera: 50MP Camera(f/2.0); Support up to 8192×6144 pixels; Video up to 3840×2160 pixels | Battery: 6000 mAh; Supports up to 20V/5A SuperCharge; 50W SuperCharge | SIM Cards: 2; WIFI, Bluetooth 5.4, Infrared Remote Control, USB Type-C, USB 2.0, GPS; Connectivity; Wi-Fi; Bluetooth 5.4; Positioning GPS; USB Type-C 2.0, OTG; Other Features; Fingerprint (under display, optical); Dust tight and water resistant | Other Features: Supported 2D face unlock; IP68 and IP69 water resistant, splash-proof, and dust-proof"
78793dee0a57,Infinix,Infinix Note 60,19130.0,19250.0,[256.0],[8.0],['5G'],Smart Phones,True,"Brand: Infinix | Model: Note 60 | Display: 6.78-inch AMOLED display (1208x2644); 60Hz/90Hz/120Hz/144Hz reresh rate; 700 nits (TYP), 1600 nits (HBM Brightness) | Processor: MediaTek Dimensity 7400 Ultimate-Octa-core | Front Camera: 13MP, f/2.2, 1.12 μm, FOV 82°; Video 4K 30FPS/1080P 60FPS/1080P 30FPS/720P 30FPS | Battery: 6150mAh, charging 45W | SIM Cards: 2 | Connectivity: Wi-Fi; Bluetooth 5.4; USB Type-C, OTG; GPS | Operating System: XOS 16, Powered by Android 16 | Other Features: Display Fingerprint sensor; G-sensor, e-compass sensor, gyroscope sensor, light sensor; IP64 Water and dust splash resistance | Unknown Ultra Wide Angle: 8MP, f/2.2, 1.12 μm, FOV 111.4°, AF supported; Rear Flash | Unknown Main: 50MP, f/1.59, 0.8μm, FOV 78°, AF supported, OIS supported | Unknown Video 4K 30Fps 1080P 60Fps 1080P 30Fps 720P 30Fps Slow Motion: 1080P 120FPS"
7922e2b06cf3,Oppo,Oppo A6x,7980.0,8999.0,"[64.0, 128.0]",[4.0],['4G'],Smart Phones,True,"Brand: Oppo | Model: A6x | Display: 1570 × 720 Pixels (HD+), 256 PPI | Processor: Qualcomm Snapdragon 685, Octa Core | Rear Camera: 13 MP wide-angle, f/2.2, 77° FOV, 4‑piece lens, autofocus; QVGA monochrome, f/3.0, 40° FOV, 1‑piece lens | Front Camera: 5 MP, f/2.2, 77° FOV, 3‑piece lens | SIM Cards: Dual SIM (Nano) | Connectivity: Wi-Fi 5 (802.11 a/b/g/n/ac), Wi-Fi Display, WLAN Tethering, Bluetooth 5.0, GPS/Beidou/GLONASS/Galileo/QZSS | Other Features: Side Fingerprint; Facial Recognition; IP64 Water & Dust Resistance; Proximity sensor, Ambient light sensor, E-compass, Accelerometer | Video: 1080p/720p @ 30 fps, 1080p Time-Lapse @ 30 fps; Portrait, Night, Panorama, Time-Lapse, Sticker, Hi‑Res, Google Lens, Pro; 1080p/720p @ 30 fps; Portrait, Night, Panorama, Time-Lapse, Sticker, Retouch,; Screen Fill Light, Hi‑Res | Unknown 6 75 Inches Lcd 120Hz Ratio: 90.6% | Unknown Brightness: 800 nits (Normal), 1125 nits (HBM) | Color: 16.7 million colors, Vivid mode: 85% DCI‑P3, Natural mode: 100% sRGB | Unknown Digital Zoom: Up to 10× | Unknown Capacity: 6500mAh/25.22Wh; reverse wired | Unknown Video Playback: 13.3 h, Gaming: 9.6 h, Standby: 880 h, Calls: 38.2 h | Unknown Model No: CPH2819"
7a8697dc9164,Xiaomi,Xiaomi Redmi Note 14 Pro Plus,20794.0,20794.0,[256.0],[12.0],['4G'],Smart Phones,True,"Brand: Xiaomi | Model: Redmi Note 14 Pro Plus | Display: 6.67 Inch, AMOLED, 68B colors, 120Hz, HDR10+; Dolby Vision, 3000 nits (peak); Corning Gorilla Glass Victus 2, Always-on display; (1220 x 2712) | Processor: Qualcomm SM7635 Snapdragon 7s Gen 3 (4 nm), Octa-core | Rear Camera: Triple Camera; 200 MP, f/1.7, 23mm (wide), 1/1.4"", 0.56µm, multi-directional PDAF, OIS; 8 MP, f/2.2, 15mm, 120˚ (ultrawide), 1/4.0"", 1.12µm; 2 MP, f/2.4, (macro) | Front Camera: 20 MP, f/2.2, 21mm (wide), 1/4.0"", 0.7µm | Battery: 5110 mAh, 120W | SIM Cards: Dual SIM | Connectivity: Wi-Fi 802.11 a/b/g/n/ac/6/6e, dual-band, Wi-Fi Direct (/6e is market/region dependent); Bluetooth 5.4, A2DP, LE; Positioning GPS (L1+L5), GALILEO, GLONASS, QZSS, BDS; Infrared port; USB Type-C 2.0, OTG | Operating System: Android 14 | Other Features: LED flash, HDR, panorama; HDR, panorama; IP68 dust tight and water resistant (immersible up to 1.5m for 30 min); Stereo speakers (with Dolby Atmos); Fingerprint (under display, optical), accelerometer, gyro, compass, proximity | Video: 4K@24/30fps, 1080p@30/60/120fps, gyro-EIS, OIS; 1080p@30/60fps"
7b8d84d1cb31,Nothing,Nothing Phone 3A Pro,33999.0,33999.0,[256.0],[12.0],['5G'],Smart Phones,True,"Brand: Nothing | Model: Phone 3A Pro | Display: 6.77-inch AMOLED display; 1B colors, 120Hz, 2160Hz PWM, HDR10+; 800 nits (typ), 1300 nits (HBM), 3000 nits (peak); Resolution 1080 x 2392 pixels; Ultra HDR image support | Processor: Qualcomm SM7635 Snapdragon 7s Gen 3 (4 nm) - Octa-core; Rear Camera; Triple Camera; 50 MP, f/1.9, 24mm (wide), 1/1.56"", 1.0µm, dual pixel PDAF, OIS; 50 MP, f/2.6, 70mm (periscope telephoto) (15cm - ∞), 1/1.95"", 0.8µm, PDAF, OIS, 3x optical zoom; 8 MP, f/2.2, 15mm, 120˚ (ultrawide), 1/4.0"", 1.12µm | Front Camera: 50 MP, f/2.2, 24mm (wide), 1/2.76"" | Battery: 5000 mAh Battery capacity | SIM Cards: Dual SIM | Connectivity: Wi-Fi, Bluetooth 5.4, USB-C 2.0, OTG | Other Features: LED flash, panorama, HDR; Fingerprint (under display, optical), accelerometer, gyro, proximity, compass sensors; IP64 dust-tight and water-resistant; 3 LED light strips on the back; With stereo speakers | Video: 4K@30fps, 1080p@30/60/120fps, gyro-EIS, OIS; 4K@30fps, 1080p@30fps | Unknown Charging: 50 watts wired, 50% in 19 min, 100% in 56 min | Unknown Positioning: GPS, GALILEO, GLONASS, BDS, QZSS"
7e68e2110994,Vivo,Vivo Y19S Pro,12450.0,12450.0,[128.0],[6.0],['4G LTE'],Smart Phones,True,"Brand: Vivo | Model: Y19S Pro; Display; 6.68 Inch, IPS LCD, 90Hz | Display: 720 × 1608; Processor; Unisoc Tiger T612 (12nm), Octa-core; Rear Camera; 50MP, f/1.8, (wide), 1/1.95"", 0.8µm, PDAF; Auxiliary lens | SIM Cards: Dual SIM; Connectivity; Wi-Fi 802.11 a/b/g/n/ac, dual-band; Bluetooth 5.2, GPS, FM Radio; USB Type-C 2.0, OTG; 3.5mm audio jack; Other Features; IP64 dust tight and water resistant (water splashes); Fingerprint sensor, Dual speakers; Accelerometer, Proximity sensor, Compass | Other Features: Ring-LED flash, Panorama | Video: 1080p@30fps; Front Camera; 5MP, f/2.2, Video option; Battery Capacity; 6000mAh, 44 Watt; 40% in 30 min, Reverse wired charging | Unknown Brightness: 1000 nits (HBM)"
81660a9fd760,Tecno,Tecno Camon 40,12111.0,12550.0,[256.0],[8.0],['4G'],Smart Phones,True,"Brand: Tecno | Model: Camon 40 | Display: 6.78 inch, AMOLED, 120Hz, (1080 x 2436) | Processor: Mediatek Helio G100 Ultimate (6 nm) Octa-core | Rear Camera: 50 MP, f/1.9, 23mm (wide), 1/1.56"", 1.0µm, PDAF, OIS; 8 MP, (ultrawide); Dual-LED flash, HDR, panorama | Front Camera: 32 MP, (wide) | Battery: 5200 mAh, 45W wired, 50% in 23 min, 100% in 43 min | SIM Cards: 2 | Connectivity: Bluetooth; Wifi; GPS; Infrared port; FM radio; USB Type-C, OTG | Operating System: Android 15, up to 3 major Android upgrades, HIOS 15 | Other Features: IP66 dust-tight and water-resistant; Fingerprint (under display, optical); Accelerometer, gyro, proximity, compass sensors"
82d2ba2db737,Oppo,Oppo Reno 15 F,22900.0,32000.0,[256.0],"[8.0, 12.0]",['5G'],Smart Phones,True,"Brand: Oppo | Model: Reno 15 F | Display: 6.57 inch, FHD+ (2372x1080), 397 PPI | Processor: Qualcomm Snapdragon 6 Gen 1 Mobile Platform, Octa Core | Front Camera: 50MP; f/2.0; FOV 100°; 5P lens; AF supported | Battery: 7000mAh/27.44Wh, 80W SUPERVOOC | SIM Cards: Dual SIM | Connectivity: Wi-Fi 5 (802.11ac) 802.11a/b/g/n; Wi-Fi Display, WLAN Tethering; Bluetooth 5.1, Low Energy; USB Type-C; GPS, GLONASS, Beidou, Galileo, QZSS | Operating System: ColorOS 16.0 | Other Features: Fingerprint, Facial Recognition; Proximity sensor, Ambient light sensor; Color temperature sensor, E-compass; Accelerometer, Gyroscope; IP69 Water and Dust resistance | Unknown Refresh Rate: 120Hz | Video: 4K video: 30fps | Unknown Touch Sampling Rate: Max: 240Hz, Default: 120Hz | Unknown Colour Depth: 1.07 billion colours (10-bit) | Unknown Normal Brightness: 600nits (Typical) | Unknown Hbm: 1400nits (Typical); Corning Gorilla Glass+AMOLED | Unknown Ultra Wide Angle: 8MP; f/2.2; FOV 112°; 5P lens | Unknown Wide Angle: 50MP; f/1.8; FOV 79°; 5P lens; AF supported; 2-axis OIS | Unknown Macro: 2MP; f/2.4; FOV 89°; 3P lens | Unknown Shooting Mode: Portrait, Night, Panorama, SLO-MO, Dual-view video, TIME-LAPSE; Portrait, Night, Panorama, Dual-view video, TIME-LAPSE"
845c47f8af8c,Infinix,Infinix Note 60 Pro,26666.0,28199.0,[256.0],[12.0],['4G'],Smart Phones,True,"Brand: Infinix | Model: Note 60 Pro | Display: 6.78 inches, (1208 x 2644) AMOLED, 144Hz, 700 nits (typ), 1600 nits (HBM), 4500 nits (peak) | Processor: Qualcomm SM7635-AC Snapdragon 7s Gen 4 (4 nm)-Octa Core | Rear Camera: 50 MP, f/1.6, 27mm (wide), 1/1.95"", 0.8µm, PDAF (9cm - ∞), OIS; 8 MP, f/2.2, 15mm, 112˚ (ultrawide), 1/4.0"", 1.12µm; Video Resolutions 4K@30fps, 1080p@30/60/120fps | Front Camera: 13 MP, f/2.2, 24mm (wide), 1/3.1"", 1.12µm | Battery: 6000 mAh 90W wired, 50% in 14 min, 100% in 35 min 30W wireless 7.5W reverse wired 5W reverse wireless | SIM Cards: 2 | Connectivity: Wi-Fi; Bluetooth 5.4; GPS; Infrared port; USB Type-C 2.0, OTG; FM radio | Operating System: Android 16 | Other Features: Fingerprint (under display, optical); Accelerometer, gyro, proximity, compass, heart rate, SpO2 Sensors"
8483fb6b44a3,Oppo,Oppo A5i Pro,17472.0,19270.0,[256.0],[8.0],['5G'],Smart Phones,True,"Brand: Oppo | Model: A5i Pro | Display: 6.67-inch HD+ IPS LCD Display (720 x 1604 ) 90Hz Refresh Rate, 1000nits | Processor: Qualcomm Snapdragon 6s 4G Gen 1 (11 nm), Octa-Core | Rear Camera: 50 MP (f/1.85 Aperture, Autofocus); LED Flash; Up to 1080p video recording | Front Camera: 5 MP (f/2.2 Aperture); Up to 1080p video recording | Battery: 6000 mAh, 45W Fast charging | SIM Cards: 2 | Connectivity: Wifi; USB Type-C; Bluetooth 5; GPS; Infrared | Operating System: Android 15 with ColorOS 15.0 | Other Features: Glass front, Plastic back; IP65 dust and water resistance; MIL-STD 810H shock resistance; Compass, Ambient Light Sensor, Proximity Sensor, Accelerometer sensors; Face ID and Fingerprint Sensor (side-mounted)"
8767d07aec6d,Apple,Apple iPhone 15 Pro Max,57099.0,67199.0,"[256.0, 512.0]","[6.0, 8.0]",['5G'],Re-furbished Mobiles,True,"Brand: Apple | Model: iPhone 15 Pro Max | Display: 6.7 inches, LTPO Super Retina XDR OLED, 120Hz, HDR10, Dolby Vision, 1290 x 2796 pixels | Processor: Apple A17 Pro (3 nm), Hexa-core (2x3.78 GHz + 4x2.11 GHz) | Connectivity: Wi-Fi,; Bluetooth 5.3; USB Type-C 3.2 Gen 2, DisplayPort; GPS | Other Features: Dual-LED dual-tone flash, HDR (photo/panorama); HDR, Dolby Vision HDR; Face ID, accelerometer, gyro, proximity, compass, barometer sensors; IP68 dust tight and water resistant (immersible up to 6m for 30 min) | Video: 4K@24/25/30/60fps, 1080p@25/30/60/120/240fps, 10-bit HDR, Dolby Vision HDR (up to 60fps), ProRes, 3D (spatial) video, stereo sound recording; 4K@24/25/30/60fps, 1080p@25/30/60/120fps, gyro-EIS | Unknown Triple Camera: 48 MP, f/1.8, 24mm (wide), 1/1.28"", 1.22µm, dual pixel PDAF, sensor-shift OIS; 12 MP, f/2.8, 120mm (periscope telephoto), 1/3.06"", 1.12µm, dual pixel PDAF, 3D sensor-shift OIS, 5x optical zoom; 12 MP, f/2.2, 13mm, 120˚ (ultrawide), 1/2.55"", 1.4µm, dual pixel PDAF; TOF 3D LiDAR scanner (depth) | Unknown Single: 12 MP, f/1.9, 23mm (wide), 1/3.6"", PDAF, OIS; SL 3D (depth/biometrics sensor) | SIM Type: Single SIM and eSIM"
891a0af4bc2b,Oppo,Oppo Reno 15F,23999.0,23999.0,[256.0],[8.0],['5G'],Smart Phones,True,"Brand: OPPO | Model: Reno 15F | Display: 6.57-Inch AMOLED display; 1080 × 2372 pixels; 120Hz Refresh rate | Processor: Qualcomm SM6450 Snapdragon 6 Gen 1 (4 nm) - Octa Core | Rear Camera: Triple Camera; 50 MP, f/1.8, 26mm (wide), 1/1.95"", 0.8µm, PDAF, OIS; 8 MP, f/2.2, 16mm, 112˚ (ultrawide), 1/4.0"", 1.12µm; 2 MP, (macro) Color spectrum sensor; LED flash, HDR; Panorama Ring LED flash (Afterglow Pink model only) | Front Camera: 50 MP, f/2.0, 100˚, 18mm (ultrawide), AF Panorama | Battery: 7000 mAh Si/C Li-Ion battery; 80W wired, 55W PPS, 13.5W PD/QC; 100% in 64 min Reverse wired | SIM Cards: Dual SIM | Connectivity: WiFi, Bluetooth 5.1, USB-C, OTG | Operating System: Android 16, ColorOS 16 | Other Features: Fingerprint (under display, optical), accelerometer, gyro, proximity, compass | Unknown Brightness: 600 nits (typ), 1400 nits (HBM) | Unknown Positioning: GPS, GLONASS, GALILEO, BDS, QZSS | Unknown Video Resolutions: 4K@30/60fps, 1080p@30/60/120fps, gyro-EIS, OIS"
8b4d72459682,Oppo,Oppo Reno 15 Pro,38799.0,51000.0,[512.0],[12.0],['5G'],Smart Phones,True,"Brand: Oppo | Model: Reno 15 Pro | Display: 6.32 inch, FHD+, (2640x1216), 460 PPI | Processor: MediaTek Dimensity 8450, Octa Core | Front Camera: 50MP; f/2.0; FOV 100°; 5P lens; AF supported | Battery: 6200mAh/24.31Wh, 80W SUPERVOOC | SIM Cards: Dual SIM | Connectivity: Wi-Fi 6 (802.11ax) 802.11a/b/g/n; WLAN Display, WLAN tethering; Bluetooth 5.4, Low Energy, BLE Audio; USB Type-C; GPS, GLONASS, BDS, Galileo, QZSS | Operating System: ColorOS 16.0 | Other Features: Fingerprint, Facial Recognition; Proximity sensor, Ambient light sensor; E-compass, Accelerometer, Gyroscope; Infrared remote control; IP69 Water and dust resistance | Unknown Refresh Rate: 120Hz | Video: 4K video: 60fps, 30fps | Unknown Touch Sampling Rate: Max: 240Hz, Default: 120Hz; 1.07 billion colors (10 bits) | Unknown Normal Brightness: 600nits (Typical) | Unknown Hbm: 1800nits (Typical); Corning Gorilla Glass 7i+AMOLED | Unknown Ultra Wide Angle: 50MP; f/2.0; FOV 116°; 6P lens; AF supported | Unknown Wide Angle: 200MP; f/1.8; FOV 84°; 6P lens; AF supported; Supports 2-axis OIS | Unknown Shooting Mode: Portrait, Night, PRO, Panorama, SLO-MO, Dual-view video, TIME-LAPSE; Portrait, Night, Panorama, Dual-view video, TIME-LAPSE | Unknown Telephoto: 50MP; f/2.8; FOV 30°; 4P lens; AF supported; Supports 2-axis OIS | Unknown Video Zoom Shooting: 3.5x optical zoom and 18x digital zoom"
8c24402d0b86,Realme,Realme C71,8175.0,9533.0,"[128.0, 256.0]","[4.0, 6.0]",['4G'],Smart Phones,True,"Brand: Realme | Model: C71 | Display: 6.67-inch; Resolution HD+ (1604×720); Refresh rate Up 120Hz; Brightness 725 nit; 6.67 Inch IPS LCD, 120Hz, 725 nits; 720 × 1604 | Processor: UNISOC T7250 12nm Process, 8 Cores; Unisoc T7250 (12 nm), Octa-core | Rear Camera: 50MP AI Camera, Resolution 8192x6144, Equivalent Focal Length 27mm, FOV75.5°, Aperture f/1.8, Lens 5P; Video Recording 1080P@30 fps, 720P@30 fps; Support video zoom shooting; 50 MP, f/1.8, 27mm (wide), 1/2.88"", PDAF; LED flash, panorama | Front Camera: 5 MP, f/2.2, 27mm (wide), 1/5.0"" | Battery: 6300mAh (typ) Massive Battery; 6235mAh (min) Battery Capacity; Includes an 45W Charging Adapter; 6000 mAh, 45W wired (50% in 36 min), 6W reverse wired | SIM Cards: 2; Dual SIM, 4G | Connectivity: Wi-Fi, Bluetooth 5.2, GPS, USB Type-C; Bluetooth 5.2; GPS; USB Type-C 2.0, OTG; Wi-Fi | Other Features: Geomagnetic, proximity, light, acceleration; Side-mounted fingerprint sensor; Accelerometer, gyro, proximity, compass sensors; Drop resistant up to 1.5 meter | Video: 1080p@30fps; 720p@30fps | Unknown 5Mp Fov: 78°, Aperture f/2.2, Lens 3P, Sensor size 1/5”; Video Recording 720P@30 fps"
8cc1d54aa3e6,Xiaomi,Xiaomi Note 14,8833.0,9787.0,"[128.0, 256.0]",[8.0],['4G'],Smart Phones,True,"Display: 2400 × 1080; Rear Camera; Triple Camera; 108MP, f/1.7, 1/1.67”, 0.64μm, 9in1 1.92μm; 2 MP, f/2.4, (depth); 2 MP, f/2.4, (macro) | Video: 1080p@30/60fps, 720p@30fps; Front Camera; 20MP, f/2.2, 1/4"", 4P; 1080p@30fps, 720p@30fps; Processor; Helio G99-Ultra 6nm - Octa Core; Battery; 5500mAh Battery capacity; 33 Watt fast charging; Number of SIM cards; Dual SIM; Connectivity; WiFi, Bluetooth 5.3, USB-C, GPS, GLONASS, BDS, Galileo, Fingerprint"
8f3ff55326e3,Xiaomi,Xiaomi Redmi 15C,8354.0,9110.0,"[128.0, 256.0]","[6.0, 8.0]",['4G LTE'],Smart Phones,True,"Brand: Xiaomi | Model: Redmi 15C | Display: 6.9 Inch, IPS LCD, 120Hz refresh rate; 720 × 1600 pixels | Processor: MediaTek Helio G81 Ultra (12nm), Octa-core | Rear Camera: 50 MP, f/1.8, 28mm (wide), 1/2.76"", 0.64µm, PDAF; QVGA, f/3.0; LED flash, HDR; Video 1080p@30fps | Front Camera: 8 MP, f/2.0, (wide), 1/4.0"", 1.12µm; HDR; Video 1080p@30fps | Battery: 6000 mAh, 33W wired charging | SIM Cards: Dual SIM | Connectivity: Bluetooth 5.4; USB Type-C 2.0, OTG; FM radio; Wi-Fi; GPS | Other Features: Side-mounted fingerprint sensor; IP64 dust and water resistance"
91c43b49677d,Itel,Itel it2160 Dual-SIM,725.0,725.0,[],[],[],Feature Phones,True,"Display: 1.7-inch screen | Rear Camera: 1.3MP rear camera | Battery: 1000mAh battery capacity | SIM Cards: Dual SIM | Connectivity: FM radio, USB port | Memory: 512MB internal storage, 256MB RAM"
9331ddd7be2f,Infinix,Infinix Hot 60,8499.0,8919.0,[128.0],[6.0],['5G'],Smart Phones,True,"Brand: Infinix | Model: Hot 60 | Display: 6.7 Inch; HD+ (720x1600) | Processor: MediaTek Dimensity 7060, 6nm | Rear Camera: Dual Camera; 50MP, f/1.6, FOV 77.3°, AF supported; Rear Dual Flash; Vlog, Video, AI Cam, Portrait, Super Night | Front Camera: 8MP, f/2.0, FOV 77.8°; Front Flash; Vlog, Video, AI Cam, Portrait, Super Night | Battery: 5200mAh, 18W | SIM Cards: Dual SIM | Connectivity: GPS, Wi-Fi 802.11 (a/b/g/n/ac); Bluetooth 5.4; USB TYPE-C, OTG; Earphone 3.5 Jack, FM | Operating System: XOS 15, Android 15 | Other Features: IP64 Splash, water and dust resistance; G-sensor, E-Compass; Gyroscope, Proximity sensor; Side-Fingerprint, Infrared blaster | Unknown Refresh Rate: 60Hz/90Hz/120Hz; IPS LCD | Video: 2K 30FPS | Unknown Touch Sampling Rate: Up to 240Hz; Always-On Display | Unknown Brightness: 560 nits (TYP), 700 nits (HBM) | Unknown Reverse Charging: Max 10W"
9399f9c3c398,Vivo,Vivo V70,37199.0,37199.0,[256.0],[12.0],['5G'],Smart Phones,True,"Brand: Vivo | Model: V70 | Display: 6.59 inch AMOLED Display; 1B colors, HDR10+, 120Hz, 1800 nits (HBM), 5000 nits (peak); 1260 x 2750 pixels | Processor: Qualcomm SM7750-AB Snapdragon 7 Gen 4 (4 nm)-Octa-core | Rear Camera: 50 MP, f/1.9, 23mm (wide), 1/1.56"", 1.0µm, PDAF, OIS; 50 MP, f/2.7, 73mm (periscope telephoto), 1/1.95"", 0.8µm, PDAF, OIS, 3x optical zoom; 8 MP, f/2.2, 15mm, 115˚ (ultrawide); Zeiss optics, Ring-LED flash, panorama, HDR; Video 4K@30/60fps, 1080p@30/60fps, gyro-EIS, OIS, HDR, LUT | Front Camera: 50 MP, f/2.0, 21mm (wide), 1/2.76"", 0.64µm, AF; Zeiss optics, HDR; Video 4K@30fps, 1080p@30/60fps | Battery: 6500 mAh, 90W wired | SIM Cards: 2 | Connectivity: Wifi; Bluetooth 5.4; GPS; Infrared port; USB Type-C 2.0, OTG | Operating System: Android 16, up to 4 major Android upgrades, OriginOS 6 | Other Features: Fingerprint (under display, ultrasonic), accelerometer, gyro, compass, proximity sensors; IP68/IP69 dust-tight and water-resistant"
939e98352851,Oppo,Oppo A16,7260.0,7260.0,[64.0],[4.0],['4G LTE'],Smart Phones,True,"Brand: Oppo | Model: A1 | Display: 6.5-inch IPS LCD HD+ (720 x 1600) Eye-Care Display | Processor: MediaTek Helio G35 octa-core | Rear Camera: 13MP, f/2.2, 26mm (wide lens); 2 MP, f/2.4, (macro lens); 2 MP, f/2.4, (depth lens) | Front Camera: 8MP, f/2.0, (wide) | Battery: 5000mAh | Connectivity: Wi-Fi, GPS, Bluetooth 5.0, Type-C USB, Side-mounted fingerprint"
93ee4e1b16cf,Infinix,Infinix Note 50s,15150.0,15645.0,[256.0],[8.0],['5G'],Smart Phones,True,"Brand: Infinix | Model: Note 50s; Display; 6.78 inch AMOLED, 1300 nits; 1080 x 2436, 144Hz, 2304Hz PWM; Processor; Mediatek Dimensity 7300 Ultimate (4 nm) Octa-cor; Rear Camera; 64 MP, f/1.8, (wide), 1/1.73"", 0.8µm, PDAF; 2 MP; Dual-LED flash, HDR, panorama; Video 4K@30fps, 1080p@30fps; Front Camera; 13 MP, f/2.2, (wide); Note 50S (5G); 6.78 Inch, AMOLED, 144Hz, 1300 nits (peak) | Processor: Mediatek Dimensity 7300 Ultimate (4 nm), Octa-core | Rear Camera: Dual Camera; 64 MP, f/1.8, (wide), PDAF; 2 MP | Battery: 5500 mAh, 45W wired, 100% in 60 min, 10W reverse wired; 5200 mAh, 45W wired; 10W reverse wired, bypass charging | SIM Cards: Dual SIM; Connectivity; Bluetooth 5.4; USB Type-C 2.0-OTG; GPS; Infrared port; Wi-Fi; Other Features; Fingerprint (side-mounted); Accelerometer, Gyro, Proximity, Compass Sensors; IP64 dust-tight and water-resistant; Dual SIM (Nano SIM); Wi-Fi 802.11 a/b/g/n/ac/6, dual-band; USB Type-C 2.0, OTG; IP64 dust and splash resistant; RGB notification light; Stereo speakers (tuned by JBL); Hi-Res audio (24-bit/192kHz); Fingerprint (under display) | Other Features: Dual-LED flash, HDR, panorama; accelerometer, gyro, proximity, compass | Video: 4K@30fps, 1080p@30fps; Front Camera; 13 MP, f/2.2, (wide) | Unknown Resolutions: (1080 x 2436) | Unknown Protection: Corning Gorilla Glass 5"
93f23e4f2096,Motorola,Motorola Edge 60 Fusion,16799.0,17999.0,[256.0],[12.0],['5G'],Smart Phones,True,"Brand: Motorola | Model: Edge 60 Fusion | Display: 6.67 inches P-OLED, 120Hz; HDR10+, 1220 x 2712 pixels | Processor: MediaTek Dimensity 7300 (4 nm) - Octa Core | Rear Camera: 50 MP, f/1.9, (wide), 1/1.56"", 1.0µm, multi-directional PDAF, OIS; 13 MP, f/2.2, 120˚ (ultrawide), 1/3.0"", 1.12µm, AF; LED flash, HDR, panorama; Video 4K@30fps, 1080p@30/60/120/240fps, gyro-EIS | Front Camera: 32 MP, f/2.2, (wide), 1/3.14"", 0.7µm; HDR; Video 4K@30fps, 1080p@30fps, gyro-EIS | Battery: 5200 mAh, 68W wired | SIM Cards: Dual SIM | Connectivity: Wi-Fi; Bluetooth 5.4; USB Type-C 2.0; GPS | Other Features: Fingerprint; Stereo Speakers with Dolby Atmos"
94e302f88452,Apple,Apple iPhone 16 Pro,68100.0,68100.0,[128.0],[8.0],['5G'],Re-furbished Mobiles,True,"Brand: Apple | Model: iPhone 16 Pro; Display; 6.3 inches, Super Retina XDR OLED; 2622 × 1206 pixels, 120Hz | Processor: Apple A18 Pro - 6 Cores | Rear Camera: 48MP Wide, 2MP (telephoto), and 48MP (ultrawide) | Front Camera: 12MP; Battery Capacity; Supports fast charging (20W wired); MagSafe wireless charging (15W) | SIM Cards: Single SIM; Connectivity; WiFi, Bluetooth, USB Type-C 3.2 Gen 2, DisplayPort"
956abacf85ad,Infinix,Infinix Hot 60 Pro Plus,11999.0,12888.0,[256.0],[8.0],['4G'],Smart Phones,True,"Brand: Infinix | Model: Hot 60 Pro Plus | Display: 6.78-inch AMOLED display, 144Hz refresh rate; (1224 x 2720 ) pixels, 700 nits (typ), 1600 nits (HBM), 4500 nits (peak) | Processor: MediaTek Helio G200 (6nm), Octa-core | Rear Camera: 50 MP, 26mm (wide), 1/1.95"", 0.8µm, PDAF; Auxiliary lens; Dual-LED flash, HDR, panorama; Video 1440p@30fps, 1080p@30/60fps | Front Camera: 13 MP, f/2.0, 22mm (wide); Dual-LED flash; Video 1440p@30fps, 1080p@30/60fps | Battery: 5160 mAh, 45W fast charging 50% in 22 minutes | SIM Cards: Dual | Connectivity: Bluetooth 5.4, USB Type-C 2.0 (OTG), Infrared port, FM Radio, Wifi | Other Features: Fingerprint sensor; IP65 water and dust resistance"
95d9b4f690d8,Oppo,Oppo A16K,5125.0,5138.0,[32.0],[3.0],['4G LTE'],Smart Phones,True,"Brand: Oppo | Model: A16K | Display: 6.52-inch (720 x 1600) IPS LCD touchscreen | Processor: MediaTek MT6765G Helio G35 octa-core | Rear Camera: 13MP, f/2.2, 26mm (wide) | Front Camera: 5 MP, f/2.4, 27mm (wide) | Battery: 4230mAh | SIM Cards: Dual sim | Connectivity: Bluetooth 5.0, Wi-Fi, GPS, microUSB 2.0 | Operating System: Android 11"
96ad16954c3b,Samsung,Samsung B310E Dual-SIM,860.0,870.0,[],[],[],Feature Phones,True,"Brand: Samsung | Model: B310E | Display: 2 Inch, TFT, (128 x 160) | Battery: 800 mAh | Connectivity: Bluetooth, Wi-Fi, USB | Memory: Internal: 512MB"
9969a43961f1,Nokia,Nokia 110 (2023) Dual-SIM,1399.0,1399.0,[],[],[],Feature Phones,True,"Brand: Nokia | Model: 110 (2023) | Display: 1.8 inches, TFT LCD, 65K colors, (120 x 160 pixels) | Rear Camera: QVGA rear camera | Battery: 1000mAh | SIM Cards: Dual SIM | Connectivity: Wireless FM radio, microUSB 1.1 | Memory: microSDHC"
9ab7e621e33a,Infinix,Infinix Hot 70,8599.0,14644.0,"[128.0, 256.0]","[4.0, 6.0, 8.0]",['4G LTE'],Smart Phones,True,"Brand: Infinix | Model: Hot 70 | Display: 6.78-inch IPS LCD with 720 × 1576 resolution; Up to 120Hz refresh rate; Up to 700 nits brightness | Processor: Mediatek Helio G100 Ultimate (6 nm) - Octa-core | Rear Camera: 50 MP, f/1.9, (wide), AF; Auxiliary lens | Front Camera: 8 MP, f/2.0, (wide) | Battery: 6000 mAh | SIM Cards: Dual SIM, | Connectivity: Wi-Fi, Bluetooth 5.4, GPS; Infrared port, FM radio; USB Type-C 2.0, OTG, 3.5mm jack | Operating System: XOS 16 by Android 16 | Other Features: Dual-LED flash, HDR, panorama; Dual-LED flash; Stereo speakers; Fingerprint (side-mounted), accelerometer, gyro, proximity, compass sensors; IP65 Dust tight and water resistant | Video: 1440p@30fps, 1080p@30fps | Unknown Charging: 45W wired, 50% in 25 min; 10W reverse wired, Bypass charging"
9b97d37754c3,Motorola,Motorola Edge 50 Fusion,16689.0,16689.0,[512.0],[12.0],['5G'],Smart Phones,True,"Brand: Motorola | Model: Edge 50 Fusion | Display: 6.7 Inches, pOLED, 120Hz, 1600 nits; FHD+ Resolution (2400 × 1080) | Processor: Qualcomm Snapdragon 7s Gen 2 | Rear Camera: Dual Camera; 50 MP, f/1.88 (Wide) with Ultra Pixel Technology; 13 MP, f/2.2 (Ultra-Wide), OIS | Front Camera: 32 MP, f/2.45 with Quad Pixel Technology | Battery: 5000 mAh | SIM Cards: 2 | Connectivity: Wi-Fi; Marshmallow Bluetooth 5.2; Positioning GPS | Other Features: Portrait, Dual Capture, Night Vision; Portrait, Photo Booth, Dual Capture; On-screen fingerprint reader; Face unlock feature | Video: FHD@30/60fps, UHD@30fps | Unknown Video: UHD@30fps | Unknown Slow Motion: FHD@120fps, HD@240fps"
9e467eafb012,Tecno,Tecno Spark 30 KL6,8777.0,8777.0,[256.0],[8.0],['4G'],Smart Phones,True,"Brand: Tecno | Model: Spark 30 KL6 | Display: 6.78 Inch, FHD+, 90Hz; (1080x2460) | Processor: MediaTek Helio G91 | Rear Camera: SONY IMX682 64MP, Rear Four Flash | Front Camera: 13MP, Front Dual Colour Temperature Flash | Battery: 5000mAh, 18 Watt Fast Charge | SIM Cards: Dual SIM | Connectivity: USB Type-C, Infrared Remote Control | Operating System: Android 14 | Other Features: Fingerprint; Stereo Dual Speakers; Dolby Atmos; IP64 Water Resistance; Wet & Oily Touch Control"
9fd0bd0e1aa5,Realme,Realme 16,20284.0,20284.0,[256.0],[8.0],['5G'],Smart Phones,True,"Brand: Realme | Model: 16 5G | Display: 6.57-inch, AMOLED, 1B colors, 120Hz, 1000 nits (typ), 1400 nits (HBM), 4500 nits (peak), (1080 x 2372) | Processor: Mediatek Dimensity 6400 Turbo (6 nm) - Octa-core | Rear Camera: 50 MP, f/1.8, 26mm (wide), 1/2.93"", 0.60µm, PDAF; Auxiliary lens; Laser AF, color spectrum sensor, LED flash, HDR, panorama; Video 1080p@30fps, gyro-EIS | Front Camera: 50 MP, f/2.4, 23mm (wide); Video 1080p@30/60fps | Battery: 7000 mAh, Charging 60W wired | SIM Cards: 2 | Connectivity: Wi-Fi 802.11 a/b/g/n/ac, dual-band; Bluetooth 5.3, A2DP, LE, aptX HD, LHDC; GPS, GALILEO, GLONASS, BDS, QZSS; Infrared port; USB Type-C 2.0, OTG | Operating System: Android 16, Realme UI 7.0 | Other Features: IP68/IP69K dust tight and water resistant (immersible up to 0.5m for 60 days); Fingerprint (under display), accelerometer, gyro, compass, proximity sensors; Stereo speakers; Realme Buds T200 Lite, Deep Bass; 12.4mm Titanium-Coated Dynamic Driver; Dolby Atmos Support; 40 Hours Total Battery Life with the charging case (8 Hours Earbuds) | Unknown Fast Charging: 10 Min = 8 Hours Playback; 55ms Low Latency Mode; Bluetooth 5.4; Color May Vary"
a7039c7f0795,Nokia,Nokia 150,1127.0,1127.0,[],[],[],Feature Phones,True,"Brand: Nokia | Model: 150, Middle East Version 2023 | Display: 2.4 Inch | Battery: 1450 mAh | Connectivity: Micro USB | Memory: 4MB, 4MB RAM"
aa3be37196cd,Honor,Honor X5C,7792.0,8500.0,"[64.0, 128.0]",[4.0],[],Smart Phones,True,"Brand: Honor | Model: X5C | Display: 6.74 Inch; TFT LCD; Eye Comfort/Dynamic Dimming; 720x1600 | Processor: MediaTek Helio G81, Octa-core | Rear Camera: Dual Camera; 13MP Main Camera (f/2.2) + QVGA 0.08MP | Front Camera: 5 MP Camera (f/2.2 aperture) | Battery: 5130mAh; 15W Wired Charging | SIM Cards: Dual SIM | Connectivity: Wi-Fi 802.11 a/b/g/n/ac 2.4GHz and 5GHz; WiFi hotspot/Wi-Fi Direct; Bluetooth 5.1 | Other Features: Gravity Sensor, Fingerprint Sensor; Acceleration Sensor, Ambient Light Sensor; Proximity Sensor | Unknown Image Resolution: 4160x3120 pixels; Rear single LED flash; 2592*1936 pixels; Face Recognition | Unknown Positioning: GPS/AGPS/Glonass/BeiDou/Galileo; USB Type-C | Unknown Video Shooting: 1920x1080 pixels; 10X Digital zoom | Unknown Capture Mode: Portrait (including beauty and bokeh)"
aa6303faa701,Realme,Realme 15,19852.0,20149.0,[256.0],[12.0],['5G'],Smart Phones,True,"Brand: Realme | Model: 15 | Display: 6.8-inch OLED Display, 144Hz refresh rate,; HDR10+, 6500 nits, ( 1280 x 2800 ) pixels | Processor: MediaTek Dimensity 7300+ (4nm), Octa-core | Rear Camera: 50 MP, f/1.8, 24mm (wide), 1/1.56"", PDAF, OIS; 8 MP, f/2.2, 112˚, 16mm (ultrawide); LED flash, HDR, panorama; Video 4K@30fps, 1080p@30fps, gyro-EIS, OIS | Front Camera: 50 MP, f/2.4, 23mm (wide); Panorama; Video 4K@30fps, 1080p@30fps | Battery: 7000 mAh, 45W wired charging 50% in 25 minutes | SIM Cards: Dual SIM | Connectivity: Bluetooth 5.4, USB Type-C 2.0, Infrared port, USB Type-C 2.0, Wifi, GPS | Other Features: Fingerprint sensor; IP68/IP69 water and dust resistance"
ab9a065b9816,Samsung,Samsung Galaxy A26,12999.0,16899.0,"[128.0, 256.0]","[6.0, 8.0]",['4G LTE'],Smart Phones,True,"Brand: Samsung | Model: Galaxy A26 | Display: 6.7-inch Super AMOLED, 120Hz refresh rate.; Corning Gorilla Glass Victus+; Always-on display. | Processor: Samsung Exynos 1380 (5 nm), Octa-core | Front Camera: 13 MP, f/2.2 (wide) | Battery: 5000 mAh capacity; 25W fast charging | Other Features: IP67 dust/water resistant (up to 1m for 30 min).; Fingerprint (side-mounted), accelerometer, gyro, compass.; Virtual proximity sensing. | Unknown Resolution: 1080 x 2340 pixels. | Unknown Video: 4K@30fps, 1080p@30fps, 720p@480fps, gyro-EIS; 1080p@30fps | Unknown Positioning: GPS, GALILEO, GLONASS, BDS, QZSS; USB Type-C 2.0, OTG | Unknown Features: LED flash, panorama, HDR | Unknown Triple Camera Setup: 50 MP, f/1.8, 27mm (wide), PDAF, OIS; 8 MP, f/2.2, 120˚ (ultrawide); 2 MP, f/2.4 (macro) | Unknown Sim Connectivity: Dual SIM; Wi-Fi 802.11 a/b/g/n/ac, dual-band, Wi-Fi Direct; Bluetooth 5.3, A2DP, LE"
ac58e7e66d6f,Honor,Honor X9d,22599.0,23222.0,[256.0],"[8.0, 12.0]",['5G'],Smart Phones,True,"Brand: Honor | Model: X9d | Display: 6.79 Inch, AMOLED; Eye Comfort Technology; 2640*1200; 800 nits (typical) 1800 nits (HBM type); 6000 nits (APL type) | Processor: Qualcomm Snapdragon 6 Gen 4, Octa-core | Rear Camera: Dual Camera; 108MP Main Camera (F1.75); 5MP Wide (F2.2); 10X Digital zoom | Front Camera: 16MP (F2.45) | Battery: 8300 mAh; 66W super-fast charging | SIM Cards: Dual SIM | Connectivity: Wi-Fi 6 (802.11 ax) and 802.11 a/b/g/n/ac, 2.4GHz and 5GHz; Wi-Fi Direct & Wi-Fi Hotspot; BT5.2, Type-C, USB 2.0, GPS | Other Features: Gravity, Fingerprint; Ambient Light Sensor. Proximity; IP69K Water Resistance | Unknown Video Resolution: 3840*2160 pixels; LED flash; 2520x1080 pixels; Face Recognition | Unknown Image Resolution: 12000*9000 pixels; 3456x4608 pixels | Unknown Stabilization Mode: OIS"
ae38630afa38,Xiaomi,Xiaomi Redmi 10C,6372.0,6372.0,[128.0],[4.0],['4G LTE'],Smart Phones,True,"Brand: Xiaomi | Model: Redmi 10C | Display: 6.7 Inch IPS LCD; (720x1650) | Processor: Qualcomm SM6225 Snapdragon 680 4G Octa Core Processor | Rear Camera: Dual Camera; 50 MP, f/1.8, 26mm (wide), PDAF; 2 MP, f/2.4, (depth) | Front Camera: 5MP | Battery: 5000mAh Fast Charging 18W | Connectivity: Wi-Fi, Bluetooth 5.0, GPS, USB Type-C 2.0, fingerprint"
aec3c21b0621,Digit,Digit Z1 Dual-SIM,2507.0,2507.0,[],[],[],Feature Phones,True,"Brand: Digit | Model: Z1 | Display: 2.8 Inch TFT Touch Screen | Processor: Quad Core 4G | Rear Camera: VGA | Front Camera: VGA | Battery: 2500 mAh | Connectivity: USB Type-C, 4G, Wi-Fi, Hotspot | Memory: 1GB RAM, 8GB Storage"
af2d5f45b647,Xiaomi,Xiaomi Redmi Note 10s,9305.0,9305.0,[128.0],[6.0],['4G LTE'],Smart Phones,True,"Brand: Xiaomi | Model: Redmi Note 10s; Display; 6.43-inch (2400x1080) AMOLED DotDisplay; Rear Camera; 64 MP (f/1.79) wide-angel camera; 8 MP (f/2.2) ultra-wide angelÂ camera; 2 MP (f/2.4) macro camera; 2 MPÂ (f/2.4) depth sensor; Front Camera; 13 MP (f/2.45)Â camera; Processor; MediaTekÂ Helio G95 octa-core processor; Battery Capacity; 5000mAh with 33W fast charging; Connectivity; Wi-Fi, Bluetooth 5.0, GPS, USB Type-C"
b17bec64d18e,Itel,Itel A50C,5162.0,5173.0,[64.0],[2.0],['4G LTE'],Smart Phones,True,"Brand: Itel | Model: A50C | Display: 6.56 Inches, IPS LCD, (540 x 1208 pixels) | Processor: Unisoc T603, Octa-core | Rear Camera: 8 MP, AF; LED flash | Front Camera: 5 MP | Battery: 4000 mAh | SIM Cards: Dual SIM | Connectivity: Wi-Fi, Bluetooth, GPS, USB Type-C | Other Features: Fingerprint"
b1ca12767dbb,Vivo,Vivo Y11D,9240.0,9241.0,[128.0],[4.0],['4G'],Smart Phones,True,"Brand: vivo | Model: Y11d | Display: LCD 6.74-inch (17.13 cm), 120Hz, 1200 nits (HBM) | Processor: T7225 (12 nm) - Octa-core, 2 × 1.8 GHz + 6 × 1.8 GHz | Rear Camera: 50 MP, f/1.8 (main), 0.08 MP, f/3.0 | Front Camera: 5 MP, f/2.2 | Battery: 6500 mAh (TYP), Charging 44W wired (FlashCharge) | SIM Cards: 2 nano SIMs | Connectivity: Wi-Fi 2.4 GHz / 5 GHz; Bluetooth 5.2; GPS, BeiDou, GLONASS, Galileo, QZSS; USB Type-C 2.0, OTG supported | Operating System: Android 16 | Other Features: IP65 dust and water resistance; Side-mounted capacitive fingerprint sensor; Accelerometer, ambient light sensor, e-compass, proximity sensor; Ordinary vibration motor | Video: Yes | Color: 83% NTSC color gamut, 260 PPI, (720 x 1600) | Dimensions: 167.40 × 77.10 × 8.39 mm | Unknown Rare Flash: Yes | Unknown Modes: Photo, Night, Portrait, Video, Live Photo, Time-lapse, Pro, Pano, Documents, Slo-mo, Dual View; Photo, Night, Portrait, Video, Live Photo, Dual View modes"
b1eb26ec84da,Realme,Realme P1 Pro,16499.0,16499.0,[256.0],[12.0],['5G'],Smart Phones,True,"Brand: Realme | Model: P1 Pro | Display: 6.7 Inch, AMOLED, 1B colors, 120Hz, 800 nits (HBM), 950 nits (peak); (1080 x 2412) | Processor: Qualcomm SM6450 Snapdragon 6 Gen 1 (4 nm), Octa-core | Rear Camera: Dual Camera; 50 MP, f/1.8, 26mm (wide), 1/1.95"", 0.8µm, PDAF, OIS; 8 MP, f/1.7, 16mm, 112˚ (ultrawide), 1/4.0"", 1.12µm; Features LED flash, HDR, panorama; Video 4K@30fps, 1080p@30/60/120fps, gyro-EIS | Front Camera: 16 MP, f/2.4, 24mm (wide), 1/3.0"", 1.0µm; Video 1080p@30fps | Battery: 5000 mAh, 45W | SIM Cards: Dual SIM; Connectivity; Wi-Fi 802.11 a/b/g/n/ac/6, dual-band; Bluetooth 5.2, A2DP, LE; Positioning GPS, GLONASS, GALILEO, BDS, QZSS; USB Type-C 2.0, OTG | Other Features: Fingerprint (under display, optical), accelerometer, gyro, proximity, compass; Stereo speakers, 24-bit/192kHz Hi-Res audio; IP65 dust/water resistant | Memory: 256GB; 12GB"
b2086525fc35,Infinix,Infinix Smart 10,5209.0,9147.0,"[64.0, 128.0, 256.0]","[3.0, 4.0]",['4G LTE'],Smart Phones,True,"Brand: Infinix | Model: Smart 10; Display; 6.67 Inch IPS LCD, 120Hz refresh rate; HD+ (720 × 1600), 700 nits | Processor: Unisoc T7250, Octa-core; Rear Camera; 8MP, f/2.0, 1/4” sensor, 1.12μm, AF; Dual flash; 1080P 30FPS/720P 30FPS Video; AI Cam, Video, Dual Video, Beauty, Portrait; Front Camera; 8MP, f/2.0, 1/4” sensor, 1.12um, FF | Battery: 5000mAh, supports 15W charging | SIM Cards: Dual SIM | Connectivity: Bluetooth, USB Type-C, 3.5mm audio jack, FM radio, Wi-Fi, GPS; Other Features; Fingerprint sensor; IP64 water and dust resistance"
b3ecd617bc22,Tecno,Tecno Spark 40 Pro,10144.0,11259.0,"[128.0, 256.0]",[8.0],['4G'],Smart Phones,True,"Brand: Tecno | Model: Spark 40 Pro | Display: 6.78-inch, AMOLED (1224 x 2720); 144Hz, 1600 nits (HBM), 4500 nits (peak) | Processor: Mediatek Helio G100 Ultimate (6 nm) - Octa-core | Rear Camera: 50 MP, f/1.6 (wide), PDAF; Auxiliary lens; Dual-LED flash, HDR | Front Camera: 13 MP, f/2.2 (wide); Dual-LED flash; 1080p@30fps video recording | Battery: 5200mAh Battery, 45W Wired Charging; 10W Reverse Wired Charging | SIM Cards: 2 | Connectivity: Wi-Fi 802.11 a/b/g/n/ac, dual-band; Bluetooth 5.3; GPS; Infrared port; FM Radio; USB Type-C 2.0, OTG | Operating System: Android 15, HIOS 15.1 | Other Features: Fingerprint (under display, optical); accelerometer, proximity, compass; Corning Gorilla Glass 7i protection; IP64 dust and splash resistant; Drop resistant up to 1.5m; Stereo speakers; 3.5mm audio jack; 24-bit/192kHz Hi-Res & Hi-Res Wireless audio; microSDXC card slot | Unknown Video Resolutions: 1440p@30fps, 1080p@30fps"
b44cd98a8f5f,HMD,HMD 150 Music Dual-SIM,1699.0,1699.0,[],[],[],Feature Phones,True,"Brand: HMD | Model: 150 Music | Display: 2.4 inches, 240 x 320 pixels, 4:3 ratio (~167 ppi density) TN TFT | Processor: Unisoc 6531F | Rear Camera: QVGA LED flash | Battery: 2500 mAh, removable | Connectivity: Bluetooth 5.0 & USB Type-C 1.1 | Other Features: Built-in MP3 player | Memory: 8 MB, RAM: 8 MB | Unknown No Of Sim Card: Dual, 2G, Mini-SIM"
b554137c27be,Tecno,Tecno Spark Go 2,5527.0,6250.0,"[64.0, 128.0]","[3.0, 4.0]",['4G'],Smart Phones,True,"Brand: Tecno | Model: Spark Go 2; Spark Go 2s | Display: 6.67 inch, IPS LCD, 120Hz, (720 x 1600); 6.67-inch IPS LCD, 120Hz; 720x1600 (~263 ppi) | Processor: Unisoc T7250 (12 nm) Octa-core; Unisoc T7250 (12 nm) Octa-core (2x1.8 GHz Cortex-A75 & 6x1.6 GHz Cortex-A55), Mali-G57 MP1 GPU | Rear Camera: 13 MP, f/1.8, 27mm (wide), PDAF; Dual-LED flash, HDR; Video 1080p@30fps | Front Camera: 8 MP, Dual-LED flash; 8 MP; Dual-LED flash | Battery: 5000 mAh, 15W wired charging | SIM Cards: 2; Dual SIM (Nano-SIM + Nano-SIM) | Connectivity: Bluetooth; Wifi; GPS; Infrared port; FM radio; USB Type-C, OTG; WLAN, Bluetooth, GPS; Infrared port, USB Type-C, OTG | Operating System: Android 15, HIOS 15 | Other Features: IP64 dust-tight and water-resistant; Drop resistant up to 1.5 meters; Fingerprint (side-mounted); unspecified sensors; Side-mounted fingerprint sensor; IP64 dust-tight and water-resistant (water splashes); Dual speakers, 3.5mm jack | Video: 1080p@30fps; Yes | Unknown Screen To Body Ratio: ~84.2%"
b5854a6224d2,Apple,Apple iPhone 15 Plus,63000.0,132219.0,[128.0],[6.0],['5G'],Smart Phones,True,"Connectivity: Wi-Fi 802.11 a/b/g/n/ac/6, dual-band, hotspot; Bluetooth 5.3, A2DP, LE; Positioning GPS, GLONASS, GALILEO, BDS, QZSS; USB-C 2.0, DisplayPort"
b74a897e7400,HMD,HMD Barbie,9999.0,9999.0,[],[],[],Smart Phones,True,"Brand: HMD | Model: Barbie | Display: 2.8 -inch ( 240 x 320); External display 1.77-inch TFT LCD | Processor: Unisoc T107 (22 nm) | Rear Camera: 0.3 MP LED flash | Battery: 1450 mAh, removable battery | SIM Cards: 2 | Connectivity: Wi-Fi; Bluetooth 5.0; GPS; USB Type-C"
b9c2ee5167b8,Huawei,Huawei nova 15 Max,21499.0,21998.0,[256.0],[8.0],['4G'],Smart Phones,True,"Brand: Huawei | Model: nova 15 Max; CHZ-LX1 | Display: 6.84-inch OLED Display; FHD+ (2756 × 1272) Resolution; Up to 120Hz Refresh Rate; 300Hz Touch Sampling Rate; 1.07 Billion Colors | Rear Camera: 50 MP Ultra Sensing Camera (f/1.9); 2 MP Ultra Lighting Camera (f/2.4); AI Image Stabilization (AIS); 10x Digital Zoom; Video Recording up to 4K (3840 × 2160) | Front Camera: 8 MP Camera (f/2.0); Video Recording up to 4K (3840 × 2160) | SIM Cards: Dual SIM (Nano, 4G) | Connectivity: Wi-Fi 802.11a/b/g/n/ac/ax/be (2.4GHz & 5GHz); Bluetooth 5.2; USB Type-C (USB 2.0); GPS, A-GPS, GLONASS, BeiDou, Galileo, QZSS; Type-C Earjack | Operating System: EMUI 14.2 | Other Features: Fingerprint Sensor; Gravity Sensor, Infrared Sensor; Gyroscope, Compass, Ambient Light Sensor, Proximity Sensor; HUAWEI Histen Audio; Comes with Huawei FreeBuds SE 3 Earbuds (color may vary) | Unknown Capacity: 8500mAh; 40W HUAWEI SuperCharge Turbo | Dimensions: 163.3 × 78.0 × 7.98mm"
bb6d92e756ac,Motorola,Motorola Moto G35,8989.0,9222.0,[256.0],[8.0],['5G'],Smart Phones,True,"Brand: Motorola | Model: Moto G35 | Display: 6.72 inches FHD+ (1080 × 2400) IPS LCD, 120 Hz refresh rate | Processor: Unisoc T760 (6 nm) - Octa Core | Rear Camera: Dual Camera; 50 MP, f/1.8 (wide), 0.64µm, PDAF; 8 MP, f/2.2, 120˚ (ultrawide), 1/4.0"", 1.12µm | Front Camera: 16 MP, f/2.5 (wide), 1.0µm | Battery: 5000 mAh, 18W wired charging | SIM Cards: Dual SIM | Connectivity: Wi-Fi 802.11 a/b/g/n/ac, dual-band; Bluetooth 5.0, A2DP, LE; USB-C | Video: 4K@30fps, 1080p@30fps"
bcb2bcef9749,Samsung,Samsung Galaxy A37,21301.0,25575.0,"[128.0, 256.0]","[8.0, 12.0]",['5G'],Smart Phones,True,"Brand: Samsung | Model: Galaxy A37; Display; Super AMOLED, 120Hz, 1000 nits (HBM), 6.7 inches | Display: ‎1080 x 2340‎ (FHD+) | Processor: Samsung Exynos 1380 (5 nm), Octa Core | Front Camera: 13 MP, f/2.2, (wide) | Battery: 5000 mAh, 45 watts fast charging | SIM Cards: Dual SIM (Nano), 5G | Connectivity: Wi-Fi 802.11dual-band, Wi-Fi Direct | Operating System: Android 16 | Other Features: LED flash, panorama, HDR; Fingerprint, accelerometer, gyro, compass, Virtual proximity sensing; IP678 dust/water resistant | Video: 4K@30fps, 1080p@30/60fps, gyro-EIS; Digital Zoom up to 10x; 4K@30fps, 1080p@30fps | Unknown Bluetooth: 5.3, A2DP, LE; GPS, GALILEO, GLONASS, BDS, QZSS; USB Type-C 2.0, OTG | Unknown Triple: 50 MP, f/1.8, (wide), PDAF, OIS; 8 MP, f/2.2, 123˚ (ultrawide); 5 MP, f/2.4, (macro)"
bcd6ffd6f873,Realme,Realme C11 2021,4485.0,4485.0,[32.0],[2.0],['4G LTE'],Smart Phones,True,"Brand: Realme | Model: C11 2021 | Display: 6.52-inch (720 × 1600) IPS LCD capacitive touchscreen; Rear Camera 8 MP camera; Front Camera 5 MP wide camera; Processor Unisoc SC9863A (28 nm) octa-core processor; Battery Capacity 5000mAh with 10W fast charging; Connectivity Wi-Fi, Bluetooth 4.2, GPS, Micro USB 2.0"
be22ff8a37a9,Honor,Honor X8d,17025.0,22761.0,"[256.0, 512.0]",[8.0],['4G'],Smart Phones,True,"Brand: HONOR | Model: X8d | Display: 6.77-inch AMOLED, 1080×2392 (FHD+), 120Hz | Processor: Snapdragon 6s 4G Gen 2 | Rear Camera: 108MP Main + 5MP Ultra Wide | Front Camera: 16MP | Battery: 7000 mAh, 45W SuperCharge | SIM Cards: Dual SIM (4G) | Connectivity: Bluetooth, USB-C, NFC, Wi-Fi | Operating System: Android 15 (MagicOS 10) | Other Features: IP65, microSD support, fingerprint sensor"
bfa92aad2bb7,Nokia,Nokia 125 Dual-SIM,1160.0,1399.0,[],[],[],Feature Phones,True,"Brand: Nokia | Model: 125 | Display: 2.4 Inch TFT LCD (240 x 320); 2.4 inches,tf 240 x 320 pixels, 4:3 ratio (~167 ppi density) TFT LCD, 65K colors | Battery: 1020 mAh; Li-Ion 1020 mAh, removable Up to 560 h Up to 19 h | Connectivity: FM radio, micro USB, 3.5mm jack; FM radio, microUSB 2.0 | Operating System: Android | Unknown Model No: TA-1253 | Memory: 4MB; 4 MB, RAM: 4MB | Unknown No Of Sim Cards: Dual (Mini)"
c47e6e25e18c,Apple,Apple iPhone 13,40409.0,49000.0,[128.0],[4.0],['5G'],Smart Phones,True,"Processor: Faster Performance, Efficient Power Usage; Powered by Apple A15 Bionic (5 nm) Hexa-core for fast performance, smooth multitasking, and efficient battery usage; Charge Fast and Stay Connected; 3240mAh with 20W fast charge, reaching up to 50% in 30 minutes; Faster Connectivity; Wi-Fi, GPS, Bluetooth 5.0, Face ID | Video: 4K@24/25/30/60fps, 1080p@30/60/120fps, gyro-EIS"
c50a5cd5a99a,Oppo,Oppo A5x,9896.0,9896.0,[128.0],[4.0],['4G LTE'],Smart Phones,True,"Brand: Oppo | Model: A5x | Display: 6.67 Inch, LCD, 264 PPI, 90 Hz | Processor: Snapdragon 6s 4G Gen 1 Mobile Platform, Octa‑core | Rear Camera: Wide Angle, 32 MP, f/1.8, autofocus, 76° FOV, 5P lens; Up to 1080P 30fps | Front Camera: 5 MP, f/2.2, 77° FOV, 3P lens; Up to 1080P 30fps | Battery: 5860 mAh, Fast charging 45 Watt SUPERVOOC | SIM Cards: Dual SIM | Connectivity: Wi-Fi 5 (802.11ac), 802.11b/g/a/n; Bluetooth 5.0, USB Type-C | Other Features: IP65 water and dust resistance; Ultra Volume Mode; Fingerprint, Facial Recognition; Infrared remote control | Unknown Brightness: typical 850 nits, peak 1000 nits | Unknown Earphone Jack: 3.5mm jack; Beidou, GPS, GLONASS, Galileo, QZSS | Unknown Resolution: 720 × 1604 | Unknown Touch Sampling: up to 180 Hz"
c9669435d575,Nokia,Nokia 106 (2018) Dual-SIM,485.0,575.0,[],[],[],Feature Phones,True,"Brand: Nokia | Model: 106 (2018) | Display: 1.8 inches, TFT, 120 × 160 resolution | Battery: 800 mAh | Connectivity: FM radio, Micro USB 2.0 | Memory: RAM – 4 MB"
c9af0ee52286,Tecno,Tecno Spark 30 Pro,11400.0,11400.0,[256.0],[8.0],['4G LTE'],Smart Phones,True,"Brand: Tecno | Model: Spark 30 Pro; KL7 | Display: 6.78 inch, AMOLED, 120Hz, 1700 nits, 1080 × 2436 | Processor: Mediatek Helio G100 (6 nm) | Rear Camera: 108 MP, f/1.9 (wide), 1/1.52"", PDAF, Auxiliary lens; Quad-LED flash, HDR | Front Camera: 13 MP (wide); Dual-LED dual-tone flash | Battery: 5000 mAh, 33W wired | SIM Cards: 2 | Other Features: Fingerprint (under display, optical), accelerometer, gyro, proximity, compass | Unknown Video: 1440p@30fps, 1080p@30fps; 1080p@30fps | Unknown Wi Fi Bluetooth 5 3 Positioning: GPS; FM radio, USB Type-C 2.0, OTG"
c9df91f2cd3d,Motorola,Motorola Edge 60 Pro,44780.0,44780.0,[512.0],[12.0],['5G'],Smart Phones,True,"Brand: Motorola | Model: Edge 60 Pro | Processor: Mediatek Dimensity 8350 Extreme (4 nm), Octa-core | Rear Camera: Triple Camera; 50 MP, f/1.8, 24mm (wide), 1/1.56"", 1.0µm, multi-directional PDAF, OIS; 10 MP, f2.0, 73mm (telephoto), 1/3.94"", 1.0µm, PDAF, 3x optical zoom, OIS; 50 MP, f/2.0, 120˚ (ultrawide), 1/2.76"", 0.64µm, PDAF; Color spectrum sensor, LED flash; HDR, panorama, Pantone Validated Colour and Skin Tones; 4K@30fps, gyro-EIS, HDR10+ | Front Camera: 50 MP, f/2.0, (wide), 1/2.76"", 0.64µm, HDR | Battery: 6000 mAh; 90W wired, PD3.0; 15W wireless; 5W reverse wired | SIM Cards: Dual SIM | Connectivity: Wi-Fi 802.11 a/b/g/n/ac/6e, tri-band; Bluetooth; GPS, GLONASS, GALILEO, BDS, NavIC; USB Type-C, OTG | Other Features: IP68/IP69 dust-tight and water-resistant; Stereo speakers (with Dolby Atmos); Fingerprint, accelerometer, gyro, proximity, compass; Smart Connect support | Video: 4K@30fps | Unknown Type: P-OLED, 1B colors, 120Hz, 720Hz PWM, HDR10+, 4500 nits peak; 6.7 inches, 1220 x 2712 pixels; Corning Gorilla Glass 7i"
ca05e0a49b5e,Honor,Honor X7d,13777.0,16000.0,[256.0],[8.0],"['4G', '5G']",Smart Phones,True,"Brand: Honor | Model: X7d | Display: 6.77 Inches, TFT LCD; 720x1610; 850nit (HBM)/ 700nit (Typical) | Processor: Qualcomm Snapdragon 685, Octa-core | Rear Camera: Dual Camera; 108M Main camera (f1.75); 2MP Depth Camera (f/2.4); Up to 8X Digital zoom | Front Camera: 8 MP Camera (f/2.0) | Battery: 6500mAh, 35 Watt HONOR SuperCharge | SIM Cards: Dual SIM | Connectivity: Wifi 802.11 a/b/g/n/ac 2.4GHz and 5GHz; BT5.0, OTG Type-C, USB 2.0; GPS/AGPS/Glonass/BeiDou/Galileo | Other Features: Gravity Sensor, Fingerprint Sensor; Acceleration Sensor; Proximity Sensor | Unknown Video Resolution: 1920x1080 pixels; LED flash | Unknown Image Resolution: 3264x2448 pixels; Face Recognition"
cc3546a3c82d,Apple,Apple iPhone 17,68222.0,69499.0,[256.0],[8.0],['5G'],Smart Phones,True,"Battery: 3692 mAh battery with wired PD 2.0 fast charging (up to 50% in 20 minutes) and 25W MagSafe/Qi2 wireless charging (up to 50% in 30 minutes), delivering up to 30 hours of video playback. | SIM Cards: Dual SIM | Connectivity: Bluetooth 6, USB Type-C 2.0, Wi-Fi 7, GPS for fast and reliable performance; Bluetooth 6, USB Type-C 2.0, Wi-Fi 7, GPS for fast and reliable performance. | Other Features: Face ID; IP68 water and dust resistance; Crash Detection for emergency assistance | Unknown Smarter Selfies With Center Stage: Capture every angle with center Stage dual capture and an 18 MP multi-aspect camera , f/1.9, (wide), PDAF, OIS SL 3D, (depth/biometrics sensor); HDR, Dolby Vision HDR, 3D (spatial) audio, stereo sound rec.; Video 4K@24/25/30/60fps, 1080p@25/30/60/120fps, gyro-EIS | Unknown Os: iOS 26 | Unknown Elegant And Durable Design: iPhone 17 delivers exceptional durability, thanks to the Ceramic Shield 2 front offering 3× improved scratch resistance; Display for All Lighting Conditions; iPhone 17’s stunning 6.3-inch display features smooth scrolling thanks to ProMotion up to 120Hz.; LTPO Super Retina XDR OLED with 1206 x 2622 resolution; 1000 nits (typ), 1600 nits (HBM), 3000 nits (peak) for enhanced outdoor contrast and 33% fewer reflections. | Unknown Display For All Lighting Conditions: iPhone 17’s stunning 6.3-inch display features smooth scrolling thanks to ProMotion up to 120Hz.; LTPO Super Retina XDR OLED with 1206 x 2622 resolution; 1000 nits (typ), 1600 nits (HBM), 3000 nits (peak) for enhanced outdoor contrast and 33% fewer reflections. | Unknown Boosted Efficiency By A19 Chip: Powered by the Apple A19 (3 nm) Hexa-core chip with a 5-core GPU, enhancing everything you do, from advanced video to AAA gaming. | Unknown Dual Fusion Camera For Stunning Details: Equipped with a 48MP Dual Fusion camera system, 2x optical-quality zoom, and a 48MP Fusion Ultra Wide camera for super-high-resolution photos.; 48 MP, f/1.6, 26mm (wide), 1/1.56"", 1.0µm, dual pixel PDAF, sensor-shift OIS; 48 MP, f/2.2, 13mm, 120˚ (ultrawide), 1/2.55"", 0.7µm, PDAF; Dual-LED dual-tone flash, HDR (photo/panorama); Video 4K@24/25/30/60fps, 1080p@25/30/60/120/240fps, HDR, Dolby Vision HDR (up to 60fps), stereo sound rec."
cf72c0eecefe,Hope,Hope BM-10,863.0,863.0,[],[],[],Feature Phones,True,Brand: Hope | Model: BM-10 | Battery: Below 1000 mAh | SIM Cards: Dual SIM | Memory: Less than 512MB; Less than 256MB | Unknown Network: GSM | Unknown Display Size: 0.66 Inch | Unknown Additional Feature: Comes with a back cover attachment to convert it to a Bluetooth device
cfffcab99f77,Samsung,Samsung Galaxy A04s - Local Version,6483.0,6483.0,[64.0],[4.0],['4G LTE'],Smart Phones,True,"Brand: Samsung | Model: Galaxy A04s | Display: 6.5-inch PLS LCD HD+ with 90Hz refresh rate | Processor: Exynos 850 (8nm) Octa-core | Rear Camera: 50MP (Wide); 2MP (Depth); 2MP (Macro) | Front Camera: 5MP | Battery: 5000mAh with 15W fast charging | Connectivity: Wi-Fi, GPS, Bluetooth 5.0, Type-C USB 2.0, side fingerprint"
d0d1b8404968,Xiaomi,Xiaomi Redmi Note 15 Pro Plus,27699.0,30799.0,"[256.0, 512.0]",[12.0],['5G'],Smart Phones,True,"Brand: Xiaomi | Model: Redmi Note 15 Pro Plus | Display: 6.83-inch CrystalRes AMOLED display; Resolution (2772 x 1280) 1.5K; Up to 120Hz refresh rate; 3200 nits peak brightness | Processor: Snapdragon 7s Gen 4, 4nm, Octa-core | Rear Camera: 200MP main camera Optical Image Stabilization (OIS)0.56μm, 16in1, 2.24μm, f/1.7, 7P lens, 1/1.4"" sensor size; 8MP ultra-wide camera f/2.2; Video recording 4K at 30 fps,1080p at 30/60, fps720p at 30 fps | Front Camera: 32MP front camera1/3.6"" sensor size f/2.2, 4P lens; Video recording 1080p at 30/60 fps, 720p at 30 fps | Battery: 6500mAh, 100W HyperCharge | SIM Cards: 2 | Connectivity: Bluetooth 5.4; Wi-Fi; GPS; USB Type-C | Operating System: Xiaomi HyperOS 2 | Other Features: AI Writing, AI Speech Recognition, AI Interpreter, AI Search; AI Dynamic Wallpapers, AI Creativity Assistant; Circle to Search with Google, Google Gemini; In-screen fingerprint sensor; AI face unlock; IP68/IP69 Water and Dust Resistance"
d346e1389106,Oppo,Oppo A6 Pro,16299.0,18333.0,[256.0],[8.0],"['4G', '5G']",Smart Phones,True,"Brand: Oppo | Model: A6 Pro | Display: 6.57-inch AMOLED display, FHD + ( 2372 x 1080 ); 120Hz refresh rate, 600 nits, 1400 nits high brightness mode | Processor: MediaTek Dimensity 6300- Octa Core; MediaTek Helio G100- Octa Core | Rear Camera: 50MP f/1.8 aperture; 76° FOV; 5P lens; supports autofocus (AF), Wide Angle; 2MP f/2.4 aperture; 89° FOV; 3P lens, Monochrome | Front Camera: 16 MP; f/2.4 aperture; 85° FOV; 4P lens. | Battery: 7000mAh, 27.44Wh Charging; 7000mAh, 2 7.44Wh Charging | SIM Cards: Dual SIM Card | Connectivity: Wi-Fi, Bluetooth 5.4, GPS, USB Type-C | Other Features: Fingerprint sensor; Face ID | Unknown Supports Multi View Video Shooting 1080P Video: 60 fps, 30 fps, 720P Video: 60 fps, 30 fps, 720P SLO-MO Video: 120 fps, 1080P Time-Lapse Video: 30 fps); 30 fps, 720P video: 30 fps, 1080P time-lapse video: 30 fps); 60 fps, 30 fps, 720P Video: 60 fps, 30 fps, 720P SLO-MO Video: 120 fps1080P Time-Lapse Video: 30 fps)"
d6560ee2d3d9,Nokia,Nokia 102 TA-1765 DS Dual-SIM,999.0,999.0,[],[],[],Feature Phones,True,"Brand: Nokia | Model: 102 TA-1765 DS | Display: 1.77 inches , 128 x 160 pixels (~116 ppi density) TFT | Rear Camera: QVGA | Battery: 1000 mAh Removable 2.75W | Connectivity: Wireless FM radio, microUSB | Operating System: S30+ | Memory: Internal Memory 4MB, RAM 8MB"
d7d42df9a6d2,Samsung,Samsung Galaxy S25 Ultra,65333.0,80999.0,"[256.0, 512.0, 1024.0]",[12.0],"['4G LTE', '5G']",Smart Phones,True,"Brand: Samsung | Model: Galaxy S25 Ultra; Display; 6.9-inch Dynamic LTPO AMOLED 2X | Display: 1440 x 3120, 120Hz; HDR10+, 2600 nits peak brightness; DX anti-reflective coating; Processor; Qualcomm SM8750-AC Snapdragon 8 Elite (3nm); Octa-core (2x4.47 GHz + 6x3.53 GHz); Rear Camera; Quad Camera; 200 MP, f/1.7, (wide), 1/1.3"", 0.6µm, multi-directional PDAF; 10 MP, f/2.4, (telephoto), 1/3.52"", 1.12µm, 3x optical zoom; 50 MP, f/3.4 (periscope telephoto), 1/2.52"", 0.7µm, 5x optical zoom; 50 MP, f/1.9, 120˚ (ultrawide), 1/2.5"", 0.7µm; Laser AF, LED flash, auto-HDR | Front Camera: 12MP wide camera for brighter selfies with HDR and HDR10+ support (f/2.2, 26mm, 1/3.2"", 1.12µm, dual pixel PDAF); Video 4K@30/60fps, 1080p@30fps; Battery Capacity; 5000 mAh battery with 45W wired charging for quick power-ups on Samsung S25 Ultra.; 15W wireless charging for cable-free charging and 4.5W reverse wireless charging for sharing power with other devices. | SIM Cards: Dual SIM; Connectivity; Wi-Fi 802.11 a/b/g/n/ac/6e/7; Bluetooth 5.4, Wi-Fi Direct; USB Type-C 3.2, DisplayPort 1.2; GPS, OTG; Other Features; IP68 dust/water resistant; Stylus (S-Pen); Under-display fingerprint sensor; Stereo speakers | Other Features: IP68 dust tight and water resistant keeps Samsung S25 Ultra protected (up to 1.5m for 30 min).; Stylus Pen for enhanced productivity and stereo speakers for immersive sound experience. | Video: up to 8K@24/30fps; Front Camera; 12 MP, f/2.2 (wide), 1/3.2"", 1.12µm, dual pixel PDAF; HDR, HDR10+; up to 4K@30/60fps; Battery Capacity; 5000mAh; 45W wired, PD3.0, 65% in 30 min; 15W wireless (Qi2 Ready); 4.5W reverse wireless"
d821bf2d6255,Nokia,Nokia 6310 2021 Dual-SIM,888.0,899.0,[],[],[],Feature Phones,True,"Brand: Nokia | Model: 6310 2021 | Display: 2.8 inches TFT LCD (240×320) | Rear Camera: VGA, LED flash | Battery: 1150 mAh | Connectivity: Bluetooth 5.0, FM Radio, Micro-USB, 3.5 mm Headphone jack | Memory: 16MB internal storage, 8MB RAM"
d8450d5da5ee,Oppo,Oppo Reno 14,28877.0,30999.0,[256.0],[12.0],['5G'],Smart Phones,True,"Brand: Oppo | Model: Reno 14 | Display: 6.59 Inch, AMOLED, 20 Hz, 460 PPI | Processor: MediaTek Dimensity 8350, Octa Core | Rear Camera: Triple Camera; 50 MP wide-angle, f/1.8, 79° FOV, 5P lens, autofocus; 8 MP ultra-wide, f/2.2, 116° FOV, 5P lens, autofocus; 50 MP telephoto, f/2.8, 30° FOV, 4P lens, autofocus | Front Camera: 50 MP, f/2.0, 90° FOV, 5P lens, autofocus; Up to 4K video 60fps | Battery: 6000mAh, Fast charging 80 Watt SUPERVOOC | SIM Cards: Dual SIM | Connectivity: Wi-Fi 6 (802.11ax); Bluetooth 5.4, USB Type-C; Wi-Fi 6 (802.11ax), Bluetooth 5.4, USB Type-C | Other Features: Fingerprint, Facial Recognition; Infrared remote control, AI Call translator; AI Editor 2.0, AI Nano Dual-Drive Cooling System | Unknown Touch Sampling Rate: up to 240 Hz | Unknown Brightness: 600 nits typical, 1200 nits HBM | Unknown Earphone Jack: USB Type-C; Beidou, GPS, GLONASS, Galileo, QZSS | Unknown Resolution: 1256 × 2760 | Unknown Video: Up to 4K video: 60fps | Unknown Up To 4K Video: 60fps"
dc28a9b61dd2,Nokia,Nokia Dual-SIM,863.0,895.0,[],[],[],Feature Phones,True,Brand: Nokia | Model: 105 (2023); 106 (2023) | Display: 1.8 Inch (120 x 160) TFT LCD Display | Rear Camera: Not Available | Battery: 1000 mAh Li-ion Battery | Connectivity: Wireless FM radio & microUSB 1.1; Wireless FM radio & micro USB 1.1
df1400cda40e,Itel,Itel A200 Plus,6344.0,6360.0,[128.0],[3.0],['LTE'],Smart Phones,True,"Brand: Itel | Model: A200 Plus | Display: 6.75-inch, 720 × 1600 pixels, 20:9 ratio (~260 ppi density), IPS LCD, 120Hz | Processor: Unisoc T7250 (12 nm)- Octa-Core | Rear Camera: 13 MP; LED Flash; Video 1080p@30fps | Front Camera: 5 MP | Battery: 6000 mAh, 18W fast wired charging | SIM Cards: 2 | Connectivity: Wifi; USB Type-C 2.0, OTG; Bluetooth; GPS; Infrared | Operating System: Android 15 | Other Features: IP65 dust-tight and water-resistant; Drop-resistant up to 1.8 meters"
e1a751deef71,Oppo,Oppo Reno 15,29199.0,43000.0,"[256.0, 512.0]",[12.0],['5G'],Smart Phones,True,"Brand: Oppo | Model: Reno 15 | Display: 6.59 inch, FHD+, (2760x1256), 460 PPI | Processor: Qualcomm Snapdragon 7 Gen 4 Mobile Platform, Octa Core | Front Camera: 50MP; f/2.0; FOV 100°; 5P lens; AF supported | Battery: 6500mAh/25.48Wh, Fast Charge 80W SUPERVOOC | SIM Cards: Dual SIM | Connectivity: Wi-Fi 6 (802.11ax) 802.11a/b/g/n; Wi-Fi Display, WLAN Tethering; Bluetooth 5.4, Low Energy; USB Type-C | Operating System: ColorOS 16.0 | Other Features: Fingerprint, Facial Recognition; Proximity sensor, Ambient light sensor; Accelerometer, Gyroscope; Infrared remote control; IP69 Water and Dust resistance | Unknown Refresh Rate: 120Hz | Video: 4K video: 60fps, 30fps | Unknown Touch Sampling Rate: Max: 240Hz, Default: 120Hz | Unknown Colour Depth: 1.07 billion colours (10-bit) | Unknown Normal Brightness: 600nits (Typical) | Unknown Hbm: 1200nits (Typical); Corning Gorilla GG7i Glass+AMOLED | Unknown Ultra Wide Angle: 8MP; f/2.2; FOV 116°; 5P lens; AF supported | Unknown Wide Angle: 50MP; f/1.8; FOV 79°; 5P lens; AF supported; 2-axis OIS | Unknown Shooting Mode: Portrait, Night, PRO, SLO-MO, Dual-view video, TIME-LAPSE; Portrait, Night, Panorama, Dual-view video, TIME-LAPSE | Unknown Telephoto: 50MP; f/2.8; FOV 30°; 4P lens; AF supported; 2-axis OIS | Unknown Video Zoom Shooting: up to 3.5× optical zoom and 18× digital zoom; up to 2× digital zoom | Unknown Earphone Jack: Type-C; GPS, GLONASS, Beidou, Galileo, QZSS"
e34a601d7835,Honor,Honor Magic7 Pro,58237.0,58237.0,[512.0],[12.0],['5G'],Smart Phones,True,"Brand: Honor | Model: Magic 7 Pro | Display: 6.8 Inch, FHD+, OLED; Gesture support; 1280 × 2800 | Processor: Snapdragon 8 Elite Mobile Platform – Octa Core | Rear Camera: Triple camera system; 200MP Telephoto camera (f/2.6, 3x optical zoom, up to 100x digital zoom, OIS); 50MP Wide main camera (f/1.4–f/2.0, OIS); 50MP Ultra-wide camera (f/2.0); Single rear LED flash | Front Camera: 50MP front camera + 3D depth camera (f/2.0) | Battery: 5850 mAh; 100W HONOR SuperCharge; 80W Wireless HONOR SuperCharge | Connectivity: Wi-Fi 6/7 (802.11 a/b/g/n/ac/ax/be), 2x2 MIMO (2.4GHz/5GHz/6GHz); Bluetooth 5.4; GPS / AGPS / GLONASS / BeiDou / Galileo; USB Type-C, USB 3.2 Gen1; Infrared remote control; OTG, Wi-Fi Direct, Hotspot | Other Features: gravity, infrared, compass, fingerprint, accelerometer, gyroscope, ambient light, proximity; HONOR Surround Subwoofer | Video: up to 4K @ 60fps; up to 4K | Unknown Image Resolution: 16384 × 12288 pixels; 8192 × 6144 pixels | Unknown Hdr Peak Brightness: 5000 nits | Unknown Global Peak Brightness: 1600 nits | Unknown Screen Glass: HONOR NanoCrystal Shield | Unknown Stabilization: EIS + OIS | Unknown Sim: Dual SIM | Unknown Additional Features: 3D face unlock | Unknown Water Dust Resistance: IP68 & IP69"
e35cae83ed12,Apple,Apple iPhone 17 Pro Max,94999.0,189999.0,"[256.0, 512.0, 1024.0, 2048.0]",[12.0],['5G'],Smart Phones,True,"Brand: Apple; JBL | Model: iPhone 17 Pro Max; JBLGOESRED | Display: 6.9-inch LTPO Super Retina XDR OLED display, (1320 x 2868); 120Hz Refresh rate, 1000 nits (typ), 1600 nits (HBM), 3000 nits (peak) | Processor: Apple A19 Pro (3 nm) Hexa-core | Rear Camera: 48 MP, f/1.8, 24mm (wide), 1/1.28"", 1.22µm, dual pixel PDAF, sensor-shift OIS; 48 MP, f/2.8, 100mm (periscope telephoto), 1/2.55"", 0.7µm, PDAF, 3D sensor‑shift OIS, 4x optical zoom; 48 MP, f/2.2, 13mm, 120˚ (ultrawide), 1/2.55"", 0.7µm, PDAF; TOF 3D LiDAR scanner (depth); Dual-LED dual-tone flash, HDR (photo/panorama); Video 4K@24/25/30/60/100/120fps, 1080p@25/30/60/120/240fps, 10-bit HDR, Dolby Vision HDR (up to 120fps), ProRes, ProRes RAW (up to 120fps), Apple Log 2, 3D (spatial) video/audio, stereo sound rec. | Front Camera: 18 MP multi-aspect, f/1.9, 20mm (ultrawide), PDAF; SL 3D, (depth/biometrics sensor); HDR, Dolby Vision HDR, 3D (spatial) audio, stereo sound rec., ProRes RAW, Apple Log 2; Video 4K@24/25/30/60fps, 1080p@25/30/60/120fps, gyro-EIS | Battery: 730mAh, 2.7Wh | SIM Cards: Dual SIM; 1 | Connectivity: Bluetooth 6, USB Type-C 3.2 Gen 2 with DisplayPort, GPS, Wi-Fi; Bluetooth 6, USB Type-C 3.2 Gen 2 with DisplayPort, GPS, Wi-Fi, and eSIM for better and secure connectivity; Wi-Fi; Bluetooth 6.0; GPS; USB Type-C 3.2 Gen 2, DisplayPort; Bluetooth 4.2; USB-C | Operating System: iOS 26 | Other Features: Face ID; IP68 water and dust resistance; Crash Detection for emergency assistance; Face ID, accelerometer, gyro, proximity, compass, barometer sensors; IP68 dust-tight and water-resistant; JBL Go Essential 2 Bluetooth Speaker, Black - JBLGOESRED; JBL Original Pro Sound | Color: Black | Unknown A Display Built To Last: 6.9 inch, LTPO Super Retina XDR OLED, 120Hz (1320 x 2868 ); 1000 nits (typ), 1600 nits (HBM), 3000 nits (peak); Maximum durability with a heat-forged aluminum unibody; Reinforced by Ceramic Shield 2 front for 3× scratch resistance and a durable Ceramic Shield back with 4× better crack protection | Unknown Exceptional Performance: Apple A19 Pro (3 nm), Hexa-core with vapor cooling for up to 40% better performance | Unknown Flagship Main Camera System: 48 MP, f/1.6, 24mm (wide), 1/1.28"", 1.22µm, dual pixel PDAF, sensor-shift OIS, enhanced with 8× optical-quality zoom for a pro-level experience, like having 8 lenses in your pocket; 48 MP, f/2.8, 100mm (periscope telephoto), 1/2.55"", 0.7µm, PDAF, 3D sensor‑shift OIS, 4x optical zoom; 48 MP, f/2.2, 13mm, 120˚ (ultrawide), 1/2.55"", 0.7µm, PDAF TOF 3D LiDAR scanner (depth); Dual-LED dual-tone flash, HDR (photo/panorama); Video 4K@24/25/30/60/100/120fps, 1080p@25/30/60/120/240fps, 10-bit HDR, Dolby Vision HDR (up to 120fps), ProRes, ProRes RAW (up to 120fps), Apple Log 2, 3D (spatial) video/audio, stereo | Unknown Smarter Selfies With Center Stage: 18 MP multi-aspect, f/1.9, (wide), PDAF, OIS SL 3D, (depth/biometrics sensor) - endless framing options with center Stage front camera and Dual Capture support to capture moments from every angle; HDR, Dolby Vision HDR, 3D (spatial) audio, stereo sound rec, ProRes RAW, Apple Log 2; Video 4K@24/25/30/60fps, 1080p@25/30/60/120fps, gyro-EIS | Unknown Massive Battery For All Day Power: 5088 mAH battery with PD2.0 wired charging, offering ultimate performance—50% in 20 minutes, plus 25W MagSafe/Qi2 wireless charging (50% in 30 minutes), and up to 39 hours of video playback | Unknown Os: iOS 26 | Unknown Type: Bluetooth Speaker | Unknown Compatible With: Multi Devices | Unknown Water Resistance: IP67 waterproof | Unknown Frequency Response: 180Hz – 20kHz | Unknown Battery Charge Time: 2.5 hours | Unknown Music Play Time: up to 5 hours (dependent on volume level and audio content)"
e37aaa0dcf05,Apple,Apple iPhone 17 Pro,92400.0,118732.0,"[256.0, 512.0, 1024.0]",[12.0],['5G'],Smart Phones,True,"SIM Cards: Dual SIM | Connectivity: Bluetooth 6, USB Type-C 3.2 Gen 2 with DisplayPort, GPS , Wi-Fi for better and secure connectivity | Other Features: Face ID; IP68 water and dust resistance; Crash Detection for emergency assistance | Unknown A Display Built To Last: 6.3 inch, LTPO Super Retina XDR OLED, 120Hz (1206 x 2622 ); 1000 nits (typ), 1600 nits (HBM), 3000 nits (peak); Maximum durability with a heat-forged aluminum unibody,; Reinforced by Ceramic Shield 2 front for 3× scratch resistance and a durable Ceramic Shield back with 4× better crack protection | Unknown Exceptional Performance: Apple A19 Pro (3 nm), Hexa-core with vapor cooling for up to 40% better performance; Apple A19 Pro (3 nm), Hexa-core, with vapor cooling for up to 40% better performance | Unknown Flagship Main Camera System: 48 MP, f/1.6, 24mm (wide), 1/1.28"", 1.22µm, dual pixel PDAF, sensor-shift OIS, enhanced with 8× optical-quality zoom for a pro-level experience, like having 8 lenses in your pocket; 48 MP, f/2.8, 100mm (periscope telephoto), 1/2.55"", 0.7µm, PDAF, 3D sensor‑shift OIS, 4x optical zoom; 48 MP, f/2.2, 13mm, 120˚ (ultrawide), 1/2.55"", 0.7µm, PDAF TOF 3D LiDAR scanner (depth); Dual-LED dual-tone flash, HDR (photo/panorama); Video 4K@24/25/30/60/100/120fps, 1080p@25/30/60/120/240fps, 10-bit HDR, Dolby Vision HDR (up to 120fps), ProRes, ProRes RAW (up to 120fps), Apple Log 2, 3D (spatial) video/audio, stereo | Unknown Smarter Selfies With Center Stage: 18 MP multi-aspect, f/1.9, (wide), PDAF, OIS SL 3D, (depth/biometrics sensor)- endless framing options with Center Stage front camera and Dual Capture support to capture moments from every angle; HDR, Dolby Vision HDR, 3D (spatial) audio, stereo sound rec., ProRes RAW, Apple Log 2; Video 4K@24/25/30/60fps, 1080p@25/30/60/120fps, gyro-EIS | Unknown Massive Battery For All Day Power: 4252 mAh - eSIM only model Charging Wired, PD2.0, 50% in 20 min 25W wireless MagSafe/Qi2, 50% in 30 min (15W - China) 4.5W reverse wired"
e37df9589f45,Realme,Realme C30s,5595.0,5595.0,[64.0],[3.0],['4G'],Smart Phones,True,"Brand: Realme | Model: C30s | Display: 6.5 Inch, IPS LCD (720x1600) | Processor: Cortex-A55, Octa-core 1.6 GHz | Rear Camera: 8 MP, (wide), 1/4.0"", 1.12µm | Front Camera: 5 MP, (wide), 1/5.0"", 1.12µm | Battery: 5000 mAh, 10W | Connectivity: Wi-Fi 802.11 b/g/n, Bluetooth 4.2, A2DP; Positioning GPS, GLONASS, Micro USB 2.0, OTG | Other Features: LED flash, HDR, panorama; HDR | Video: 1080p@30fps; 720p@30fps"
e9a643c2231f,Vivo,Vivo Y73,9702.0,9702.0,[128.0],[8.0],['4G LTE'],Smart Phones,True,"Brand: Vivo | Model: Y73 | Display: 6.4-inch AMOLED (1080×2400) touchscreen | Processor: Mediatek Helio G95 octa-core processor | Rear Camera: 64 MP, f/1.8, 26mm (wide); 2 MP, f/2.4, (macro); 2 MP, f/2.4, (depth) | Front Camera: 16 MP, f/2.0, (wide) | Battery: 4000mAh with 33W fast charge | Connectivity: Wi-Fi, Bluetooth 5.0, GPS, Type-C USB 2.0, under-display fingerprint"
eb094a9f4554,Honor,Honor X6c,7614.0,10029.0,"[128.0, 256.0]",[6.0],['4G LTE'],Smart Phones,True,"Brand: Honor | Model: X6c | Display: 6.61 Inch, TFT LCD, 120Hz, 1010 nits; 720 x 1604 | Processor: Mediatek Helio G81 Ultra (12 nm)- Octa core | Rear Camera: Dual Camera; 50 MP, f/1.8, (wide), PDAF; QVGA, (depth); LED flash, HDR, panorama; Video 1080p@30fps | Front Camera: 5 MP, f/2.2, (wide); Video 1080p@30fps | Battery: 5300 mAh, 35W wired | SIM Cards: 2 | Connectivity: Wi-Fi; Bluetooth 5.1; Positioning GPS; USB Type-C 2.0, OTG; Other Features; Fingerprint (side-mounted); IP64 dust tight and water resistant"
eba210c3583a,Nokia,Nokia 105 2023 Dual-SIM,1044.0,1044.0,[],[],[],Feature Phones,True,Brand: Nokia | Model: 105 (2023) | Display: 1.8 Inch (120 x 160) TFT LCD Display | Rear Camera: Not Available | Battery: 1000 mAh Li-ion Battery | Connectivity: Wireless FM radio & microUSB 1.1
ed716e8147d7,Oppo,Oppo Reno 14F,24222.0,24222.0,[256.0],[12.0],['5G'],Smart Phones,True,"Brand: Oppo | Model: Reno 14F | Display: 6.57 Inch, AMOLED, 397 PPI, 120 Hz | Processor: Qualcomm Snapdragon 6 Gen 1 Mobile Platform, Octa core | Rear Camera: Triple Camera; 50 MP wide-angle, f/1.8, 79° FOV, 5P lens, autofocus; 8 MP ultra-wide, f/2.2, 112° FOV, 5P lens; 2 MP macro, f/2.4, 89° FOV, 3P lens; Up to 4K 30fps, Dual-view video shooting | Front Camera: 32 MP, f/2.0, 90° FOV, 5P lens, autofocus; Up to 1080P 30fps, Dual-view video shooting; Support TIME-LAPSE 1080P 30fps | Battery: 6000 mAh, Fast Charging 45 Watt SUPERVOOC | SIM Cards: Dual SIM | Connectivity: Wi-Fi 5 (802.11ac), 802.11b/g/a/n; Bluetooth 5.1, USB Type-C | Other Features: Fingerprint, Facial recognition.; IP69 water and dust resistance.; AI Editor 2.0, AI Ultra-thin Dual-Drive Cooling System. | Unknown Touch Sampling Rate: up to 240 Hz | Unknown Brightness: 600 nits, 1400 nits (HBM) | Unknown Earphone Jack: Type-C; Beidou, GPS, GLONASS, Galileo, QZSS | Unknown Resolution: 2372 × 1080"
f0f6f83d5554,Xiaomi,Xiaomi Redmi 15,9754.0,11502.0,"[128.0, 256.0]","[6.0, 8.0]",['4G'],Smart Phones,True,"Brand: Xiaomi | Model: Redmi 15 | Display: 6.9 Inch; IPS LCD, 144Hz, 600 nits (typ); 700 nits (HBM), 850 nits (peak); 1080 x 2340 pixels; Corning Gorilla Glass 3, Mohs level 6 | Processor: Qualcomm SM6375 Snapdragon 6s Gen 3 (6 nm), Octa-core; Qualcomm SM6225 Snapdragon 685 (6 nm) | Rear Camera: Dual Camera; 50 MP, f/1.8, (wide), 1/2.88"" 0.61μm, PDAF; Auxiliary lens; 50 MP, f/1.8, (wide), 1/2.88"" 0.61μm, PDAF LED flash, HDR | Front Camera: 8 MP, f/2.0, (wide) | Battery: 7000 mAh; 33W wired; 18W reverse wired | SIM Cards: Dual SIM | Connectivity: Wi-Fi 802.11 a/b/g/n/ac, dual-band; Wi-Fi Direct; Bluetooth 5.1, A2DP, LE, aptX; GPS, GLONASS, GALILEO, BDS; Infrared port; USB Type-C 2.0, OTG; Wi-Fi; Bluetooth 5.0; GPS; USB Type-C 2.0 | Other Features: LED flash, HDR; HDR; IP64 dust-tight and water-resistant (water splashes); Fingerprint (side-mounted), accelerometer, compass | Video: 1080p@30fps | Unknown Card Slot: microSDXC; Loudspeaker; 24-bit/192kHz Hi-Res audio; Fingerprint (side-mounted), accelerometer, compass; Virtual proximity sensing"
f216375d393a,Samsung,Samsung Galaxy A27,18999.0,19222.0,[256.0],[8.0],['5G'],Smart Phones,True,"Brand: Samsung | Model: Galaxy A27 | Display: 6.7-inch, Super AMOLED, 120Hz, (1080 x 2340) | Processor: Qualcomm SM6475-AB Snapdragon 6 Gen 3 (4 nm)-Octa Core | Rear Camera: 50 MP, f/1.8, (wide), 1/2.76"", 0.64µm, PDAF, OIS; 5 MP, f/2.2, (ultrawide), 1/5.0"", 1.12µm; 2 MP (macro); LED flash, panorama, HDR | Front Camera: 12 MP, f/2.2, (wide); Video 1080p@30fps | Battery: 5000 mAh, 25W wired, 45% in 30 min | SIM Cards: 2 | Connectivity: Bluetooth 5.1; Wi-Fi; GPS; USB Type-C 2.0, OTG | Operating System: Android 16 | Other Features: Fingerprint (side-mounted), accelerometer, gyro, compass; IP64 dust tight and water resistant (water splashes) | Video: 4K@30fps, 1080p@30fps, 720p@480fps, gyro-EIS"
f66f2e348d2e,Samsung,Samsung Galaxy M55,16999.0,16999.0,[256.0],[8.0],['5G'],Smart Phones,True,"Brand: Samsung | Model: Galaxy M55 | Display: 6.7 Inch, Super AMOLED+, 120Hz, 1000 nits (HBM); Always-on display; 1080 × 2400 | Processor: Qualcomm SM7450-AB Snapdragon 7 Gen 1 (4 nm), Octa-core | Rear Camera: Triple Camera; 50 MP, f/1.8, (wide), 1/1.56"", 1.0µm, PDAF, OIS; 8 MP, f/2.2, 123˚ (ultrawide); 2 MP, f/2.4, (macro) | Front Camera: 50 MP, f/2.4, (wide) | SIM Cards: Dual SIM | Connectivity: Wi-Fi 802.11 a/b/g/n/ac/6, dual-band, Wi-Fi Direct; Bluetooth 5.2, A2DP, LE; GPS, GALILEO, GLONASS, BDS, QZSS; USB Type-C 2.0, OTG | Other Features: Stereo speakers; Fingerprint (under display, optical), accelerometer; Gyro, proximity, compass | Unknown Video: 4K@30fps, 1080p@30/60fps, gyro-EIS, OIS; 4K@30fps, 1080p@30/60fps | Unknown Features: LED flash, panorama, HDR | Unknown Battery Capacity: 5000 mAh, 45W Fast Charging"
f6700577880e,Xiaomi,Xiaomi POCO C85,8549.0,8555.0,[256.0],[8.0],['4G'],Smart Phones,True,"Brand: Xiaomi | Model: POCO C85 | Display: 6.9-inch IPS LCD display; Resolution 1600x720; Refresh rate Up to 120Hz; Brightness 660 nits (typ), 810 nits HBM | Processor: MediaTek Helio G81-Ultra - Octa-core | Rear Camera: 50MP main camera, 5P lens, f/1.8, Auxiliary lens, Film Camera; HDR mode, Night mode, Portrait mode, Time-lapse; Video recording 1080p (1920x1080) HD video recording at 30 fps, 720p (1280x720) HD video recording at 30 fps | Front Camera: 8MP front camera, f/2.0, Film Camera; HDR mode, Soft-light ring, Portrait mode, Time-lapse, Night mode; Video recording1080p (1920x1080) HD video recording at 30 fps, 720p (1280x720) HD video recording at 30 fps | Battery: 6000mAh, Supports 33W fast charging | SIM Cards: 2 | Connectivity: Wi-Fi, Bluetooth 5.4, GPS, USB Type-C, 3.5mm headphone jack | Other Features: IP64 resistant to splash and dust; Virtual proximity, Ambient light, Accelerometer, Electronic compass sensors; Side fingerprint sensor, and AI face unlock"
f6e8e16dcd6d,HMD,HMD Arc,9999.0,9999.0,[64.0],[4.0],[],Smart Phones,True,"Brand: HMD | Model: Arc | Display: 6.52-inch ( 576 x 1280); IPS LCD, 460 nits (peak) | Processor: Unisoc SC9863A (28 nm)- Octa Core | Rear Camera: 13 MP, (wide), AF, LED flash, panorama | Front Camera: 5 MP | Battery: 5000 mAh 10 Watt wired | SIM Cards: 1 | Connectivity: Wi-Fi; Bluetooth 5.2; GPS; FM radio; USB Type-C | Other Features: Fingerprint (side-mounted), accelerometer, proximity"
f792646a170c,Nokia,Nokia 5310,882.0,882.0,[],[],[],Feature Phones,True,"Brand: Nokia | Model: 5310 | Display: 2.4-inch (240x320) TFT Display | Processor: MediaTek MT6260A | Rear Camera: VGA Rear Camera | Battery: 1200mAh | Connectivity: Bluetooth, Micro USB 1.1, FM Radio | Memory: 16MB Internal Storage, 8MB RAM"
f7a971278184,Techno,Techno Spark 30,9999.0,9999.0,[256.0],[8.0],['4G LTE'],Smart Phones,True,"Brand: Tecno | Model: Spark 30; Display; 6.78 inch, IPS LCD, 90Hz, 800 nits; 1080 x 2460; KL6 | Processor: Mediatek Helio G91 (12 nm); Rear Camera; 64 MP, (wide), 1/1.73"", 0.8µm, PDAF, Auxiliary lens; Quad-LED flash, HDR; Video 1440p\@30fps, 1080p\@30fps; Front Camera; 13 MP, (wide); Dual-LED dual-tone flash; Video 1080p\@30fps | Battery: 5000 mAh, 18W wired | SIM Cards: 2; Connectivity; Wi-Fi; Bluetooth; Positioning GPS; USB Type-C; Other Features; Fingerprint (side-mounted)"
fc06148e46a3,Xiaomi,Xiaomi Redmi Note 14 Pro,15888.0,18852.0,"[256.0, 512.0]","[8.0, 12.0]",['4G LTE'],Smart Phones,True,"Brand: Xiaomi | Model: Redmi Note 14 Pro; Display; 6.67 Inch, AMOLED, 68B colors, 120Hz, HDR10+; Dolby Vision, 1800 nits (p2712eak); Corning Gorilla Glas2712s Victus 2, Always-on display; (1220 x 2712); Processor; Mediatek Helio G100 Ultra (6 nm) - Octa Core; Rear Camera; Triple Camera; 200 MP, f/1.7, 23mm (wide), 1/1.4"", 0.56µm, multi-directional PDAF, OIS; 8 MP, f/2.2, 15mm, 120˚ (ultrawide), 1/4.0"", 1.12µm; 2 MP, f/2.4, (macro) | Battery: 5500 mAh, 45W | SIM Cards: Dual SIM; Connectivity; Wi-Fi 802.11 a/b/g/n/ac/6, dual-band, Wi-Fi Direct; Bluetooth 5.3, A2DP, LE; Positioning GPS, GALILEO, GLONASS, QZSS, BDS; Infrared port; USB Type-C 2.0, OTG; Other Features; IP64 dust tight and water resistant (immersible up to 1.5m for 30 min); Stereo speakers (with Dolby Atmos); Fingerprint (under display, optical), accelerometer, gyro, compass, proximity | Other Features: LED flash, HDR, panorama; HDR, panorama | Video: 4K@24/30fps, 1080p@30/60/120fps, gyro-EIS, OIS; Front Camera; 32 MP, f/2.2, 25mm (wide), 1/4.0"", 0.7µm; 1080p@30/60fps"
fcf48bd90418,Samsung,Samsung Galaxy A57,26999.0,33500.0,"[256.0, 512.0]","[8.0, 12.0]",['5G'],Smart Phones,True,"Brand: Samsung | Model: Galaxy A57 | Display: 6.7 inch, Super AMOLED Plus; 1080 x 2340‎ (FHD+), 120 Hz‎ | Processor: Exynos 1680, Eight-core | Rear Camera: 3 Rear Cameras; ‎50.0 MP +12.0 MP + 5.0 MP‎; With Optical Image Stabilizer and Autofocus | Front Camera: 12.0 MP; supports Digital zoom up to 10x | Battery: 5000 mAh Up to 29 hours of Video Playback Time; Fast charging 45 watts | SIM Cards: 2 | Connectivity: USB Type-C; Bluetooth v6.0; Wi-Fi 802.11a/b/g/n/ac/ax 2.4GHz+5GHz+6GHz, HE80, MIMO, 1024-QAM; Switch (PC version); GPS, Glonass, Beidou, Galileo, QZSS | Operating System: Android 16 | Other Features: Fingerprint Sensor; Accelerometer, Gyro Sensor; Ground Magnetism Sensor; Light Sensor, Proximity Sensor | Unknown Speed: 2.9 GHz, 2.6 GHz, 1.9 GHz | Unknown Video Recording Resolution: UHD 4K(3840×2160) at 30 fps"
fd26c5a78208,Samsung,Samsung Galaxy S26,49500.0,49940.0,[256.0],[12.0],['5G'],Smart Phones,True,"Brand: Samsung | Model: Galaxy S26 | Display: 6.3-inch Full HD+ Dynamic AMOLED 2X; 120Hz Refresh Rate, (2340 x 1080) | Processor: Snapdragon 8 Elite Gen 5-Deca-Core | Rear Camera: Triple Camera ( 50.0 MP + 10.0 MP + 12.0 MP ); F1.8 , F2.4 , F2.2; Auto Focus, OIS; Optical Zoom 3x, Optical quality Zoom 2x (Enabled by Adaptive Pixel sensor) , Digital Zoom up to 30x; UHD 8K (7680 x 4320)@30fps; 240fps @FHD, 120fps @FHD, 120fps @UHD Slow Motion | Front Camera: 12MP, F2.2 | Battery: 4300 mAh, Supports 25W Fast Charging; Up to 30 Hours Video Playback Time | SIM Cards: Dual SIM | Connectivity: USB Type-C 3.2 Gen 1; GPS; Wifi; Bluetooth 5.4 | Operating System: Android 16 | Other Features: Accelerometer, Barometer, Fingerprint Sensor, Gyro Sensor; Geomagnetic Sensor, Hall Sensor, Light Sensor, Proximity Sensor"
fd841784e0ea,Nothing,Nothing Phone 3A,24625.0,24999.0,[256.0],[12.0],['5G'],Smart Phones,True,"Brand: Nothing | Model: Phone 3A; Display; 6.77 Inches AMOLED display; 1B colors, 120Hz, 2160Hz PWM, HDR10+; 800 nits (typ), 1300 nits (HBM), 3000 nits (peak); Resolution 1080 x 2392 pixels; Ultra HDR image support | Processor: Qualcomm SM7635 Snapdragon 7s Gen 3 (4 nm) - Octa Core; Rear Camera; Triple Camera; 50 MP, f/1.9, 24mm (wide), 1/1.57"", 1.0µm, dual pixel PDAF, OIS; 50 MP, f/2.0, 50mm (telephoto), 1/2.74"", 0.64µm, PDAF (25cm - ∞), 2x optical zoom; 8 MP, f/2.2, 15mm, 120˚ (ultrawide), 1/4.0"", 1.12µm | SIM Cards: Dual SIM; Connectivity; Wi-Fi, Bluetooth 5.4, USB-C 2.0, OTG | Other Features: LED flash, panorama, HDR | Video: 4K@30fps, 1080p@30/60/120fps, gyro-EIS, OIS; Front Camera; 32 MP, f/2.2, 22mm (wide), 1/3.44""; 1080p@30fps; Battery; 5000 mAh Battery capacity | Unknown Charging: 50 watts wired, 50% in 19 min, 100% in 56 min | Unknown Positioning: GPS, GALILEO, GLONASS, BDS, QZSS; Other Features; Fingerprint (under display, optical), accelerometer, gyro, proximity, compass sensors; IP64 Dust tight and water resistant; 3 LED light strips on the back; With stereo speakers"
fefcd6d5b829,Infinix,Infinix Hot 60i,7840.0,9102.0,"[128.0, 256.0]","[6.0, 8.0]",['4G'],Smart Phones,True,"Brand: Infinix | Model: Hot 60i | Processor: Mediatek Helio G81 Ultimate (12 nm), Octa-core | Rear Camera: 50 MP, (wide), AF; Auxiliary lens | Front Camera: 8 MP, (wide), Video | Battery: 5160 mAh; 45W wired, 50% in 24 min; 10W reverse wired, Bypass charging | SIM Cards: Dual SIM | Connectivity: Wi-Fi 802.11 a/b/g/n/ac, dual-band; Bluetooth 5.3, A2DP, LE; Positioning GPS; FM radio; USB Type-C 2.0, OTG | Other Features: Dual-LED flash, HDR, panorama; IP64 dust tight and water resistant (water splashes); Drop resistant up to 1.5m; Stereo speakers; Fingerprint (side-mounted); Accelerometer, gyro, proximity, compass | Video: 1440p@30fps | Unknown Type: IPS LCD, 120Hz, 700 nits (HBM); 6.7 inches, 720 x 1600 pixels"
ff6cdbf6ceb8,Samsung,Samsung Galaxy A16,7777.0,8702.0,[128.0],[4.0],['4G LTE'],Smart Phones,True,"Brand: Samsung | Model: Galaxy A16 | Display: 6.7 inch, Super AMOLED, 90Hz ( 1080 x 2340 ) | Processor: Mediatek Helio G99 (6 nm)- Octa Core | Rear Camera: 50 MP, f/1.8, (wide), AF: 5 MP, f/2.2, (ultrawide): 2 MP, f/2.4, (macro) | Front Camera: 13 MP, f/2.0, (wide) | Battery: 5000 mAh, 25 Watt wired charging | SIM Cards: 2 | Connectivity: Wi-Fi, Bluetooth 5.3, GPS, USB Type-C 2.0, Fingerprint"
